,Unnamed: 0,Number of Tricycles,Number of Sectors,Intersection Algorithm,Number of Passengers,Total Trips Completed,Completion Rate,Average Wait Time,Average Travel Time,Total Distance,Productive Distance,Efficiency Percentage,Seed
0,0,10,4,smart,556,400,71.94244604316546,647.8475,132.1925,381.960212327299,234.97667195195908,61.518625335407776,
1,1,20,6,smart,547,455,83.18098720292505,342.84615384615387,123.85054945054944,758.7238755818378,273.2720069489377,36.0173201007251,
2,2,10,4,basic,556,383,68.88489208633094,608.1827676240209,128.5639686684073,381.5405111918685,216.5920799109585,56.76778049973284,
3,3,5,8,basic,561,289,51.51515151515152,820.076124567474,117.0553633217993,191.09017480133824,138.61414924104372,72.53860612412448,
4,4,20,8,smart,563,465,82.59325044404974,362.4559139784946,125.53333333333332,758.778307220571,287.7797163286736,37.92671898895209,
5,5,5,4,basic,558,269,48.2078853046595,1015.1598513011152,155.77695167286245,191.5204556761233,150.7372829066064,78.70557866754213,
6,6,15,6,basic,544,410,75.36764705882352,403.1,121.77317073170732,569.1781758382654,237.63460128802964,41.75047663028363,
7,7,20,6,basic,542,429,79.15129151291514,405.8508158508159,123.6969696969697,757.9322366228184,259.1936374767956,34.19746844806419,
8,8,15,4,basic,561,431,76.8270944741533,466.1276102088167,131.80046403712296,570.9051945969949,267.73643692403624,46.89682971146073,
9,9,5,6,smart,553,289,52.26039783001808,913.484429065744,125.58131487889273,191.5212123068181,145.64546103488993,76.04664740820722,
10,10,15,8,basic,559,425,76.02862254025044,438.1411764705882,115.83764705882352,569.2571282636294,240.4990357229995,42.24787425263855,
11,11,15,8,smart,564,443,78.54609929078015,447.3950338600452,130.45146726862302,570.4773632042718,262.1777926858335,45.95761542810859,
12,12,10,8,smart,561,397,70.76648841354724,646.2594458438288,116.02770780856424,380.9678252138322,210.73985084643397,55.31696823167375,
13,13,20,6,smart,546,462,84.61538461538461,333.8939393939394,127.93290043290044,758.6975422249974,287.5739534771405,37.90363583277015,
14,14,10,8,basic,565,391,69.20353982300885,569.4603580562659,119.98209718670076,380.85755426317775,209.6749668054277,55.05338267769777,
15,15,10,8,basic,558,363,65.05376344086021,583.6225895316804,118.67768595041322,381.2028376741099,205.519782296358,53.91349748347276,
16,16,10,8,smart,558,390,69.89247311827957,538.6769230769231,119.44615384615383,381.21706414342873,214.5631278822188,56.283715516336855,
17,17,20,8,basic,557,441,79.17414721723519,357.8979591836735,118.5374149659864,757.6970514452611,263.8205686660317,34.81874030825512,
18,18,10,6,smart,546,367,67.21611721611723,616.9264305177112,119.97820163487738,381.4432763959023,210.83574152244617,55.27315712955928,
19,19,10,4,smart,558,358,64.15770609318996,573.7011173184358,128.3072625698324,381.3111413221525,209.1244499658152,54.84351945256575,
20,20,20,4,smart,556,481,86.51079136690647,341.4553014553015,132.68191268191268,759.6967436166592,309.3421646296636,40.71916422294905,
21,21,20,6,basic,547,446,81.53564899451554,378.7354260089686,125.43273542600896,758.3161930254049,272.34400159500683,35.91430647266725,
22,22,15,8,basic,559,433,77.4597495527728,398.0646651270208,117.20785219399538,569.7347190390143,242.8428791797137,42.6238512529696,
23,23,20,4,smart,557,480,86.17594254937163,403.33125,129.30625,759.7083390747772,306.8565717608916,40.391365472518274,
24,24,15,6,basic,542,423,78.04428044280442,432.1158392434989,121.00236406619383,569.714027584845,237.92136679417237,41.76154268182203,
25,25,10,4,smart,558,377,67.56272401433692,696.5066312997347,127.80106100795756,381.6844622231323,221.0317089730529,57.90953807384436,
26,26,5,8,basic,564,267,47.340425531914896,813.2471910112359,123.08988764044943,191.3897025688161,138.8830845881695,72.56559925852474,
27,27,10,4,basic,555,371,66.84684684684684,631.9730458221024,117.86253369272237,380.9321731797017,207.1214188979308,54.372256658988725,
28,28,15,6,smart,539,417,77.36549165120594,423.06235011990407,128.3501199040767,570.2299149235212,258.63726732417985,45.3566641376344,
29,29,5,4,basic,558,287,51.4336917562724,913.9895470383276,124.8048780487805,191.02098582596645,139.24326448611708,72.89422357655377,
30,30,10,8,basic,561,378,67.37967914438502,544.7460317460317,115.3915343915344,380.8271409446268,206.83902943962937,54.3131009325053,
31,31,10,4,basic,557,348,62.47755834829444,597.8908045977012,120.86206896551724,381.19223235602976,200.4887629413834,52.59518582060952,
32,32,20,6,basic,542,429,79.15129151291514,321.8484848484849,120.81351981351982,757.5374076588998,258.1466355575536,34.07708093984853,
33,33,10,8,basic,559,378,67.62075134168157,462.1216931216931,116.44708994708996,381.2701885356468,210.41065666631863,55.18675810307847,
34,34,20,6,smart,548,447,81.56934306569343,352.2863534675615,122.49217002237135,758.4351842753467,267.7130524584582,35.29807925699636,
35,35,10,8,basic,558,385,68.99641577060932,547.5792207792208,121.10909090909092,381.11306927360175,215.83555722572785,56.63294560774538,
36,36,10,8,basic,559,378,67.62075134168157,526.0873015873016,118.71164021164022,381.24034498876574,212.28296105106207,55.68218679933194,
37,37,10,6,smart,542,358,66.05166051660517,610.108938547486,117.1145251396648,380.9819586557938,201.2148969521347,52.81480983038532,
38,38,20,4,basic,555,446,80.36036036036036,351.7152466367713,128.34977578475338,758.7353956237358,282.1604951341324,37.18826046097084,
39,39,5,4,basic,554,272,49.09747292418773,1069.2904411764705,118.47058823529412,191.0298114706937,137.043678056724,71.73941962338594,
40,40,5,4,basic,559,284,50.80500894454383,996.2535211267606,125.61267605633805,191.23835666511775,141.91310678892447,74.20744941739487,
41,41,5,6,smart,543,257,47.32965009208103,987.1284046692608,130.31906614785993,191.42044689500372,135.5665270324114,70.82134078747146,
42,42,15,8,smart,559,446,79.78533094812164,415.5829596412556,121.12107623318386,570.3222435991742,253.95252051900624,44.52790038774738,
43,43,15,4,smart,556,448,80.57553956834532,491.16517857142856,127.95982142857144,571.4174196886074,276.4933121176647,48.38727392460997,
44,44,10,6,smart,543,388,71.45488029465929,754.5747422680413,126.43041237113404,381.6048162599132,224.3643648499533,58.79495103047585,
45,45,5,8,smart,559,264,47.227191413237925,933.2159090909092,118.12121212121212,191.30503699130517,138.95513883653084,72.63537908980743,
46,46,20,8,smart,561,465,82.88770053475936,377.6322580645161,122.65591397849462,758.7115060730158,279.8523616328763,36.885213864931714,
47,47,5,4,smart,562,282,50.1779359430605,983.163120567376,127.20921985815605,191.59245746679167,145.6140680827515,76.001983589563,
48,48,20,6,basic,541,445,82.2550831792976,376.4629213483146,127.58426966292134,757.9327270327673,273.4056511478003,36.07254857804555,
49,49,20,8,basic,559,445,79.60644007155635,392.7370786516854,119.6494382022472,757.831474564827,259.6486875684027,34.262061722561995,
50,50,5,8,smart,561,292,52.04991087344028,1102.2431506849316,119.1609589041096,191.39571172535383,144.66214157863823,75.58274962096505,
51,51,10,6,basic,546,360,65.93406593406593,681.0388888888889,121.19444444444444,381.1218581740017,209.40694087247212,54.944878227600135,
52,52,15,8,basic,566,434,76.67844522968198,412.0,120.75806451612904,569.2684863888566,250.82833962472083,44.06151853158875,
53,53,15,6,smart,542,418,77.12177121771218,441.7248803827751,125.97368421052632,570.3161080060266,253.4159016931973,44.43428795641161,
54,54,15,4,basic,556,415,74.64028776978418,431.1590361445783,127.89397590361446,569.7059769902257,248.52460381076304,43.62330989113476,
55,55,20,4,smart,559,470,84.07871198568873,338.1127659574468,129.17659574468084,758.5287564288144,299.45237169568225,39.47805131416728,
56,56,5,8,smart,558,288,51.61290322580645,1076.84375,123.45833333333331,191.38836165792847,141.82483997583958,74.10316842009725,
57,57,15,4,basic,554,422,76.17328519855594,509.6469194312796,132.47156398104266,570.4650343910415,261.90642069371233,45.91103834668701,
58,58,20,4,smart,558,458,82.07885304659499,366.646288209607,136.96724890829694,760.1115237713931,308.7578875408162,40.62007717089637,
59,59,15,8,basic,557,398,71.45421903052065,352.2185929648241,119.54020100502512,569.36399714582,235.75984303732344,41.4075783188207,
60,60,15,4,smart,556,449,80.75539568345323,464.3184855233853,130.29398663697106,570.8829371771134,273.709207121178,47.94489190281425,
61,61,15,4,smart,554,423,76.3537906137184,516.371158392435,127.5035460992908,570.512443015662,256.99030911341623,45.04552218966435,
62,62,5,6,smart,546,265,48.53479853479853,1038.120754716981,133.61132075471698,191.14383130354,133.3428621671075,69.76048416407254,
63,63,15,6,smart,548,415,75.72992700729927,501.6771084337349,122.42650602409638,569.5938179454243,237.6522373361008,41.72310686118989,
64,64,5,4,basic,557,261,46.85816876122082,1021.2835249042146,118.86973180076627,191.42061044127,141.04122701351474,73.68131712064925,
65,65,5,6,smart,546,266,48.71794871794872,1107.5225563909771,129.75187969924812,191.23560791298004,135.44608015521064,70.82680973139902,
66,66,10,6,basic,542,353,65.12915129151291,608.4249291784703,113.38810198300284,380.97645706181385,197.0326978888968,51.71781464095248,
67,67,5,4,basic,560,262,46.785714285714285,1068.6603053435117,124.18702290076337,191.2049241248812,139.63098585572286,73.02687757378361,
68,68,10,8,basic,556,376,67.62589928057554,585.0265957446809,119.17287234042551,380.84924012947135,203.62855550762515,53.46697171783794,
69,69,5,8,basic,561,274,48.84135472370767,1035.9379562043796,120.26642335766424,190.91557500613408,137.85307525773217,72.20630126866443,
70,70,20,4,basic,556,464,83.45323741007195,360.5560344827586,127.71336206896552,759.1305105475257,290.6357554989899,38.28534770514859,
71,71,15,8,basic,562,429,76.33451957295374,412.13519813519815,115.97902097902096,569.875927041702,247.09150695382695,43.358825180861785,
72,72,15,6,smart,542,412,76.01476014760148,532.8640776699029,125.58009708737865,570.4070756497036,248.46295729539403,43.558884155213256,
73,73,15,6,basic,547,407,74.40585009140767,473.95331695331697,128.34889434889436,569.6122268795954,242.74428499686456,42.61570829099774,
74,74,5,8,smart,562,284,50.5338078291815,901.06338028169,119.73239436619718,191.2962243973569,140.772298534161,73.58864451069952,
75,75,10,6,smart,547,380,69.46983546617916,673.1605263157895,125.6842105263158,381.6732332727673,219.8660491976444,57.6058340042186,
76,76,10,6,smart,543,358,65.93001841620627,700.0279329608938,124.65083798882682,381.326695202265,210.9551884583161,55.32137957097923,
77,77,15,6,basic,540,402,74.44444444444444,453.681592039801,125.03731343283582,570.0985206398315,235.3657941045802,41.2851087282993,
78,78,10,6,smart,543,351,64.64088397790056,606.1367521367522,116.96581196581197,381.0358479680881,197.67145194748903,51.87738975258939,
79,79,20,4,smart,555,466,83.96396396396396,329.912017167382,130.69957081545064,759.5409059823257,299.4007242943645,39.41864380656958,
80,80,5,4,basic,559,285,50.98389982110913,975.9508771929824,122.40350877192982,191.45573580259773,143.02689477090894,74.70494115589109,
81,81,10,8,smart,560,396,70.71428571428572,557.1515151515151,116.34343434343434,381.3617450228738,212.12186854543407,55.62221992998042,
82,82,20,6,smart,549,446,81.23861566484517,317.63004484304935,129.31838565022423,759.12252812017,291.1852077550397,38.3581302054238,
83,83,20,6,smart,546,438,80.21978021978022,336.27853881278537,127.9109589041096,758.432292477374,277.86450410915745,36.636692143148274,
84,84,5,4,basic,562,278,49.46619217081851,922.5647482014388,125.41007194244604,191.48180872502616,143.92034101405966,75.16136492147604,
85,85,15,8,basic,557,407,73.07001795332137,441.56511056511056,112.5036855036855,569.1854136119999,227.10110402400656,39.89931902556026,
86,86,20,8,basic,559,451,80.67978533094812,343.0931263858093,128.99778270509978,757.6349153101656,280.35609984908507,37.0041155949513,
87,87,15,6,smart,542,422,77.85977859778598,455.2962085308057,128.6990521327014,569.8572307274134,252.2569746636768,44.26669717635678,
88,88,20,4,smart,555,458,82.52252252252252,311.88646288209605,130.56331877729258,759.2966159453653,293.3585719377781,38.63556952279195,
89,89,20,8,basic,556,466,83.81294964028777,328.7703862660944,126.43991416309012,758.3482732240151,282.7801098215149,37.288950183708266,
90,90,5,4,basic,555,270,48.64864864864865,1001.8296296296296,126.97777777777776,191.1810122068967,138.09887168159986,72.2346168625516,
91,91,15,4,basic,556,411,73.92086330935251,405.05109489051097,122.91240875912408,569.8616845081473,246.73334388183156,43.29705796851201,
92,92,20,6,basic,543,440,81.03130755064457,359.675,128.69545454545454,758.4814462728152,274.5267841656937,36.194264937490665,
93,93,20,4,smart,563,477,84.7246891651865,330.6792452830189,133.51572327044025,760.0472328599942,305.0512444951629,40.13582726264006,
94,94,10,4,basic,555,368,66.30630630630631,563.8233695652174,119.8070652173913,381.18776781618834,205.80959011767317,53.99165647333051,
95,95,15,4,smart,554,417,75.27075812274369,458.5635491606714,126.10071942446044,571.0605346610416,256.8187864925926,44.97225266057474,
96,96,15,8,smart,561,430,76.6488413547237,404.2093023255814,127.4860465116279,570.6075629812561,267.9174422818088,46.95301283460374,
97,97,20,4,basic,562,467,83.09608540925268,351.4004282655246,128.28907922912205,758.9330687966249,297.03439942062056,39.138418344532354,
98,98,5,8,basic,560,278,49.642857142857146,916.0143884892086,124.62589928057554,191.15138674295636,135.04067844063567,70.64593186667622,
99,99,5,6,basic,546,261,47.8021978021978,981.992337164751,115.65517241379312,191.0369249384948,131.20020330265876,68.67792880611918,
100,100,10,6,smart,544,385,70.77205882352942,638.5870129870129,131.15324675324675,382.0852148201315,229.29971738804767,60.01271666478686,
101,101,15,4,smart,559,438,78.35420393559929,486.77853881278537,128.3584474885845,570.4767766524934,265.6637409428385,46.568721430121926,
102,102,15,8,basic,553,431,77.9385171790235,389.6218097447796,116.0092807424594,570.0491353069351,245.3729743344237,43.0441797271223,
103,103,15,6,smart,544,417,76.65441176470588,488.51079136690646,131.01199040767386,570.9337085428632,259.60778396117496,45.47074031129566,
104,104,20,6,basic,546,422,77.2893772893773,344.2867298578199,128.21090047393366,757.6767905101559,265.41670833340874,35.030333733028755,
105,105,10,6,basic,550,380,69.0909090909091,606.2236842105264,122.90263157894736,380.86657196658433,210.5399259498,55.27918211952503,
106,106,10,6,smart,548,369,67.33576642335767,644.189701897019,120.37127371273712,380.43630080218674,193.24599040642,50.79588619670157,
107,107,5,4,basic,554,243,43.86281588447653,1021.2921810699588,120.06584362139918,191.18979967566156,129.3338835942899,67.64685344808909,
108,108,10,6,basic,547,369,67.45886654478977,552.7262872628726,130.52574525745257,381.719391940844,220.64544511702985,57.80304846320824,
109,109,10,6,basic,546,370,67.76556776556777,680.2810810810811,123.07297297297298,381.3267738028523,210.41313139510737,55.17921789144864,
110,110,5,4,basic,561,286,50.98039215686274,1015.7377622377622,131.04195804195805,191.60470661084,150.37969608985034,78.48434349542364,
111,111,10,8,basic,561,374,66.66666666666666,475.6657754010696,109.97326203208556,380.50895830623136,196.21532203914035,51.56654469123626,
112,112,10,8,smart,564,396,70.2127659574468,509.050505050505,122.37878787878788,381.70496720218216,222.29350632882856,58.23699596004569,
113,113,5,4,basic,555,280,50.45045045045045,1036.0,117.12142857142857,191.282847662655,140.82466281607,73.62116600461079,
114,114,5,8,smart,559,279,49.91055456171736,946.6236559139784,126.59498207885304,191.50081669076243,148.68824152042546,77.64365922288927,
115,115,5,6,smart,540,275,50.92592592592593,964.9090909090908,120.89090909090908,191.2980615806837,141.63976915436993,74.04140323430855,
116,116,20,4,basic,556,446,80.2158273381295,429.1121076233184,128.3340807174888,758.1663085210943,276.0112761603888,36.405109678216384,
117,117,10,8,smart,559,397,71.01967799642217,605.88161209068,111.11586901763224,381.0072468299565,211.28203957717503,55.45354880650608,
118,118,20,6,basic,544,432,79.41176470588235,376.7986111111111,123.23611111111111,757.8124399736527,261.9770258530378,34.57016697458095,
119,119,5,8,basic,559,291,52.05724508050089,928.8865979381444,109.6975945017182,191.16322153022776,138.884372417742,72.6522451892143,
120,120,15,8,smart,563,439,77.97513321492006,430.6719817767654,122.1116173120729,570.2143768617142,259.96172290598696,45.59017335492958,
121,121,10,8,smart,557,394,70.73608617594255,616.7842639593908,119.71573604060912,381.2515596128092,213.96011595190373,56.12045657444576,
122,122,5,6,smart,540,261,48.333333333333336,969.360153256705,119.1072796934866,191.38017940785895,130.55363685850114,68.2169058794079,
123,123,15,8,smart,561,433,77.18360071301248,384.080831408776,124.445727482679,570.3540555404085,260.2713721359392,45.6332991073997,
124,124,15,4,smart,559,440,78.71198568872988,445.29545454545456,129.61818181818182,570.9112397755457,275.755210441041,48.3008900909806,
125,125,10,4,basic,558,363,65.05376344086021,619.8099173553719,134.25619834710744,381.6206195733862,220.71840075282884,57.83712656815294,
126,126,10,6,smart,546,384,70.32967032967034,676.4296875,126.91666666666669,381.4380606126133,216.43614726573577,56.74214757649666,
127,127,10,4,smart,559,371,66.3685152057245,572.4690026954178,125.52291105121294,381.2525351717034,213.7076143491748,56.05408348378012,
128,128,20,6,basic,542,449,82.84132841328413,395.3452115812918,123.31180400890868,757.8058939171408,266.81237268628735,35.2085375460884,
129,129,10,4,smart,555,388,69.90990990990991,697.4510309278351,120.44845360824742,381.08316765930425,212.63836053536065,55.79841320240716,
130,130,10,6,basic,542,370,68.26568265682657,534.7837837837837,123.54324324324324,381.1875558536452,208.2225646080432,54.624701517798,
131,131,20,6,smart,542,425,78.41328413284133,349.20235294117646,128.69411764705882,757.567850635653,259.171385355134,34.21097993238109,
132,132,5,6,basic,545,287,52.66055045871559,1044.0975609756097,128.794425087108,191.32832340049012,142.11269613629682,74.27687318349895,
133,133,5,4,smart,560,269,48.035714285714285,1081.2118959107806,127.46468401486987,191.32832647112804,140.96944204521546,73.67933679516511,
134,134,15,4,smart,549,416,75.77413479052824,525.7235576923077,132.75721153846155,570.8362754814038,258.7951835014958,45.33614884289647,
135,135,15,8,smart,561,449,80.03565062388593,458.4253897550111,126.14922048997772,570.5649751094938,269.4478892842656,47.22475108686042,
136,136,15,8,smart,556,451,81.11510791366906,512.8957871396896,125.53436807095343,570.4058999172486,260.52850089128714,45.67422968960931,
137,137,10,4,basic,558,348,62.36559139784946,575.7873563218391,126.70689655172414,380.8427856840482,203.2708345115349,53.37394908149076,
138,138,20,4,smart,549,450,81.9672131147541,428.8822222222222,137.0888888888889,759.3400570305556,295.5421670005389,38.92092406612581,
139,139,5,4,basic,549,258,46.99453551912568,974.546511627907,126.78294573643412,191.1573674449723,137.0872232369294,71.71432891614398,
140,140,20,6,smart,544,442,81.25,315.6266968325792,125.20361990950228,758.1735091552887,277.16659540584493,36.55714583257429,
141,141,15,6,basic,553,403,72.875226039783,392.2630272952854,122.52357320099256,569.6468308680102,241.91262530583157,42.46712387343797,
142,142,15,6,smart,549,398,72.49544626593807,389.356783919598,124.51256281407036,569.7550587028327,242.26986589598903,42.52175776158397,
143,143,20,8,smart,561,463,82.53119429590018,327.16846652267816,122.76673866090712,758.7276279768414,288.4507288523604,38.0176914898326,
144,144,5,8,basic,558,278,49.82078853046595,938.7482014388488,114.18705035971225,191.5526272534879,141.19868343491754,73.71273652543782,
145,145,20,8,smart,561,464,82.70944741532978,304.14870689655174,127.19612068965516,759.4618446450067,300.7691600286747,39.60293228019407,
146,146,15,8,smart,560,444,79.28571428571428,466.3355855855856,118.36711711711712,570.5579272477718,250.37282290937617,43.88210398146807,
147,147,10,6,basic,547,348,63.61974405850091,564.7011494252873,122.94252873563218,380.6342168307597,202.03523271926667,53.07857879973439,
148,148,15,6,smart,547,439,80.25594149908592,443.5671981776765,123.87927107061503,570.3623139769027,266.75754872493553,46.76984123739601,
149,149,5,4,basic,563,274,48.66785079928952,921.8175182481752,128.1934306569343,191.2501098582477,135.0413242250059,70.60980217219061,
150,150,10,4,basic,556,373,67.08633093525181,653.6541554959786,130.48257372654157,381.6034627387616,222.0226246308687,58.181501561179786,
151,151,20,4,basic,561,445,79.32263814616756,427.16629213483145,134.28314606741574,758.5820382678243,285.0633672004601,37.57844937264596,
152,152,20,8,basic,561,461,82.174688057041,411.23861171366593,122.11496746203905,757.859980560835,275.73526755708014,36.38340519749166,
153,153,5,4,smart,549,274,49.90892531876138,997.4744525547444,129.29562043795622,191.1734983438209,139.9285914371101,73.19455502428056,
154,154,10,6,basic,538,359,66.72862453531599,619.3119777158774,117.83565459610028,380.9153536275694,199.731176927723,52.43453040829781,
155,155,20,4,basic,557,470,84.38061041292639,378.7489361702128,128.17446808510638,758.8269227473139,293.859212344662,38.72545946060427,
156,156,5,8,smart,564,278,49.29078014184397,949.4640287769784,117.58992805755396,191.33124740165468,139.80081117328143,73.06742263578239,
157,157,15,6,smart,540,419,77.5925925925926,417.7613365155131,127.52505966587113,570.3606063703724,253.07055774599567,44.37027293249991,
158,158,15,6,basic,547,436,79.70749542961609,482.658256880734,121.72018348623853,569.8104576616366,255.5788740454601,44.85331404662062,
159,159,10,8,smart,559,394,70.48300536672629,559.1776649746192,120.13197969543148,381.60676764327616,218.17305859953285,57.17221944121279,
160,160,20,8,smart,562,471,83.80782918149467,330.4628450106157,126.0828025477707,759.0126870780954,291.94932763154856,38.46435410130498,
161,161,5,6,basic,541,277,51.20147874306839,898.0,122.23104693140796,191.35894025800707,138.92668688141686,72.60005030029096,
162,162,10,4,basic,549,350,63.752276867030965,676.8742857142857,123.83714285714284,381.0941135540021,207.2983877856116,54.395589019308446,
163,163,20,6,smart,542,443,81.73431734317343,299.9729119638826,122.93679458239278,758.6160040724395,273.41283914703786,36.0410059475795,
164,164,20,4,basic,555,451,81.26126126126127,348.24833702882484,125.21951219512196,758.0443833263979,280.0033228128737,36.937589535876846,
165,165,15,6,basic,542,369,68.08118081180811,438.7154471544715,118.77777777777776,568.8370700738288,212.5182612234065,37.36012865614121,
166,166,10,8,smart,557,391,70.19748653500898,544.0716112531969,115.26342710997444,381.5052189186454,217.0564294955276,56.89474710483948,
167,167,5,4,smart,556,281,50.53956834532374,974.9217081850534,128.2099644128114,191.47178525641468,143.3312533908264,74.85763670030047,
168,168,10,6,smart,542,365,67.34317343173431,617.9095890410958,124.44931506849316,381.50133634924174,208.17240343797653,54.566624963905,
169,169,15,6,basic,539,395,73.28385899814471,498.5974683544304,127.07848101265824,569.6874059155714,238.38849822073655,41.84549206202149,
170,170,5,8,smart,566,293,51.76678445229682,1085.6109215017066,123.92491467576792,191.02025912792263,142.15753770505404,74.42013656250663,
171,171,15,8,basic,558,430,77.06093189964157,417.5558139534884,116.65581395348838,569.1763985781199,244.19469819116432,42.90316654049533,
172,172,15,8,smart,559,430,76.92307692307693,369.75348837209305,125.9093023255814,570.4961093369449,261.3418856345084,45.80958245942311,
173,173,10,8,smart,562,377,67.08185053380782,576.4854111405836,114.34482758620688,381.8564079055815,209.91447762200025,54.97209769854224,
174,174,15,4,basic,556,431,77.51798561151078,457.2853828306265,124.07424593967518,570.234979265212,254.92472733036757,44.70520690590676,
175,175,15,8,basic,559,416,74.4186046511628,341.84375,117.35096153846152,570.2263533354495,246.7333408834552,43.26936828510771,
176,176,5,4,smart,554,269,48.55595667870036,1087.271375464684,122.91078066914498,191.69056071105408,145.2639809704182,75.78045597632882,
177,177,15,8,smart,557,437,78.45601436265709,457.4096109839817,122.36613272311212,569.8727307877152,254.99631660952917,44.74618679455966,
178,178,15,6,smart,541,421,77.81885397412199,438.3467933491687,126.37767220902612,570.4716990736292,256.4716079500305,44.95781444837782,
179,179,20,8,smart,561,483,86.09625668449198,390.6894409937888,124.29813664596271,758.7562913824368,290.1868806508376,38.24507077524506,
180,180,5,4,basic,556,256,46.043165467625904,989.0546875,117.78515625,191.13997348970904,129.59394912188716,67.8005478162654,
181,181,20,8,basic,558,452,81.00358422939068,400.6858407079646,121.8783185840708,757.515759353935,264.711565656101,34.94469420436434,
182,182,5,4,basic,561,283,50.44563279857398,1108.3250883392227,126.64310954063605,191.5625399891052,148.30580294658387,77.41900005868503,
183,183,20,6,basic,542,440,81.18081180811808,335.7204545454546,126.375,757.8189500628604,266.9044349433093,35.22007927106729,
184,184,20,4,smart,548,455,83.02919708029196,318.48131868131867,134.71428571428572,759.5821402294301,303.5311577971312,39.960281017856765,
185,185,10,6,smart,544,377,69.30147058823529,540.9946949602122,118.38726790450929,381.1210051541371,207.62377334324592,54.47712682728585,
186,186,5,4,smart,555,279,50.27027027027027,1016.8602150537636,131.29390681003585,191.52802701647292,145.9234572143935,76.18908808674925,
187,187,15,6,smart,546,432,79.12087912087912,476.037037037037,128.86111111111111,570.4718672058156,262.5082940949823,46.01599293243926,
188,188,10,4,basic,554,354,63.898916967509024,609.3813559322034,125.81638418079096,381.1087946703236,211.62491876046815,55.52874185008859,
189,189,10,4,smart,561,384,68.44919786096256,685.2057291666666,134.265625,381.6230042027843,227.1305173665428,59.51698793447255,
190,190,5,8,smart,561,294,52.406417112299465,878.8367346938776,119.77551020408164,191.5335212575067,146.9074420320199,76.70064282612474,
191,191,20,6,basic,546,424,77.65567765567766,349.75,125.91509433962264,757.9379615619316,267.8555478876096,35.34003592267926,
192,192,15,8,basic,564,425,75.35460992907801,442.7505882352941,118.9670588235294,569.6368458202102,250.84054457876596,44.03516844448237,
193,193,20,6,smart,542,436,80.44280442804428,305.5573394495413,123.45412844036696,758.5135810365347,267.39817464669903,35.252918514826106,
194,194,15,8,basic,558,407,72.93906810035843,422.2628992628993,117.47665847665849,569.2139183166732,234.21878840059165,41.14776200364933,
195,195,20,8,smart,564,467,82.80141843971631,319.79014989293364,126.51391862955032,758.8314096635328,294.0351087243999,38.74841038206044,
196,196,15,6,basic,542,372,68.63468634686348,450.86290322580646,117.71774193548389,568.7653378816188,209.4744160014804,36.82967333798386,
197,197,20,8,basic,562,462,82.20640569395017,302.6969696969697,124.53030303030305,758.5766030150321,280.42231354443453,36.966907815225305,
198,198,20,4,basic,559,448,80.14311270125224,355.56919642857144,128.30357142857142,758.6626708098642,290.3736083541893,38.27440304189721,
199,199,20,6,basic,540,425,78.70370370370371,329.88941176470587,125.7670588235294,757.5745788972417,260.8585743646231,34.433385389507144,
200,200,5,4,basic,557,271,48.65350089766607,1021.5977859778598,130.2140221402214,191.4896580170632,140.0842935971912,73.15501789903904,
201,201,10,6,smart,543,362,66.66666666666666,595.3867403314918,123.95027624309392,380.8249718523837,208.3939666962259,54.72171787542442,
202,202,10,6,smart,545,364,66.78899082568807,639.760989010989,118.75,381.05106278982254,210.83162427610807,55.328968966134894,
203,203,20,4,smart,555,461,83.06306306306305,336.5770065075922,129.14967462039044,759.1305577824646,294.35427684616343,38.77518482538984,
204,204,10,4,basic,558,377,67.56272401433692,574.3315649867374,119.75331564986736,380.83713906523695,209.4167031107455,54.98851914095296,
205,205,5,6,basic,542,274,50.55350553505535,1036.4379562043796,119.86131386861314,191.45582730178432,141.30794673412515,73.80707535811221,
206,206,10,4,smart,553,374,67.63110307414105,644.7219251336899,122.16310160427808,381.40510733524223,217.32154013727123,56.97918983194237,
207,207,5,8,basic,558,290,51.97132616487456,1063.048275862069,124.62758620689657,191.15855318461044,140.22559515758493,73.35564787528118,
208,208,20,4,basic,559,450,80.50089445438283,357.62444444444446,125.98222222222222,758.0159800553922,279.7697933400869,36.90816561936368,
209,209,20,4,smart,559,478,85.5098389982111,372.5271966527197,131.29916317991632,759.6789730148686,308.16911056506734,40.56570229159624,
210,210,5,8,smart,556,270,48.561151079136685,879.6777777777778,110.1074074074074,191.4757115080824,136.3907732643751,71.23137038643041,
211,211,5,6,smart,542,263,48.5239852398524,1212.0760456273763,117.84790874524715,191.33795853458247,132.67365020005278,69.3399528332865,
212,212,10,8,basic,559,366,65.47406082289802,621.7704918032787,113.06284153005464,380.46381716025246,196.9088024324672,51.75493530559008,
213,213,15,4,basic,559,437,78.175313059034,597.6681922196797,129.64302059496566,570.8721248631194,265.344973773782,46.480632389855245,
214,214,15,4,basic,559,426,76.20751341681574,456.575117370892,124.23474178403757,570.3863718120845,257.6271390438987,45.16712736761788,
215,215,20,8,basic,560,448,80.0,327.2611607142857,118.86160714285714,757.7330396688066,263.71737139084047,34.803467393490884,
216,216,10,6,basic,545,366,67.1559633027523,536.5054644808744,122.28415300546447,381.2993993294284,206.8367918141206,54.24524459725713,
217,217,20,4,smart,556,479,86.15107913669064,371.07933194154487,130.5135699373695,760.1019231391602,307.07998003948995,40.39984253312689,
218,218,20,6,smart,543,423,77.90055248618785,359.45626477541373,126.09929078014184,758.3068991890111,264.9509576938969,34.93980576693353,
219,219,5,6,basic,542,270,49.81549815498156,938.551851851852,123.45555555555556,191.32390272635843,138.08985745406588,72.17595683879043,
220,220,10,4,basic,557,366,65.70915619389586,620.6366120218579,121.24590163934428,380.6807444990672,201.66268494303853,52.974227842389,
221,221,20,4,smart,557,465,83.48294434470377,356.27096774193546,131.50752688172042,759.3804407931186,307.4549843439256,40.48760908600843,
222,222,15,4,basic,557,415,74.50628366247756,468.5397590361446,128.00722891566264,569.9462656027807,250.24689473287447,43.90710314913826,
223,223,10,4,basic,557,377,67.68402154398564,662.5994694960212,121.62864721485413,381.4417869070911,215.4531340555404,56.4838833738001,
224,224,20,6,smart,553,454,82.09764918625679,330.97136563876654,129.62114537444933,759.5614319650175,293.8971229806674,38.69300238432896,
225,225,5,4,basic,554,271,48.91696750902527,885.4132841328413,127.82656826568264,191.54361634763103,141.45314355903147,73.84905133163471,
226,226,5,6,basic,545,259,47.522935779816514,931.023166023166,124.54440154440154,191.0354083211485,130.3222280305188,68.21888631841216,
227,227,10,6,smart,544,359,65.99264705882352,598.7186629526462,121.84679665738162,381.4003711380384,209.61618818764296,54.9596183040361,
228,228,20,4,basic,556,464,83.45323741007195,366.0086206896552,132.10991379310346,758.049927531819,283.91777784554006,37.45370423950376,
229,229,20,8,smart,558,474,84.94623655913979,325.7257383966245,124.53164556962024,758.977610405051,292.70634130578213,38.5658729971719,
230,230,20,4,smart,555,465,83.78378378378379,383.2924731182796,131.35698924731182,760.2641895847236,308.8792972511674,40.62788981549762,
231,231,20,6,basic,549,416,75.77413479052824,334.9206730769231,123.61778846153848,757.4680491694457,257.0074074092155,33.92980175084888,
232,232,15,6,smart,547,433,79.15904936014626,503.4803695150116,124.38799076212472,570.5308387480289,263.49232472075767,46.18371292583664,
233,233,5,8,smart,554,284,51.26353790613718,1013.6267605633802,117.06338028169014,191.4266295599876,139.73548304683516,72.99688834726417,
234,234,10,8,smart,561,379,67.5579322638146,529.5963060686016,117.90501319261212,381.3342858604023,215.4458809745472,56.49790458480226,
235,235,20,4,basic,557,443,79.53321364452424,351.9435665914221,127.45372460496614,758.4986778082064,283.3857935378678,37.36140903458827,
236,236,20,4,basic,548,429,78.28467153284672,415.5594405594405,128.6083916083916,757.9861824157567,264.4829215496541,34.89284207091057,
237,237,15,4,basic,556,412,74.10071942446042,446.2621359223301,124.70873786407768,569.7358800412657,249.63893919674436,43.81660835169152,
238,238,10,6,basic,544,364,66.91176470588235,559.0384615384615,122.02472527472528,381.0675632883882,208.10959076829485,54.61225536291566,
239,239,10,8,smart,560,385,68.75,617.9454545454546,118.42337662337664,381.2416568019606,206.6434637507085,54.20275042452963,
240,240,10,6,basic,542,340,62.73062730627307,593.8735294117647,115.30294117647058,380.3455954962046,184.12721679946168,48.41050323173759,
241,241,5,4,smart,557,281,50.44883303411131,1011.085409252669,129.067615658363,191.44115256962647,144.4594686162281,75.4589421747702,
242,242,10,6,smart,546,375,68.68131868131869,668.048,127.52533333333334,381.2856968552143,214.1985517058862,56.17796667238317,
243,243,20,4,smart,556,474,85.25179856115108,369.8080168776372,132.9746835443038,759.6746018447351,309.30773351847984,40.7158186896575,
244,244,20,6,basic,544,436,80.14705882352942,356.11009174311926,129.42201834862385,758.7902001803667,275.97942005584343,36.370978432542,
245,245,15,6,smart,550,428,77.81818181818181,444.00233644859816,126.61915887850468,570.3446639626904,262.1323367512072,45.9603382505486,
246,246,20,6,basic,547,430,78.61060329067642,366.0116279069768,122.34186046511628,757.6921625693954,259.0658988923224,34.19144498127168,
247,247,20,4,smart,557,449,80.61041292639139,347.086859688196,135.10913140311803,759.1610932251508,291.5511500100795,38.404385131419225,
248,248,5,4,basic,558,266,47.67025089605735,960.4962406015038,130.4624060150376,191.2402252935556,139.69190721011253,73.0452534218071,
249,249,10,6,smart,547,368,67.27605118829982,601.3342391304348,123.88315217391305,381.82371915533713,214.38062080277888,56.146491181068434,
250,250,15,4,basic,563,424,75.31083481349911,424.6061320754717,121.18160377358492,569.8478064126131,253.84847711894415,44.54671480039683,
251,251,15,8,basic,558,433,77.59856630824373,411.55889145496536,123.58891454965358,569.9128577456363,247.21879206812335,43.378349638579685,
252,252,5,6,basic,542,269,49.6309963099631,1013.8252788104088,123.98884758364312,191.3044629650138,139.8011621567905,73.07783623550782,
253,253,5,4,smart,559,279,49.91055456171736,951.6594982078852,126.46236559139786,191.3175187640024,142.58688135078717,74.52892044176762,
254,254,15,6,basic,542,408,75.27675276752768,429.8455882352941,125.7279411764706,569.4439955680256,234.54582281590083,41.188567206146274,
255,255,5,8,basic,560,282,50.35714285714285,982.2340425531914,122.5390070921986,191.50351199960497,138.9000042855982,72.53130913123134,
256,256,15,4,basic,559,442,79.06976744186046,493.5701357466064,127.77601809954751,570.3698984607681,267.4112264614739,46.883825247988135,
257,257,20,6,basic,542,436,80.44280442804428,404.8463302752294,125.7591743119266,757.5546336838278,258.80465671186107,34.1631672759163,
258,258,5,6,basic,542,271,50.0,1008.8228782287824,131.10332103321034,191.25288733277023,137.84762485167516,72.07610132014757,
259,259,5,6,basic,544,276,50.73529411764706,1123.409420289855,137.64492753623188,191.5553596792574,140.28840403566923,73.23648070749354,
260,260,5,4,basic,559,283,50.62611806797853,1030.303886925795,124.0070671378092,191.22914103883195,142.32843437788893,74.42821402883726,
261,261,15,8,basic,558,409,73.29749103942652,469.4156479217604,119.20293398533008,569.4641981585542,241.40379413790416,42.39139087558421,
262,262,20,4,smart,560,449,80.17857142857143,361.7795100222717,133.06013363028953,759.6061395052863,300.32073433631587,39.5363753289182,
263,263,10,4,basic,559,385,68.87298747763863,683.1402597402597,124.28051948051947,381.814368749238,222.8317035860113,58.361267103690174,
264,264,5,8,smart,557,295,52.96229802513464,1007.9322033898304,122.62372881355932,191.18947186223284,142.00321731447053,74.27355488318682,
265,265,10,4,smart,554,382,68.95306859205776,680.9397905759163,121.62303664921464,381.6210999735604,218.04575568711584,57.1367137986402,
266,266,10,4,smart,562,401,71.35231316725978,634.8902743142145,124.90274314214464,381.7708769092271,228.61432175059443,59.88259858935013,
267,267,15,4,basic,560,419,74.82142857142857,512.5322195704057,130.12649164677805,570.6965114922516,268.41477269026853,47.03283922104591,
268,268,15,8,smart,562,445,79.1814946619217,430.2337078651685,118.43595505617978,570.4762025572891,261.9391738307925,45.91588091783508,
269,269,20,6,smart,546,453,82.96703296703298,337.1501103752759,132.83664459161147,758.9892533748391,300.5196879185109,39.59472239985649,
270,270,10,6,basic,544,377,69.30147058823529,678.6923076923077,127.6816976127321,381.4762796360592,217.34931141335744,56.97583913230877,
271,271,10,8,smart,566,397,70.14134275618375,623.272040302267,123.41057934508817,381.465131932632,227.72049046501232,59.69627926707296,
272,272,10,6,smart,542,370,68.26568265682657,670.1432432432432,118.83243243243244,381.1386156858277,202.57843025545455,53.15085428720764,
273,273,10,8,basic,564,388,68.79432624113475,568.1623711340206,119.92268041237114,381.3068546140079,217.73992277544744,57.10359521227669,
274,274,10,8,smart,561,393,70.05347593582889,637.9338422391858,121.63358778625954,381.4692150888542,218.045911431306,57.15950404556692,
275,275,20,8,basic,563,455,80.81705150976909,419.4197802197802,120.77142857142856,757.817912157211,264.1203810150198,34.85274981996301,
276,276,5,8,basic,559,282,50.44722719141323,1207.1312056737588,119.4645390070922,191.18400912169244,139.94419494027252,73.19869249692073,
277,277,5,4,smart,559,269,48.1216457960644,786.5762081784386,123.98884758364312,191.5880842993023,139.2583143093375,72.6863128355027,
278,278,15,4,smart,557,441,79.17414721723519,455.1179138321995,132.79591836734693,571.5059996445597,276.9920139304224,48.46703518470388,
279,279,5,8,basic,563,276,49.02309058614564,882.018115942029,118.41666666666669,191.37540214279915,140.55536779282528,73.44484516769123,
280,280,10,8,basic,561,376,67.02317290552585,511.3324468085106,112.74734042553192,380.7239486461041,205.1919750929063,53.89521090611488,
281,281,10,8,basic,562,369,65.65836298932385,636.5257452574526,115.49051490514906,380.777882134928,207.10488061226093,54.38994498605717,
282,282,5,6,smart,543,281,51.74953959484346,1054.9537366548043,127.8576512455516,191.25849320651295,134.21976574820744,70.17715318047732,
283,283,15,8,smart,557,418,75.04488330341114,434.2511961722488,125.91866028708134,570.1314513252603,254.9741607674479,44.72199528280102,
284,284,5,8,smart,564,273,48.40425531914894,932.952380952381,119.76556776556777,191.5686026030873,138.8500588059471,72.48059281072891,
285,285,5,4,basic,554,270,48.73646209386281,922.437037037037,127.0037037037037,191.4922189284536,141.14946952497542,73.71028980436668,
286,286,10,4,smart,555,373,67.2072072072072,553.7372654155496,126.25469168900804,381.8765129249798,221.2927370212177,57.94876865461768,
287,287,5,4,smart,558,279,50.0,946.68458781362,119.20071684587812,191.56654213265568,140.42820059770912,73.30518107930646,
288,288,20,4,smart,554,451,81.40794223826715,298.0864745011086,126.33702882483372,759.0970212774425,289.90257459944263,38.19045082163299,
289,289,15,6,smart,543,417,76.79558011049724,406.4892086330936,125.56354916067146,570.7216485791395,253.58786619575983,44.43284512285255,
290,290,15,6,basic,548,396,72.26277372262774,463.1262626262626,119.37626262626264,568.9169869140866,219.77937816861436,38.63118578349,
291,291,5,6,basic,542,280,51.66051660516605,1039.4071428571428,123.08214285714286,191.47230956199175,141.25958453517055,73.77546385600779,
292,292,10,6,smart,546,361,66.11721611721612,686.2686980609418,126.20775623268698,381.0442777878112,209.19307338924185,54.89993829686463,
293,293,5,4,smart,559,292,52.23613595706619,1152.9280821917807,127.82876712328768,191.478245656394,147.95236838760468,77.26850007447001,
294,294,15,8,basic,562,404,71.88612099644128,386.5792079207921,116.75,569.7112872654009,228.81635526782077,40.16356361239273,
295,295,20,4,smart,554,453,81.76895306859205,369.9558498896248,131.61810154525386,759.2838087598592,296.5135785330456,39.05174522519349,
296,296,20,4,basic,555,446,80.36036036036036,380.95515695067263,125.4865470852018,758.2353539025247,276.80696488461865,36.50673415054235,
297,297,5,4,basic,558,260,46.59498207885305,963.8346153846154,126.3576923076923,191.17671789086532,135.42832249182945,70.83933858993213,
298,298,5,6,smart,547,276,50.45703839122486,1056.873188405797,123.6304347826087,191.42124973644957,139.08875996030528,72.6610865574245,
299,299,20,4,smart,557,467,83.84201077199282,359.7580299785867,133.32762312633832,759.7513350068481,311.1307205947072,40.95165171271503,
300,300,5,8,basic,558,282,50.53763440860215,902.2695035460991,115.19148936170212,191.18457752184557,136.6870784198704,71.4948246305338,
301,301,5,6,basic,544,303,55.69852941176471,1006.5313531353136,123.3003300330033,191.1300728281341,143.4470002438072,75.05203033789248,
302,302,5,6,smart,544,298,54.77941176470589,1075.03355704698,128.93624161073825,191.0546048035559,145.0054439396719,75.89738236812865,
303,303,10,4,basic,548,354,64.59854014598541,623.2655367231638,121.70056497175142,380.8349467363396,196.65672868298748,51.63830955333447,
304,304,15,8,basic,561,422,75.22281639928698,358.95497630331755,120.3388625592417,569.5687740672287,250.57490180194557,43.993792007349256,
305,305,15,4,smart,554,423,76.3537906137184,499.177304964539,128.91725768321513,570.484864653069,267.85312982722013,46.951838063243024,
306,306,20,6,basic,538,420,78.06691449814126,335.3904761904762,122.20476190476192,757.766033749245,253.99888857599072,33.51943439840725,
307,307,5,4,smart,557,269,48.29443447037702,974.828996282528,122.88104089219333,191.3396995770619,140.24016134827986,73.29381286699379,
308,308,10,8,smart,558,390,69.89247311827957,626.6769230769231,120.24358974358974,381.8178662551175,224.78383450873795,58.8720053132729,
309,309,15,4,smart,559,444,79.42754919499106,474.1981981981982,130.25,571.0766552025741,270.85175041305706,47.428265180438814,
310,310,5,6,smart,547,271,49.54296160877514,985.9667896678968,136.12177121771217,191.4271581747385,144.6622138728361,75.57037112821031,
311,311,20,8,smart,557,456,81.86714542190305,328.31140350877195,125.14912280701756,758.8409566747295,289.6778933002458,38.17372938983494,
312,312,20,6,basic,550,438,79.63636363636364,363.0913242009132,128.5296803652968,757.813669970455,265.3843948224596,35.01974236395158,
313,313,5,6,smart,549,278,50.63752276867031,958.8273381294964,127.23021582733811,191.3728921482881,141.71137718607048,74.04986965252284,
314,314,10,4,smart,558,385,68.99641577060932,541.8597402597403,119.1844155844156,381.2151259649464,210.6618873733645,55.26063186504708,
315,315,10,4,smart,559,374,66.90518783542039,635.5668449197861,126.3475935828877,381.4905529685577,215.5584043962491,56.50425750228612,
316,316,20,8,basic,562,473,84.16370106761566,333.8372093023256,120.11839323467233,758.8298595851571,287.66941158189684,37.90960621122133,
317,317,10,8,basic,557,360,64.63195691202873,578.6083333333333,112.83611111111112,381.04256502333646,199.62645563535287,52.38954226101408,
318,318,20,6,basic,543,416,76.61141804788214,358.5625,124.9158653846154,757.4101430663135,257.50755947282886,33.998430286440374,
319,319,5,6,basic,543,264,48.61878453038674,1038.9015151515152,126.5,191.2308761929528,131.56043766260146,68.79665056277648,
320,320,20,4,basic,559,443,79.24865831842575,319.2686230248307,127.2392776523702,758.4733241086682,276.02566303865746,36.39227040226277,
321,321,10,8,smart,556,383,68.88489208633094,618.1122715404699,116.84073107049608,381.03898513364464,208.37319985724923,54.68553297352631,
322,322,15,8,smart,562,432,76.86832740213522,488.8703703703704,121.01157407407408,570.557831291012,251.05401111378276,44.00150122306061,
323,323,5,4,smart,554,286,51.624548736462096,1075.527972027972,127.3041958041958,191.44464308909625,144.76065166980803,75.61488759047596,
324,324,10,4,basic,564,360,63.82978723404256,648.0527777777778,122.13333333333334,381.502549371289,210.2297022831885,55.10571361309229,
325,325,10,6,basic,543,349,64.27255985267035,615.1461318051576,122.1404011461318,381.0396095346336,197.99334068005336,51.96135407598808,
326,326,20,6,smart,544,440,80.88235294117648,375.8681818181818,130.07954545454547,758.9299555705744,280.7987614670061,36.99929873711436,
327,327,20,4,smart,555,465,83.78378378378379,318.06236559139785,129.3548387096774,759.937731855929,293.4379497413691,38.61342021072324,
328,328,10,8,basic,559,361,64.57960644007156,504.3601108033241,120.02216066481996,381.2343142322088,213.20180350162065,55.92408540952061,
329,329,15,4,basic,557,407,73.07001795332137,416.3267813267813,123.76412776412776,570.1299649030375,254.80138462925717,44.69180718690894,
330,330,10,4,smart,555,384,69.1891891891892,555.1119791666666,122.578125,381.5360247162212,221.10733455450625,57.9518892662787,
331,331,5,6,smart,542,282,52.02952029520295,997.8652482269504,122.90070921985816,191.12129116193316,139.24725111663764,72.85805274235841,
332,332,15,6,smart,546,422,77.2893772893773,455.6208530805688,128.35781990521326,570.2663223764564,256.79469435707057,45.030660987823474,
333,333,20,6,smart,546,444,81.31868131868131,351.2927927927928,126.1554054054054,758.8331390239748,276.00512870080485,36.37230828582523,
334,334,20,8,smart,562,474,84.34163701067615,334.17510548523205,124.40084388185656,759.3385134780042,295.0917071670556,38.86168051919884,
335,335,20,8,basic,553,453,81.91681735985533,351.9889624724062,120.14790286975716,758.0037501667558,264.27501813585303,34.86460562730914,
336,336,20,8,smart,557,457,82.04667863554758,304.7964989059081,123.98249452954047,758.0884413861659,277.8099010435612,36.64610695495968,
337,337,5,8,basic,567,282,49.73544973544973,904.2659574468086,113.61702127659576,191.1172765528376,138.59125266032666,72.5163392656502,
338,338,15,8,basic,560,403,71.96428571428571,448.454094292804,113.66749379652606,569.1731868132505,217.68330936595223,38.24553130915065,
339,339,20,8,basic,558,447,80.10752688172043,375.6263982102908,123.86577181208054,758.0739644280127,271.0960699341537,35.76116350845831,
340,340,20,6,smart,546,460,84.24908424908425,348.1717391304348,131.8891304347826,759.2442875556103,297.7242996342944,39.21324197154236,
341,341,20,6,smart,545,444,81.46788990825688,319.1441441441441,128.86036036036035,758.80092537099,289.09061133260604,38.09834723004127,
342,342,5,4,basic,557,271,48.65350089766607,873.619926199262,122.6420664206642,191.53864910206372,142.92204065374014,74.61785980206135,
343,343,10,4,basic,562,394,70.1067615658363,624.4238578680203,119.57868020304568,380.9703982390113,216.39208467788228,56.8002358393534,
344,344,5,8,basic,557,272,48.83303411131059,869.3970588235294,115.12867647058825,191.144470807055,135.39667026972856,70.83473024255073,
345,345,5,4,smart,561,286,50.98039215686274,1017.6293706293708,125.82867132867132,191.6750025144362,147.57768518987376,76.99370458010496,
346,346,10,8,smart,560,378,67.5,589.058201058201,117.6137566137566,381.1903280607812,208.18958948331013,54.61565369258636,
347,347,15,4,basic,554,417,75.27075812274369,475.431654676259,127.92565947242208,569.6611640803446,250.56484148891397,43.98489089447117,
348,348,5,6,smart,550,272,49.45454545454545,1113.3970588235295,126.2720588235294,191.34500032073257,141.55232499922266,73.97754044367639,
349,349,15,4,basic,559,421,75.31305903398928,474.6484560570072,125.82185273159143,569.9322805713044,252.94101475194063,44.38088933976343,
350,350,15,6,basic,545,394,72.29357798165138,418.75380710659897,120.72081218274111,569.2701319456047,234.6005351811012,41.21075777843865,
351,351,10,6,smart,547,406,74.22303473491773,669.9310344827586,127.6847290640394,381.4101459494035,227.98224833148103,59.77351435263716,
352,352,5,4,basic,562,296,52.66903914590747,915.527027027027,119.74324324324324,191.21526872930264,144.73243170158867,75.69083403401315,
353,353,5,8,smart,557,276,49.55116696588869,946.7463768115942,121.82608695652172,191.29541289899987,142.98603939084367,74.74619345229017,
354,354,20,8,smart,561,462,82.35294117647058,301.1688311688312,123.03679653679652,758.7212436021968,281.6404135788399,37.1204069944964,
355,355,10,8,smart,556,392,70.50359712230215,536.9311224489796,121.1377551020408,381.0936715041684,215.72992403529048,56.60810980770402,
356,356,10,6,basic,542,350,64.57564575645756,559.6428571428571,117.96285714285716,380.81923512640674,193.56178324103456,50.8277327894913,
357,357,5,6,smart,546,279,51.098901098901095,1039.5985663082438,134.26164874551972,191.32493475406332,143.6305599951455,75.07153219718793,
358,358,5,4,basic,555,260,46.84684684684685,913.503846153846,125.46923076923076,191.1490275099684,131.1545158831779,68.61375001049285,
359,359,20,8,smart,557,472,84.73967684021544,342.89406779661016,123.92796610169492,758.7494354913767,290.0301134454445,38.22475508764193,
360,360,10,8,smart,562,398,70.8185053380783,599.3894472361809,117.25879396984924,381.7071641015028,226.28772517693903,59.283069970561286,
361,361,15,8,basic,563,410,72.82415630550622,402.0609756097561,120.44390243902438,569.4242456577208,235.71541396903223,41.39539469324249,
362,362,15,8,smart,560,434,77.5,423.7027649769585,122.40552995391704,570.5110570132563,256.76529399411527,45.00619064919352,
363,363,5,8,smart,558,281,50.358422939068106,1039.1281138790036,119.07829181494662,191.2943159484814,141.78364419105452,74.11806434919849,
364,364,20,4,basic,555,437,78.73873873873873,342.95652173913044,125.28604118993135,758.3773321136682,270.8940350427718,35.720217835067,
365,365,10,6,basic,542,366,67.52767527675276,663.6475409836065,114.6639344262295,380.5575738474742,196.0934659746415,51.52793675661673,
366,366,10,6,basic,546,375,68.68131868131869,642.376,122.584,381.21329148157247,210.4814130313852,55.21355570089288,
367,367,20,6,basic,548,435,79.37956204379562,338.9471264367816,119.64367816091954,757.359150641864,249.2516388494215,32.910626172296205,
368,368,10,6,smart,549,371,67.57741347905282,608.4528301886793,122.17520215633424,381.4325789856841,214.98121116664683,56.361523113293245,
369,369,15,6,smart,542,427,78.78228782287823,523.7330210772834,123.58782201405153,570.0296842062868,250.8374190704372,44.00427311425104,
370,370,5,8,basic,557,274,49.19210053859964,906.1058394160584,118.98175182481752,191.39165723823876,138.8102578681894,72.52680700465564,
371,371,20,4,basic,557,432,77.55834829443447,360.6550925925926,129.20833333333334,758.4016850411064,270.019752629507,35.60379123035198,
372,372,5,8,basic,558,272,48.74551971326165,988.8382352941176,115.21323529411764,191.18821716098284,137.8446366020868,72.09891835856178,
373,373,10,8,basic,556,365,65.64748201438849,517.9561643835616,113.0958904109589,380.5599668630544,194.7675239597085,51.17919406110213,
374,374,10,8,basic,567,388,68.43033509700176,540.7860824742268,117.83762886597938,380.8851042132075,211.87133966311475,55.62605030217087,
375,375,20,4,basic,559,465,83.18425760286226,383.6193548387097,134.3784946236559,759.4129629256814,294.67953899602367,38.80359611728961,
376,376,5,8,basic,560,266,47.5,930.5075187969924,123.25563909774436,191.247813638606,141.73416880196197,74.11021653287597,
377,377,5,4,smart,555,283,50.990990990990994,831.8303886925795,120.85159010600708,191.5251835622561,139.9295786464206,73.06066807707084,
378,378,5,6,smart,543,278,51.19705340699816,997.1978417266188,120.92805755395683,191.6335717819513,137.90146659275507,71.96101669996797,
379,379,10,8,basic,563,367,65.18650088809946,586.9427792915532,113.2125340599455,380.5451684323055,199.30044289073624,52.37234878366074,
380,380,15,8,smart,557,439,78.81508078994614,451.23006833712986,121.02277904328018,569.8721873066438,253.543089581533,44.49122017690318,
381,381,15,4,smart,555,417,75.13513513513513,418.0503597122302,123.4052757793765,570.4837784058625,257.96326236333573,45.21833435547952,
382,382,20,6,basic,543,430,79.18968692449356,415.0395348837209,123.98372093023256,757.7599416784076,260.91565852915915,34.43249559368915,
383,383,20,4,basic,557,467,83.84201077199282,421.1970021413276,130.5374732334047,758.6277866363972,290.3045646584543,38.26706189416107,
384,384,20,8,basic,564,467,82.80141843971631,382.6017130620985,126.02141327623126,758.4160056675265,284.8913183456882,37.56399076716988,
385,385,15,4,basic,555,427,76.93693693693695,463.192037470726,120.4215456674473,569.7296665562727,254.3667001526009,44.64691152386689,
386,386,10,6,smart,541,370,68.39186691312385,603.6702702702703,119.45675675675676,380.9217895177188,210.6112156846156,55.28988403400822,
387,387,20,6,basic,540,427,79.07407407407408,341.53395784543324,125.7072599531616,758.1535215011908,256.4135974544358,33.82080148446993,
388,388,15,8,basic,561,431,76.8270944741533,361.7146171693735,115.8723897911833,569.9571518511027,249.83528093789144,43.834046143026406,
389,389,20,8,basic,562,452,80.42704626334519,348.8407079646018,121.4867256637168,757.3798174199015,268.01157434587293,35.38668026022718,
390,390,15,6,smart,545,415,76.14678899082568,421.89156626506025,125.77349397590362,570.5497953644757,250.8002444909343,43.957643404414746,
391,391,20,6,basic,545,430,78.89908256880734,312.59302325581393,126.54418604651164,757.4970241379525,268.15636956853285,35.40031987237183,
392,392,5,8,basic,561,285,50.80213903743316,1080.5543859649122,122.09473684210526,191.39568295824336,142.8332288342168,74.6271946297653,
393,393,20,6,basic,544,432,79.41176470588235,345.3240740740741,131.21296296296296,758.4225758188161,268.51445765724816,35.40433344397109,
394,394,20,8,basic,561,447,79.67914438502673,405.3020134228188,121.59955257270694,757.6547842986301,266.157632189497,35.129142942835394,
395,395,15,4,smart,548,413,75.36496350364963,484.0629539951574,128.99273607748185,570.2421871682045,253.4817051921558,44.45158757035039,
396,396,5,8,smart,563,283,50.26642984014209,844.2120141342756,120.50883392226147,191.4523738703268,143.01637711955638,74.7007593734112,
397,397,5,6,smart,542,277,51.10701107011069,1031.9386281588447,125.92779783393502,191.4044097088694,139.6840053200968,72.97846770226425,
398,398,10,4,basic,553,363,65.64195298372513,644.0743801652893,122.50413223140497,381.3333269327528,206.2950773915799,54.09836036386076,
399,399,5,6,smart,545,265,48.62385321100918,1028.2641509433963,125.7622641509434,191.5246858469069,141.41273491745977,73.83525225071845,
400,400,15,4,smart,557,438,78.63554757630162,485.28767123287673,129.02739726027397,570.700452525694,266.1443541637792,46.63468427016832,
401,401,20,6,basic,545,422,77.43119266055047,337.65876777251185,124.92417061611374,757.9940602861911,258.85970291497404,34.15062419054286,
402,402,5,8,basic,561,286,50.98039215686274,1012.5034965034964,112.56993006993008,191.101963498738,136.82379509560292,71.59727330405293,
403,403,5,4,smart,557,286,51.34649910233393,1042.409090909091,123.52097902097904,191.83131153382573,150.13855753491916,78.26592871333476,
404,404,10,4,basic,554,348,62.8158844765343,570.0890804597701,119.86781609195404,380.95595281398494,196.16959424820325,51.49403567503508,
405,405,5,4,basic,556,276,49.64028776978417,1052.0434782608695,128.85507246376812,191.37543686242876,143.28617912132498,74.87177114810561,
406,406,10,4,basic,555,360,64.86486486486487,628.6583333333333,126.46944444444443,381.2005699767704,214.5750948788664,56.28929014768844,
407,407,10,8,smart,561,376,67.02317290552585,526.9494680851063,117.07180851063828,381.26553052625184,213.5027130378709,55.99843047525911,
408,408,10,6,basic,546,364,66.66666666666666,586.6593406593406,128.37087912087912,381.0842932035055,216.6890246554272,56.86117967074323,
409,409,20,4,smart,558,466,83.51254480286738,322.1695278969957,128.03862660944205,759.5185313950557,300.9958098239459,39.62981775718992,
410,410,20,8,basic,561,461,82.174688057041,339.1344902386117,124.65509761388286,757.8251429985521,274.1310762973507,36.17339419653888,
411,411,5,6,smart,543,266,48.98710865561694,1050.9172932330828,138.6390977443609,191.67148584342544,146.94198268777498,76.66345468193973,
412,412,20,4,basic,564,461,81.73758865248227,419.2537960954447,129.3058568329718,759.0803706241306,289.5061133627004,38.13905938901606,
413,413,15,8,smart,560,417,74.46428571428572,470.6330935251799,119.30455635491607,570.4357237783001,248.62001768284,43.58422997004763,
414,414,15,6,smart,550,420,76.36363636363637,507.5690476190477,127.36666666666666,570.168286764944,251.0213491386547,44.02583499740316,
415,415,15,8,smart,561,457,81.46167557932263,414.0809628008753,120.81400437636762,570.6902339649689,266.1290089046921,46.63283039832571,
416,416,10,6,smart,549,367,66.8488160291439,552.5940054495912,124.03542234332426,380.8957760101906,204.9502337354127,53.80743149273711,
417,417,5,8,basic,561,275,49.01960784313725,977.6072727272727,122.12,191.6004420244025,142.7770695330415,74.51813159953838,
418,418,10,4,smart,555,373,67.2072072072072,567.1957104557641,125.72922252010724,381.217638454275,215.10969092818624,56.42700369279672,
419,419,5,4,basic,557,277,49.730700179533216,1025.3068592057762,127.4115523465704,191.55868668184343,147.20054108632473,76.84357396478063,
420,420,20,8,smart,553,456,82.45931283905968,272.265350877193,121.21491228070175,759.034229863795,278.97875490136045,36.75443661498926,
421,421,20,8,smart,563,472,83.83658969804618,344.70762711864404,124.23728813559322,759.2577551842262,294.7284153274276,38.81796574549504,
422,422,10,6,smart,542,379,69.92619926199262,528.240105540897,125.60158311345648,381.6691944589268,211.19316231595036,55.33408652887175,
423,423,20,6,smart,544,444,81.61764705882352,356.7072072072072,134.81756756756758,759.4287719769906,286.3867950216138,37.7108170758496,
424,424,10,4,smart,558,384,68.81720430107528,700.3932291666666,133.59635416666666,382.4796353917953,235.4919921725537,61.569811927719,
425,425,5,6,smart,546,275,50.366300366300365,1015.7490909090908,127.0690909090909,191.53085819706465,146.18500513958404,76.32451841737974,
426,426,15,4,basic,554,412,74.36823104693141,504.871359223301,125.4126213592233,570.330846866954,246.5657150785869,43.232049683629576,
427,427,5,8,basic,562,275,48.93238434163701,924.0363636363636,113.8,191.05336661034863,137.68931382728942,72.06850958460488,
428,428,10,8,basic,560,367,65.53571428571429,548.7683923705722,118.19618528610354,381.0606427850036,205.15407650232493,53.83764510628667,
429,429,10,8,basic,561,363,64.70588235294117,581.7575757575758,118.17079889807162,380.97585501536656,207.9475744182756,54.58287491995733,
430,430,5,6,basic,547,276,50.45703839122486,998.217391304348,126.19927536231884,191.10281120940144,133.92533983851467,70.08025627198421,
431,431,15,8,smart,553,426,77.03435804701627,410.1408450704225,116.42018779342725,570.0533114138819,242.75128776837417,42.583962395777895,
432,432,10,4,basic,557,378,67.86355475763017,568.8941798941798,123.97354497354496,381.532050255622,220.01491542399992,57.66616861587186,
433,433,15,4,smart,558,417,74.73118279569893,436.90887290167865,126.56594724220624,570.6148086014738,253.16818333927907,44.36761533752897,
434,434,20,4,smart,559,469,83.89982110912342,444.86567164179104,133.47761194029852,759.7169905682058,302.8243502756377,39.86015240348252,
435,435,15,6,smart,546,419,76.73992673992674,480.4797136038186,125.9474940334129,570.1488392528593,247.62101092757567,43.43094186634949,
436,436,5,8,smart,561,297,52.94117647058824,946.6565656565656,119.73063973063974,191.1899181541524,146.22502467800004,76.48155618755058,
437,437,15,8,smart,563,432,76.73179396092362,455.9560185185185,120.46296296296296,570.0418875676334,246.50943168744664,43.24409084028922,
438,438,5,4,basic,564,281,49.822695035461,957.387900355872,119.5017793594306,191.74473565441423,148.08532981494588,77.2304539728503,
439,439,5,8,basic,558,298,53.40501792114696,1071.8959731543623,120.06040268456375,191.2039314176818,141.8879682221711,74.20766255701051,
440,440,20,6,smart,539,443,82.18923933209648,318.33408577878106,135.13995485327314,759.2430093284368,297.08541075497186,39.12915984801084,
441,441,5,4,smart,556,288,51.798561151079134,995.9340277777778,128.11458333333334,191.5445646400005,147.71262187697536,77.11658232359382,
442,442,5,4,smart,564,275,48.75886524822696,1026.6327272727274,130.9709090909091,191.6145048090007,146.32959109447262,76.36665671021741,
443,443,10,8,smart,559,388,69.40966010733453,635.9587628865979,123.91494845360825,381.7669874492863,224.5552959444721,58.81998793159189,
444,444,15,8,smart,557,414,74.32675044883304,400.487922705314,121.66666666666669,570.0842549769811,249.1264613571672,43.699937190376616,
445,445,5,6,smart,549,274,49.90892531876138,971.8211678832116,126.68978102189782,191.40210644361045,137.50728604628443,71.84209651673602,
446,446,20,4,basic,558,439,78.67383512544804,369.1913439635536,132.6742596810934,758.150368703079,276.9267162575526,36.526621589761135,
447,447,10,4,basic,558,369,66.12903225806451,656.5826558265583,126.23035230352303,381.2317042697902,217.789758930876,57.1279241709526,
448,448,15,8,smart,561,447,79.67914438502673,485.6666666666667,122.1565995525727,570.322639203233,257.12367082458104,45.08389692960368,
449,449,15,8,smart,558,433,77.59856630824373,428.0,123.0323325635104,570.532820130326,258.3830774596386,45.28803047660195,
450,450,10,4,smart,557,387,69.47935368043088,695.7700258397933,121.83204134366925,381.7688620402027,225.16993707381783,58.98069734406627,
451,451,20,8,smart,558,480,86.02150537634408,303.58958333333334,123.54791666666668,758.2649775312447,288.2182881029804,38.01023344654004,
452,452,5,6,basic,542,264,48.708487084870846,975.5189393939394,120.52651515151516,191.2287861845607,130.24773867916883,68.11094776989421,
453,453,20,8,smart,556,482,86.6906474820144,357.58298755186723,129.11618257261412,759.3194672726316,302.1556781689936,39.79295819377503,
454,454,10,4,smart,560,360,64.28571428571429,603.8055555555555,127.79444444444444,381.3929852640632,218.1616887183285,57.20128506487369,
455,455,5,8,basic,561,276,49.19786096256685,897.8260869565217,115.69927536231884,191.14837736110115,135.25005718146429,70.75658137864359,
456,456,20,8,basic,557,426,76.48114901256733,388.24413145539904,123.7699530516432,757.8378785086966,259.5663606275596,34.25090880101487,
457,457,5,4,smart,557,278,49.91023339317774,1063.55035971223,130.17625899280574,191.78251736825385,150.29329123748383,78.36652334106977,
458,458,20,8,smart,560,457,81.60714285714286,292.2035010940919,124.39387308533917,758.9281312622071,281.4693850154437,37.08775224174647,
459,459,5,6,smart,546,285,52.19780219780221,1077.0842105263157,129.88070175438597,191.43467748388292,147.71894631873738,77.16415242017682,
460,460,10,4,basic,559,371,66.3685152057245,661.2102425876011,122.63611859838277,381.053526950064,204.92099661093096,53.777483245230606,
461,461,20,4,smart,554,473,85.37906137184116,376.28541226215646,134.51162790697674,759.7681761321952,317.5454262529828,41.79504172832475,
462,462,20,4,smart,555,471,84.86486486486487,403.69214437367305,133.52229299363057,759.7299913792317,311.9873173181393,41.06555234863772,
463,463,10,6,basic,540,359,66.48148148148148,523.7437325905292,120.20055710306409,380.6409276130444,200.58211602375744,52.69588777055186,
464,464,5,4,basic,559,280,50.089445438282645,940.6607142857144,113.77142857142856,191.30598913270225,139.77163721615983,73.0618198885583,
465,465,15,4,smart,557,451,80.96947935368043,468.8713968957872,129.72062084257206,571.1271590705297,278.7748880334232,48.81135200908851,
466,466,5,6,smart,545,269,49.357798165137616,1025.7657992565055,127.05576208178438,191.31637908440567,135.08580712908636,70.60859492301425,
467,467,5,8,basic,559,280,50.089445438282645,914.7857142857144,112.83571428571427,191.0789346753992,136.21226107897027,71.2858595901033,
468,468,10,6,smart,540,365,67.5925925925926,546.3780821917808,121.8082191780822,381.10886006653226,206.93758922562384,54.29881351734976,
469,469,10,6,basic,544,368,67.64705882352942,507.20108695652175,115.17934782608695,380.3771827275232,197.75623624353295,51.98951073392652,
470,470,15,4,smart,561,431,76.8270944741533,436.7679814385151,132.7215777262181,571.6437081415108,274.5252537380265,48.0238389451612,
471,471,20,8,smart,557,473,84.91921005385996,337.29175475687106,122.69344608879491,758.9295490431798,285.53417335387235,37.6232779068702,
472,472,15,4,basic,554,414,74.72924187725631,441.7294685990338,122.3840579710145,569.575664601963,244.8592420740788,42.989765415134784,
473,473,20,4,smart,563,474,84.19182948490231,384.4894514767933,131.82067510548524,759.4415959725571,301.36406286233324,39.68232244066115,
474,474,5,8,smart,559,290,51.8783542039356,966.751724137931,120.65517241379312,191.478242479688,145.2767096207735,75.87113174813294,
475,475,15,8,basic,561,407,72.54901960784314,391.1007371007371,113.73955773955774,569.1896153039395,230.31305711042583,40.4633273197442,
476,476,20,6,smart,547,458,83.72943327239489,307.2052401746725,130.0589519650655,759.1318380378577,295.8765498135896,38.975647573726754,
477,477,10,8,basic,558,362,64.87455197132617,575.5580110497237,115.74585635359117,380.6881972868079,202.35433438865,53.15487473235154,
478,478,20,4,smart,558,462,82.79569892473118,339.8246753246753,135.06709956709958,759.806377672261,304.7693953325126,40.11145527182894,
479,479,10,6,basic,546,367,67.21611721611723,684.4741144414169,127.97820163487738,380.9890891822234,215.16442592938367,56.47521990491244,
480,480,10,8,basic,557,380,68.2226211849192,585.1157894736842,115.24736842105264,381.0578970899448,206.8613575265564,54.28607020253641,
481,481,20,8,basic,559,455,81.3953488372093,338.4197802197802,121.5032967032967,758.2600532998089,278.0993655451689,36.67598791930703,
482,482,15,6,smart,543,404,74.40147329650092,399.38613861386136,121.94059405940594,570.0726086218305,243.40952164986493,42.69798582996569,
483,483,20,8,smart,561,471,83.9572192513369,350.1316348195329,128.44373673036094,759.5436538142839,294.55684568417263,38.78076581970821,
484,484,5,6,basic,542,283,52.2140221402214,1086.1943462897527,120.5017667844523,191.28993556496863,137.87352604853388,72.07568220530207,
485,485,5,8,basic,562,274,48.754448398576514,781.4124087591241,114.33576642335768,191.0777806196972,132.57802935294546,69.38432554689129,
486,486,20,8,smart,561,472,84.13547237076648,298.35593220338984,126.8771186440678,759.1368477909336,297.64047193907044,39.20774927540346,
487,487,10,6,basic,547,391,71.48080438756855,583.0179028132992,121.43734015345268,381.051322353687,214.4103022998338,56.26809033897562,
488,488,5,8,smart,558,287,51.4336917562724,1000.6132404181184,107.91289198606272,191.02054251798555,136.8606299217511,71.64707424536027,
489,489,20,6,basic,542,429,79.15129151291514,449.0675990675991,128.93706293706293,757.8386613915899,257.8520328635894,34.02466065667667,
490,490,15,4,smart,557,457,82.04667863554758,499.4638949671772,132.90371991247264,571.3148905275045,279.45282351496905,48.91397513846447,
491,491,10,8,basic,560,359,64.10714285714286,525.3426183844011,115.4150417827298,380.7635711429061,204.9573203068817,53.82797511108496,
492,492,20,8,basic,559,454,81.21645796064401,312.17180616740086,118.01541850220264,758.020921732333,263.7588242354172,34.79571825440378,
493,493,15,6,basic,543,404,74.40147329650092,463.3762376237624,121.20049504950497,569.8192770350431,242.6510895357865,42.58386813418807,
494,494,20,4,basic,563,451,80.10657193605684,372.44345898004434,128.77161862527717,758.9859437307656,283.4476743024792,37.34557624469344,
495,495,5,6,basic,545,283,51.92660550458715,1013.3992932862192,139.52650176678446,191.3357197732585,143.06975139331064,74.7741987553891,
496,496,20,4,basic,559,453,81.03756708407872,380.79690949227376,126.04415011037528,758.6557382447639,280.8726009578471,37.02240513037939,
497,497,10,8,smart,557,392,70.3770197486535,634.484693877551,123.9234693877551,381.5254414380095,222.09318375952355,58.211893529938926,
498,498,20,6,basic,546,428,78.3882783882784,415.61682242990656,127.06542056074768,758.3718783678677,269.3405527877387,35.51563032207903,
499,499,5,6,basic,549,271,49.36247723132968,921.29889298893,124.78966789667896,191.23797946287505,139.71903978177582,73.06029909655022,
500,500,10,4,basic,561,370,65.9536541889483,626.3918918918919,119.56216216216217,381.252292403105,210.46996520775477,55.20490483640712,
501,501,5,4,smart,558,284,50.89605734767025,911.088028169014,129.82394366197184,190.99271217758184,139.84258831280968,73.21880857044764,
502,502,10,4,smart,557,395,70.91561938958706,571.587341772152,127.05569620253164,381.9968837101263,226.72650988111909,59.35297368896018,
503,503,10,4,smart,556,397,71.40287769784173,681.9093198992443,121.98992443324936,381.8102299110023,228.91086567780533,59.95409440212304,
504,504,10,4,smart,558,379,67.92114695340501,639.311345646438,123.13984168865436,381.64536853417655,216.40991853494543,56.704452975843154,
505,505,20,8,basic,558,448,80.28673835125448,331.28125,124.875,758.044623174095,283.7282060265877,37.42895831627391,
506,506,15,6,basic,546,415,76.007326007326,419.61686746987954,124.6578313253012,569.734982062812,247.7178282673444,43.47948363122172,
507,507,10,4,basic,561,371,66.1319073083779,536.0997304582211,126.31805929919138,381.5942487876538,211.195886020138,55.34566799450439,
508,508,10,8,smart,561,386,68.80570409982175,501.5025906735751,114.38082901554404,381.7366245203907,217.29323591237463,56.92229195597338,
509,509,20,6,basic,544,423,77.75735294117648,393.3404255319149,128.1087470449173,757.3475601979076,256.45671377151655,33.862486294205546,
510,510,10,6,basic,542,361,66.60516605166052,601.6454293628809,119.52631578947368,380.7299222514186,201.64434185134044,52.96256744385399,
511,511,5,8,basic,554,269,48.55595667870036,1091.6579925650558,113.84386617100373,191.25041462688412,133.55805189217855,69.83412409993501,
512,512,15,4,smart,555,445,80.18018018018019,460.3932584269663,129.32584269662922,571.2934512604993,273.29417696441675,47.837792707306846,
513,513,15,4,basic,557,428,76.84021543985638,440.1378504672897,127.9322429906542,570.2589115694373,262.44140801823534,46.02144792370848,
514,514,5,8,smart,562,274,48.754448398576514,932.6824817518248,112.58759124087592,191.14218563001248,136.9034091894841,71.62385882438504,
515,515,10,6,smart,540,385,71.29629629629629,634.7272727272727,127.03896103896103,381.54555512637086,212.45718740779884,55.68330820612793,
516,516,10,4,basic,563,364,64.65364120781527,518.7472527472528,122.60164835164836,381.7366207299749,214.234946085558,56.12114071631057,
517,517,20,6,smart,550,446,81.0909090909091,346.53139013452915,128.4596412556054,758.5740881313817,274.3931247487984,36.17222484157338,
518,518,5,6,smart,542,283,52.2140221402214,992.1448763250884,144.14487632508835,191.384656515368,141.76622918090794,74.07397842758846,
519,519,20,8,basic,561,450,80.21390374331551,275.28444444444443,124.4,758.3627174448338,283.3254981250228,37.36015650659053,
520,520,5,6,smart,544,274,50.36764705882353,1016.9817518248176,126.71897810218978,191.5378565248485,140.7110524070734,73.4638337089351,
521,521,5,4,smart,555,276,49.72972972972973,1004.3514492753624,120.80797101449276,191.26214908165565,139.80331243050068,73.09512786600258,
522,522,5,8,basic,563,271,48.13499111900533,945.5424354243544,122.63468634686348,191.0780954988792,138.41236014755273,72.43758620587917,
523,523,15,4,smart,560,421,75.17857142857143,472.3277909738717,131.6270783847981,571.0394403616425,271.5908822607504,47.560792313881215,
524,524,15,6,smart,545,407,74.6788990825688,447.4226044226044,125.08599508599508,569.9902067900098,243.065999721698,42.64389051358666,
525,525,20,6,basic,543,414,76.24309392265194,330.41062801932367,124.2657004830918,757.1113650287703,252.3879909995576,33.33564950381729,
526,526,10,6,basic,542,358,66.05166051660517,600.7709497206704,116.62290502793296,380.8261391257433,198.55459680308647,52.137859354640206,
527,527,20,8,smart,562,449,79.8932384341637,393.9910913140312,122.99554565701558,758.4034197952493,275.57172538237006,36.33577040788764,
528,528,5,4,basic,556,267,48.02158273381295,1063.5168539325844,122.55430711610488,191.514523807473,141.92061895437234,74.10436354009539,
529,529,15,4,basic,557,435,78.09694793536805,591.7195402298851,131.9241379310345,569.9584037048214,257.98288847276007,45.26345901662819,
530,530,5,4,smart,556,271,48.74100719424461,1025.4501845018451,125.20664206642068,191.17901153847717,138.36028637689358,72.37211096734165,
531,531,10,8,basic,562,390,69.3950177935943,663.0076923076923,122.03076923076924,381.6366982417147,219.2678799270122,57.45461087396159,
532,532,15,6,basic,547,403,73.6745886654479,383.9454094292804,120.77171215880894,569.5239461109734,232.35439696002496,40.798003059690494,
533,533,20,6,smart,540,446,82.5925925925926,308.7982062780269,127.54932735426009,758.8702914137373,279.6346360186895,36.84880528103745,
534,534,10,4,basic,554,368,66.4259927797834,612.7173913043479,118.71739130434784,381.1494136880047,209.92605859354344,55.07710390061925,
535,535,20,6,basic,549,417,75.95628415300546,315.1390887290168,124.72661870503596,758.3837236967687,264.94665229662195,34.93569864673914,
536,536,10,6,basic,549,352,64.11657559198542,577.8210227272727,118.08522727272728,381.0576766686574,194.3554407217353,51.004205563016114,
537,537,15,4,basic,558,403,72.22222222222221,456.49627791563273,130.50372208436724,570.5709396343956,251.21448499121183,44.0286154693021,
538,538,10,8,basic,558,393,70.43010752688173,584.7862595419847,117.76081424936386,381.4075957411335,221.0954698789156,57.9682922804128,
539,539,10,4,basic,559,364,65.11627906976744,553.2115384615385,125.48626373626374,381.0986167904698,210.1123223032366,55.133320627809454,
540,540,15,8,smart,558,412,73.83512544802868,422.6747572815534,123.48300970873788,569.9772473094281,250.44464762770647,43.93941140807426,
541,541,10,4,basic,555,352,63.42342342342342,606.4886363636364,120.0028409090909,380.8200789111687,196.80930462416973,51.68039069444079,
542,542,20,6,smart,547,442,80.80438756855575,295.6063348416289,121.02714932126698,758.5324147170304,274.1800556710125,36.14612247959042,
543,543,10,4,basic,559,380,67.97853309481216,701.1026315789474,126.16315789473684,381.04247079380974,218.53451351793748,57.35174692277051,
544,544,10,4,smart,555,374,67.38738738738739,541.3395721925134,116.94385026737967,381.2297404793329,210.6840625371773,55.26433018375671,
545,545,20,8,basic,561,457,81.46167557932263,376.30415754923416,120.5929978118162,757.9392305168815,272.5007786767663,35.952853171478225,
546,546,10,6,smart,543,371,68.32412523020258,586.6253369272238,126.9865229110512,381.1734324638817,212.56705690356063,55.76649335960805,
547,547,10,4,basic,563,369,65.54174067495559,636.0921409214092,122.93224932249322,381.1312641238488,208.84672103743185,54.796533555842586,
548,548,20,8,smart,559,466,83.36314847942755,364.2618025751073,125.09442060085836,758.6225327699759,283.7061879301511,37.39754300392952,
549,549,10,8,smart,557,379,68.04308797127469,654.0290237467018,119.77572559366754,381.25550885044777,214.95558114945183,56.38097710314551,
550,550,10,6,basic,543,369,67.95580110497238,662.1382113821138,129.46883468834687,381.4769281891112,215.2333792429628,56.42107381557404,
551,551,5,4,smart,561,281,50.08912655971479,964.4804270462632,128.95017793594306,191.30550272371136,139.1740500297989,72.74963241951168,
552,552,5,6,basic,553,272,49.186256781193485,982.25,119.8345588235294,191.36997333201631,139.20602038015673,72.74182984738258,
553,553,10,6,basic,547,365,66.72760511882998,655.6465753424658,117.56986301369864,381.035138234158,199.7215100571202,52.415509756579226,
554,554,20,4,smart,558,451,80.82437275985663,397.64966740576494,134.41241685144124,759.1652019722377,284.6730122605973,37.49816397288026,
555,555,15,4,basic,562,435,77.40213523131672,381.98850574712645,122.4206896551724,570.020372162338,260.6699184297932,45.72993022003013,
556,556,5,4,smart,558,268,48.028673835125446,932.5485074626864,131.32089552238807,191.58782234885425,143.24043652311445,74.7648962063434,
557,557,5,8,smart,553,293,52.98372513562387,856.7372013651877,118.03754266211604,191.27172439631832,141.88572189731414,74.18018650959849,
558,558,15,8,basic,560,416,74.28571428571429,389.8317307692308,119.4591346153846,569.6469849581273,245.73068492076345,43.13736250861157,
559,559,15,4,basic,557,432,77.55834829443447,598.4074074074074,128.63194444444446,570.3641002835417,258.77488095103416,45.3701207390842,
560,560,5,6,basic,545,270,49.54128440366973,994.174074074074,123.03333333333332,191.5439089823244,142.93887311269904,74.62459854355869,
561,561,5,6,basic,543,272,50.09208103130756,1019.9448529411764,141.87867647058823,191.70717798268373,143.95134822352568,75.08918014354596,
562,562,15,4,basic,555,417,75.13513513513513,537.6139088729017,129.29976019184653,569.8041257888062,256.27233014002235,44.97551325821881,
563,563,15,8,basic,561,422,75.22281639928698,450.9336492890996,118.54739336492892,569.562908393436,242.97359890598744,42.659659771620696,
564,564,10,6,smart,545,376,68.9908256880734,584.0292553191489,119.875,381.37192314726457,213.34775262033008,55.9421760416136,
565,565,20,6,smart,540,457,84.62962962962963,365.6192560175055,130.16192560175054,759.1918247579497,280.0226495551028,36.88430781566719,
566,566,20,4,basic,557,460,82.58527827648115,376.4847826086957,129.15,758.7087308185668,281.9740602893479,37.16499479123268,
567,567,5,8,smart,567,292,51.49911816578483,917.8972602739726,119.0445205479452,191.3267463582778,142.10416200489587,74.27302492187479,
568,568,5,8,basic,556,284,51.07913669064749,1021.0457746478874,118.58802816901408,191.1050558672925,138.27484553951297,72.35540939091324,
569,569,5,4,smart,554,247,44.58483754512636,931.6356275303644,120.4089068825911,191.418586026052,134.41199784610322,70.21888555158893,
570,570,20,8,basic,558,444,79.56989247311827,359.06306306306305,122.23648648648648,758.0691335784,260.94491927196725,34.42231159580383,
571,571,5,4,basic,548,257,46.8978102189781,1036.568093385214,121.43579766536963,190.98445698219052,129.4834112029415,67.79787907819951,
572,572,5,4,basic,559,269,48.1216457960644,933.9739776951672,123.9814126394052,190.9890729728508,132.43921520615808,69.34387038204243,
573,573,20,8,smart,556,468,84.17266187050359,310.8119658119658,123.2905982905983,759.0325628874951,291.47301051127823,38.40059369817587,
574,574,5,4,basic,557,261,46.85816876122082,932.6590038314176,134.64750957854406,191.40439833695729,137.78528210604208,71.98647643586456,
575,575,20,8,basic,564,469,83.15602836879432,362.7974413646056,125.43923240938166,758.6003230704227,283.691392110772,37.39668748920849,
576,576,5,6,smart,547,281,51.37111517367459,1046.067615658363,138.67259786476868,191.16543161622863,140.5253036918342,73.5097880949228,
577,577,15,8,smart,558,461,82.61648745519713,480.8091106290672,123.46420824295012,569.9294973537616,266.4175973296594,46.74571127949376,
578,578,10,4,basic,558,370,66.30824372759857,531.9135135135135,119.42162162162164,380.9483300996231,204.6597518983177,53.72375614425097,
579,579,10,6,smart,542,367,67.71217712177122,653.2779291553134,119.0108991825613,380.9303417359991,210.3011967080614,55.20725803821872,
580,580,20,6,smart,547,461,84.27787934186472,347.3383947939262,127.06724511930584,759.3250628953556,292.9067018548289,38.57461266166518,
581,581,10,8,smart,567,389,68.60670194003528,548.6478149100257,114.74293059125964,381.0160986862052,211.74491130033687,55.57374400463965,
582,582,20,8,basic,557,449,80.61041292639139,353.9376391982183,119.29175946547883,758.4686887228424,270.655146774854,35.68441925145259,
583,583,20,8,smart,558,462,82.79569892473118,427.4458874458874,126.87012987012989,759.1149313762206,290.1750617721434,38.22544515704321,
584,584,20,4,smart,554,449,81.04693140794224,414.2984409799554,127.69710467706014,758.897674289513,277.1876187398053,36.52503204721386,
585,585,10,6,smart,546,360,65.93406593406593,530.6083333333333,118.21944444444443,380.94735528983,203.36375897409076,53.38369098779246,
586,586,15,4,smart,555,432,77.83783783783784,490.8842592592592,132.02314814814815,571.8619425328408,280.2320603168599,49.00344636953468,
587,587,20,6,basic,546,423,77.47252747252747,287.8085106382979,124.24113475177305,757.5993204580873,262.28211139137625,34.62016191260384,
588,588,20,6,smart,542,446,82.28782287822878,404.57174887892376,126.48878923766816,758.619936262176,270.93532410610834,35.71423728211569,
589,589,15,6,basic,550,415,75.45454545454545,473.8048192771085,125.25301204819276,569.6809675951271,242.1067574693354,42.498656483360165,
590,590,15,8,basic,561,408,72.72727272727273,419.4828431372549,119.14460784313724,569.2626815278925,236.05514337118328,41.46682208951671,
591,591,20,6,basic,539,420,77.92207792207793,317.46190476190475,130.4309523809524,758.5192843902637,268.2104829325248,35.35974476220812,
592,592,5,4,basic,556,270,48.561151079136685,838.4592592592593,113.04074074074074,191.4111551383241,139.1907093629663,72.71818053779549,
593,593,5,4,smart,563,287,50.97690941385436,992.1951219512196,123.81184668989548,191.56471126948608,145.58111977773495,75.99579213362364,
594,594,15,4,basic,559,425,76.02862254025044,420.24,123.54823529411765,570.4776382848302,255.17311005404375,44.7297304800999,
595,595,20,8,smart,561,466,83.06595365418895,354.3304721030043,125.39270386266094,758.8517986943916,287.3933205947345,37.87212748117567,
596,596,20,4,smart,562,475,84.51957295373666,339.9263157894737,128.70105263157896,759.032987095858,299.3966748343673,39.4444879108471,
597,597,5,6,basic,542,268,49.44649446494465,918.3656716417912,119.4141791044776,191.12177162838375,132.5930285268245,69.37620313850884,
598,598,5,4,smart,562,291,51.77935943060498,1010.1615120274914,123.09621993127148,191.41899925006703,147.15696758347778,76.87688691300389,
599,599,5,4,smart,558,274,49.10394265232975,1031.492700729927,133.32481751824818,191.813606857192,148.63401093080665,77.48877327637494,
600,600,20,8,smart,567,490,86.41975308641975,354.94081632653064,121.16122448979591,759.0128939224549,299.0514793913061,39.400052592763856,
601,601,10,4,basic,555,364,65.58558558558558,626.8324175824176,115.8846153846154,380.6905651977529,201.413819191244,52.907489074917805,
602,602,10,6,smart,546,380,69.59706959706959,647.4342105263158,128.01842105263157,381.6489869730479,218.2896816427252,57.19645252409404,
603,603,20,8,smart,565,475,84.070796460177,300.8147368421053,124.35157894736842,759.088330401213,293.4877675160094,38.66319053553197,
604,604,5,4,basic,556,255,45.86330935251798,934.3450980392156,116.85882352941177,191.23485041889936,130.47303864748915,68.22660114601933,
605,605,10,6,smart,550,372,67.63636363636364,652.6451612903226,123.06451612903226,381.0703886081829,205.8372459339125,54.01554465717216,
606,606,10,8,smart,561,388,69.16221033868094,589.1881443298969,116.76030927835052,381.29804389880167,220.1852086764773,57.746220364800905,
607,607,20,4,basic,553,430,77.75768535262206,308.04418604651164,125.5093023255814,758.7037018942211,274.32238889921854,36.156722079295285,
608,608,15,6,basic,542,395,72.87822878228782,458.20506329113925,122.926582278481,569.6413014383447,232.72334489165328,40.85436647659266,
609,609,15,6,smart,549,402,73.224043715847,434.6169154228856,120.98258706467662,570.2976373825428,240.57621797196228,42.184326604633846,
610,610,10,8,smart,559,367,65.65295169946333,538.8337874659401,123.31607629427792,381.3257360881588,212.3287564860807,55.6817272980999,
611,611,5,8,smart,562,279,49.644128113879006,998.3548387096774,112.2078853046595,191.6542988948431,140.81400726710513,73.47291872871946,
612,612,5,4,smart,559,292,52.23613595706619,976.5616438356165,124.57876712328768,191.22652957054697,145.72693504039208,76.2064423632343,
613,613,20,8,smart,563,463,82.2380106571936,346.2375809935205,121.63714902807776,758.6747120910414,282.17212529038005,37.19276796674345,
614,614,5,6,smart,545,266,48.80733944954129,912.984962406015,131.01127819548873,191.449751430348,142.90659815794996,74.64444173485452,
615,615,15,8,basic,561,447,79.67914438502673,471.7427293064877,122.53914988814316,569.8384939167291,255.1041043088034,44.767790704234514,
616,616,15,6,basic,545,415,76.14678899082568,460.69879518072287,125.69638554216868,569.9260333696535,243.70928350797607,42.76156364836672,
617,617,15,6,smart,546,409,74.9084249084249,461.12224938875306,126.9877750611247,570.2572133690545,253.3403710034628,44.42563198924552,
618,618,5,4,smart,559,271,48.479427549195,925.929889298893,123.54981549815498,191.24184426848143,139.68992303923724,73.04359753147368,
619,619,5,8,smart,563,278,49.37833037300178,904.953237410072,119.12589928057554,191.39985954601343,140.17657235244218,73.23755236024249,
620,620,10,8,basic,558,386,69.17562724014337,576.8497409326425,111.87823834196892,380.69917927806745,205.1684220179733,53.89253068710078,
621,621,20,6,smart,546,459,84.06593406593407,407.9259259259259,131.22657952069716,758.5052764708915,290.0755200467584,38.2430457697535,
622,622,10,8,smart,561,384,68.44919786096256,588.6041666666666,119.70052083333331,381.4098057015558,210.66373668793537,55.23291051745397,
623,623,20,4,smart,559,466,83.36314847942755,337.03648068669526,130.5343347639485,759.4766290919332,303.93713969199695,40.01928802672951,
624,624,5,6,smart,549,275,50.09107468123861,1000.4509090909092,122.01818181818182,191.182443698504,137.64254363017835,71.99538878540625,
625,625,10,4,basic,559,376,67.26296958855099,608.7446808510638,116.75797872340424,380.9010724284939,211.52573632695103,55.53298523901125,
626,626,15,8,basic,561,414,73.79679144385027,455.9541062801932,127.09661835748793,569.5130475577027,249.4802296318793,43.80588481716955,
627,627,5,8,basic,565,282,49.91150442477876,864.3439716312057,117.90070921985816,191.21324138325784,142.457800694396,74.50205836365748,
628,628,15,4,smart,561,453,80.74866310160428,473.7880794701987,127.42604856512142,571.2558345094747,276.89913049380266,48.472000418441255,
629,629,10,4,basic,558,373,66.84587813620072,750.4986595174263,127.7828418230563,381.70470576717713,219.292531222434,57.45083251768782,
630,630,5,4,smart,555,263,47.387387387387385,879.4562737642585,121.9809885931559,191.5235315606016,136.51089882817186,71.27630621461117,
631,631,15,8,basic,559,423,75.67084078711986,441.27186761229314,119.18676122931444,569.6738804171839,241.8703460336112,42.45768576514068,
632,632,15,8,smart,558,428,76.70250896057348,425.16121495327104,121.76168224299066,560.7626631956915,257.9183087719392,45.99420141528439,
633,633,10,8,basic,557,387,69.47935368043088,592.5891472868217,115.31782945736434,381.2041812765472,212.47597103393844,55.73810085776479,
634,634,15,4,smart,564,456,80.85106382978722,519.719298245614,128.94298245614036,571.9314437525935,287.260800994338,50.22643957281731,
635,635,10,6,basic,547,371,67.82449725776965,632.1266846361186,125.98382749326146,381.5529305783065,208.2528386392353,54.58032738042235,
636,636,5,8,basic,556,284,51.07913669064749,961.6725352112676,116.38028169014083,191.272123444774,140.44716381514314,73.42793151752429,
637,637,5,6,basic,547,278,50.82266910420476,931.1294964028776,127.21942446043164,191.37019787316368,146.20024614629318,76.39655901029677,
638,638,20,6,basic,553,430,77.75768535262206,363.1209302325581,128.28604651162792,757.9848912112205,270.8540091260808,35.733431136505914,
639,639,20,4,basic,556,438,78.77697841726618,412.4018264840183,133.19634703196348,758.8470668731451,280.8707535407924,37.01282719562056,
640,640,20,6,basic,545,408,74.86238532110092,404.6666666666667,128.6053921568627,758.2904720357332,265.56665327685914,35.02175789759161,
641,641,10,6,smart,545,374,68.62385321100918,608.8449197860963,127.8903743315508,381.3677479688557,217.9487484451097,57.14923446093518,
642,642,15,6,smart,542,405,74.72324723247232,516.0222222222222,123.70864197530864,570.1827158395009,238.8211257016221,41.88501669153492,
643,643,20,4,smart,559,467,83.54203935599284,300.7259100642398,130.27194860813705,759.9112466231487,307.0408911108464,40.40483575881494,
644,644,20,4,basic,555,454,81.8018018018018,388.2973568281938,130.78193832599118,758.4778687492013,284.32408984019173,37.48614185791181,
645,645,15,4,smart,562,447,79.53736654804271,505.5078299776287,125.80536912751678,570.9848965003034,268.7170370293049,47.06202189871096,
646,646,20,8,basic,561,464,82.70944741532978,345.02370689655174,121.95043103448276,758.4781049497814,278.0534744408155,36.65939367613325,
647,647,10,8,smart,562,381,67.79359430604983,620.7296587926509,122.12073490813648,381.8570642108001,214.9239070626964,56.2838630488318,
648,648,15,6,smart,543,410,75.50644567219152,465.24146341463415,127.57073170731708,570.1921836091028,252.33357015453035,44.25412648720531,
649,649,15,6,basic,543,385,70.90239410681399,432.0311688311688,122.1818181818182,569.4679136924983,234.28236427556575,41.14057326890479,
650,650,15,8,smart,565,453,80.17699115044248,440.5253863134658,124.77924944812362,570.249944191282,268.22989824191694,47.037251116668784,
651,651,5,6,smart,539,254,47.124304267161406,931.4330708661416,114.38188976377953,191.53793373720364,131.8049078497339,68.81399693419193,
652,652,20,8,basic,554,437,78.88086642599278,371.6109839816934,121.75057208237986,757.8079206144449,259.5846434362225,34.25467540979862,
653,653,10,8,basic,559,376,67.26296958855099,533.6808510638298,121.42021276595744,381.1065477498949,214.08376096811185,56.17425421633179,
654,654,10,6,smart,547,368,67.27605118829982,617.0896739130435,125.6195652173913,381.5427651763729,214.2695539321636,56.158725440152125,
655,655,15,6,smart,546,425,77.83882783882784,446.1694117647059,127.74117647058824,570.5808420002073,258.78425717026903,45.354529651413536,
656,656,15,8,smart,556,445,80.03597122302159,478.3348314606741,122.78426966292136,569.9156431234403,255.00929894206803,44.74509552755592,
657,657,20,8,basic,566,446,78.79858657243817,293.280269058296,121.84529147982065,757.453669544545,272.1500891234355,35.9296020424693,
658,658,15,8,basic,560,417,74.46428571428572,457.652278177458,119.5347721822542,569.704607289635,241.71510141299603,42.42814580049715,
659,659,10,6,smart,547,390,71.29798903107861,637.5564102564102,122.45384615384616,381.4800332759406,215.69875461321772,56.54260663681806,
660,660,20,8,smart,561,486,86.63101604278076,305.724279835391,125.29012345679013,759.15668303751,295.5326096482566,38.92906645645038,
661,661,5,6,basic,550,268,48.72727272727273,961.8171641791045,122.96641791044776,191.10847583666043,137.5326897683392,71.96577188229358,
662,662,10,6,smart,542,394,72.69372693726937,670.4238578680203,129.07868020304568,381.4172167407826,219.1304579598585,57.45164306748721,
663,663,5,4,basic,561,277,49.376114081996434,942.3249097472924,124.2129963898917,191.35204671541183,140.14225103374466,73.2379158934062,
664,664,5,4,basic,555,265,47.74774774774775,987.433962264151,121.67169811320754,191.19515779034705,136.503071486,71.39462790981399,
665,665,15,8,smart,559,456,81.5742397137746,481.4320175438597,122.01754385964912,569.950943719036,260.4046389049064,45.688956527682485,
666,666,20,4,basic,557,457,82.04667863554758,405.6236323851204,133.24288840262582,758.1627146787926,282.33068095810285,37.23879788492589,
667,667,10,6,smart,542,370,68.26568265682657,613.5054054054054,124.56486486486486,381.5034430498084,214.3021800063717,56.17306577712664,
668,668,5,4,smart,558,259,46.415770609319,963.957528957529,124.53281853281854,191.4038325325228,135.20204427511402,70.63706221877291,
669,669,15,6,basic,546,416,76.19047619047619,403.375,122.78846153846152,569.8453704075692,249.11373386895792,43.71602311883044,
670,670,10,8,smart,553,394,71.24773960216999,533.5685279187817,115.17005076142132,381.1026579736316,213.07601898889013,55.91039960776993,
671,671,10,8,smart,564,370,65.60283687943263,614.9,118.54864864864864,381.2652500324804,211.97354767561467,55.59739516191324,
672,672,15,8,basic,556,426,76.61870503597122,415.4342723004695,120.40610328638498,569.8222951551253,243.589645187555,42.748352821337306,
673,673,20,6,basic,547,425,77.6965265082267,361.0847058823529,120.04941176470588,757.3507713700562,254.65711082892295,33.62472456035733,
674,674,20,4,smart,557,468,84.02154398563735,356.77564102564105,132.1965811965812,759.6508564781525,299.64987557287384,39.44573655351257,
675,675,5,6,smart,547,281,51.37111517367459,955.067615658363,120.31316725978648,191.5125209515256,142.2951152811849,74.30068518454817,
676,676,15,4,basic,558,403,72.22222222222221,462.8585607940447,126.84615384615384,569.5254945416096,240.11193797098372,42.15999815148594,
677,677,10,8,basic,561,374,66.66666666666666,634.2620320855615,117.1711229946524,380.7827788927357,206.2553066878878,54.16613306086218,
678,678,15,4,smart,555,447,80.54054054054053,456.3579418344519,131.29530201342283,571.0539610127735,286.77043424117863,50.217747151702895,
679,679,15,4,basic,555,419,75.49549549549549,389.01193317422434,122.76849642004774,570.2280057722415,255.3065416049414,44.77271179608022,
680,680,5,6,basic,543,259,47.697974217311234,826.9150579150579,121.26254826254826,191.17027888341525,133.1585821998658,69.65443738305798,
681,681,20,6,basic,544,416,76.47058823529412,310.8701923076923,120.15625,757.0267606170905,242.06974566092197,31.976378941161705,
682,682,10,6,basic,539,354,65.67717996289424,635.7627118644068,122.090395480226,381.21150783672994,200.90767017284668,52.70241481243372,
683,683,5,6,basic,546,273,50.0,955.6556776556776,123.12454212454212,191.30996892969,137.64093334775208,71.94655569587056,
684,684,10,4,smart,554,376,67.87003610108303,611.7765957446809,130.58244680851064,381.6739697371201,224.03738325450675,58.69862789144715,
685,685,15,8,basic,559,430,76.92307692307693,454.5813953488372,124.9813953488372,570.0609370754305,255.821547413325,44.87617564637211,
686,686,15,4,smart,554,429,77.43682310469315,409.4731934731935,124.65268065268066,570.7356156384252,265.8590131951527,46.58181580235933,
687,687,15,4,basic,557,418,75.04488330341114,431.1770334928229,125.01674641148324,570.4970374379742,254.03829027666305,44.529291758904655,
688,688,15,8,basic,565,429,75.929203539823,442.5757575757576,120.8041958041958,569.3950305881026,246.7411849011417,43.33391962453445,
689,689,15,6,smart,544,419,77.02205882352942,428.4439140811456,125.2147971360382,570.4945005344584,259.21383272805866,45.43669263861762,
690,690,5,8,basic,557,279,50.08976660682226,972.0931899641575,120.06810035842294,191.3850425156107,141.62262146579653,73.99879301134246,
691,691,10,6,basic,542,343,63.284132841328415,529.3527696793003,117.9475218658892,380.1329714538408,187.7745329520236,49.39706551469843,
692,692,15,6,basic,545,408,74.86238532110092,417.25,120.97549019607844,569.3978198050718,231.822202290198,40.713573924389145,
693,693,20,6,smart,549,433,78.87067395264117,370.3256351039261,128.64434180138568,758.387485102164,273.2360074856137,36.02854910624026,
694,694,20,6,smart,543,446,82.13627992633518,389.3273542600897,127.5134529147982,758.4020963543193,276.0790447707677,36.40272700957644,
695,695,15,8,smart,561,434,77.36185383244207,392.1428571428572,124.17511520737328,569.9943765839956,251.66799765064863,44.15271588448071,
696,696,15,6,basic,547,376,68.73857404021938,345.1994680851064,119.63829787234044,569.3692030212106,227.33480774605,39.9274858105701,
697,697,15,8,smart,566,455,80.3886925795053,424.3626373626374,125.44175824175824,569.9479916158209,263.3525896113504,46.20642470635564,
698,698,10,8,basic,561,378,67.37967914438502,618.515873015873,113.55291005291004,380.7917001653939,206.19136757430823,54.14807294506437,
699,699,20,6,basic,546,431,78.93772893772893,375.5614849187935,123.99303944315544,758.427759617622,267.9951931475284,35.3356255423251,
700,700,5,6,smart,546,282,51.64835164835166,901.517730496454,124.8936170212766,191.50262306745284,147.56162386801125,77.05462280589009,
701,701,15,6,basic,542,398,73.43173431734317,460.9070351758794,122.07286432160804,569.0977909149406,227.3836559444732,39.95511133137729,
702,702,10,8,basic,561,369,65.77540106951871,526.0460704607046,120.34959349593495,380.8593221330676,208.41128343046103,54.7213291939969,
703,703,10,4,basic,559,372,66.54740608228981,585.005376344086,121.39516129032258,381.0532693817543,214.01840774029563,56.1649577465988,
704,704,20,8,smart,554,467,84.29602888086643,296.3340471092077,126.7237687366167,758.6864078555884,285.7002605592861,37.657226701452586,
705,705,5,4,smart,557,278,49.91023339317774,897.1223021582733,127.07913669064747,191.5864066517192,146.10881590361492,76.26262137126616,
706,706,5,8,smart,556,280,50.35971223021583,1042.875,112.14642857142856,191.3608818183723,137.92938004910172,72.07814822886091,
707,707,10,8,basic,562,377,67.08185053380782,630.6180371352785,112.10875331564986,380.4349679276036,199.03726539020636,52.318341417049474,
708,708,20,8,basic,561,441,78.6096256684492,335.27437641723355,118.89795918367346,758.1447125587978,262.91649231765075,34.678932394092286,
709,709,20,4,smart,555,465,83.78378378378379,403.1268817204301,127.97419354838708,759.3582697473065,295.6780015660377,38.93787864645646,
710,710,10,6,basic,542,347,64.02214022140221,619.5821325648415,123.78674351585016,380.8839567065749,192.97236192757404,50.66434501367985,
711,711,20,8,smart,558,451,80.82437275985663,332.1951219512195,123.46119733924613,758.3758591940133,280.11445914549296,36.93609913205742,
712,712,15,8,smart,557,435,78.09694793536805,488.8873563218391,121.06666666666666,570.7176003670666,259.5304219629695,45.4744030666039,
713,713,10,4,smart,556,381,68.5251798561151,624.0839895013123,122.2047244094488,381.6977436458853,221.39531693954947,58.00278377986585,
714,714,20,4,smart,561,478,85.20499108734403,389.27196652719664,134.84100418410043,759.9423984477717,316.0698164843023,41.59128601455768,
715,715,5,6,basic,544,289,53.125,985.955017301038,129.90657439446366,191.2673537293529,140.17967246982303,73.2899105553476,
716,716,5,8,smart,561,294,52.406417112299465,983.78231292517,122.86734693877553,191.42671717248277,142.73365603593336,74.56307987945324,
717,717,5,4,basic,558,277,49.6415770609319,929.57761732852,115.49097472924188,191.6561396577527,142.24561599957102,74.21918037876802,
718,718,10,6,smart,547,378,69.10420475319927,617.7275132275132,118.73280423280424,381.2773437079724,208.2517311995423,54.61948752954129,
719,719,10,4,smart,555,378,68.10810810810811,544.8359788359788,119.6851851851852,381.4871612809321,216.0532531734565,56.63447557396357,
720,720,15,8,basic,557,399,71.63375224416517,398.4561403508772,120.74436090225564,569.122254596552,241.45266999494547,42.42544867027034,
721,721,10,8,basic,564,379,67.19858156028369,680.0791556728232,123.7335092348285,381.37013697999225,211.32897682705973,55.41308989228661,
722,722,15,6,smart,546,430,78.75457875457876,535.0325581395349,129.44418604651162,570.6291303663078,263.1632260546341,46.11808476824518,
723,723,20,4,smart,557,462,82.9443447037702,374.44372294372295,127.93939393939394,759.0306845383519,289.18277193274616,38.09895671195813,
724,724,5,6,basic,547,293,53.56489945155393,1026.8430034129692,131.83276450511946,191.13199766894184,141.17020567186117,73.86005869952811,
725,725,15,6,smart,542,423,78.04428044280442,414.5721040189125,124.57919621749409,570.2951632901916,255.2921914438284,44.76492312699562,
726,726,10,4,smart,563,388,68.9165186500888,535.229381443299,125.6417525773196,381.9720713286685,221.931884608868,58.10159989888536,
727,727,15,8,smart,554,436,78.70036101083032,392.4105504587156,125.19724770642202,570.4260167363493,262.550130420678,46.02702589247932,
728,728,10,8,smart,558,387,69.35483870967742,526.1343669250646,113.49870801033592,380.7373784098856,208.3863394938945,54.73230402651842,
729,729,10,8,smart,554,381,68.7725631768953,629.2965879265092,125.62992125984252,381.2587976559266,212.12177450525084,55.63721435660711,
730,730,5,4,smart,557,275,49.371633752244165,960.1272727272728,129.73454545454547,191.6988678955654,144.06120790867683,75.14974370488153,
731,731,15,6,basic,542,415,76.56826568265683,478.37590361445785,117.89397590361446,569.4882278890112,240.3698267711464,42.2080413606008,
732,732,15,8,smart,558,443,79.39068100358423,449.1038374717833,122.00902934537244,570.2552230206761,258.45350902451696,45.32242732569344,
733,733,5,8,smart,559,276,49.37388193202147,922.5942028985507,114.91304347826087,191.56041379466023,139.91247193387758,73.03830116166601,
734,734,5,8,smart,560,278,49.642857142857146,1005.9928057553956,125.01438848920864,191.4426497126789,143.35079734692033,74.87923801831211,
735,735,15,6,smart,543,411,75.69060773480662,505.6082725060827,122.93430656934306,569.9895637640678,247.8686497498521,43.48652422914375,
736,736,20,8,basic,561,456,81.28342245989305,296.9627192982456,124.87719298245614,758.5620107900179,287.0730294809996,37.84437203519093,
737,737,20,4,basic,558,450,80.64516129032258,412.1755555555556,131.27777777777777,759.0137522549787,276.8045576072491,36.4689779051936,
738,738,5,4,basic,553,273,49.36708860759494,827.7838827838827,125.82417582417582,191.2036520983915,139.4156770493171,72.9147563444945,
739,739,15,4,smart,557,407,73.07001795332137,410.02211302211305,123.76167076167076,570.128708504304,252.58870554056236,44.30380399598059,
740,740,5,8,smart,563,286,50.799289520426285,928.6433566433568,125.986013986014,191.50128758645596,143.0237028833775,74.68550456550192,
741,741,10,8,smart,561,406,72.37076648841355,700.8916256157636,121.46305418719211,381.80469575247525,229.4789456892205,60.10375153635936,
742,742,15,6,smart,542,409,75.46125461254613,408.9242053789731,124.54523227383864,570.3096970267497,246.2151104130676,43.17217674829736,
743,743,15,4,smart,558,419,75.08960573476703,479.6515513126492,134.236276849642,570.4725053811648,257.4481526350354,45.128932631559486,
744,744,10,8,basic,559,369,66.01073345259391,656.6070460704607,115.53116531165313,381.0337157885118,201.74558454668,52.94691156901624,
745,745,15,8,basic,562,435,77.40213523131672,433.0229885057472,123.56551724137933,570.1845696135421,254.9872157539285,44.720118597168096,
746,746,10,4,smart,557,387,69.47935368043088,630.7571059431525,129.0749354005168,382.1683999880914,241.38610188764807,63.162234736092735,
747,747,5,8,basic,559,296,52.95169946332737,1053.570945945946,112.06756756756756,191.46094798566685,143.0897618811779,74.73574292126135,
748,748,15,6,smart,545,437,80.18348623853211,449.7093821510297,127.78489702517165,570.5350198691558,258.46447395729814,45.30212256148156,
749,749,5,4,basic,563,285,50.62166962699822,907.7929824561404,127.03157894736842,191.27156090401112,139.62364876974996,72.99759990970091,
750,750,15,8,smart,562,435,77.40213523131672,368.13793103448273,122.4206896551724,570.8903609530755,266.026513334583,46.59852951282343,
751,751,5,8,basic,563,273,48.49023090586146,861.1538461538462,116.4029304029304,191.15151502542116,137.8218296304655,72.10083038689838,
752,752,5,8,basic,558,278,49.82078853046595,941.205035971223,117.7158273381295,191.1161003917614,137.90699727929942,72.15875428423313,
753,753,5,8,basic,561,280,49.9108734402852,984.2214285714284,114.63928571428572,191.2113531658804,137.9922583067963,72.167398024261,
754,754,15,6,smart,544,414,76.10294117647058,395.451690821256,124.9903381642512,570.3353389706758,252.0942749227729,44.20106167325088,
755,755,15,4,smart,555,447,80.54054054054053,499.9395973154362,127.05369127516778,570.4655988490937,265.96553522439865,46.622537057621074,
756,756,20,6,smart,544,450,82.72058823529412,376.1088888888889,125.96444444444444,758.1484385115773,270.26089392127875,35.647490675027186,
757,757,5,8,basic,562,280,49.8220640569395,887.1392857142857,119.18214285714286,191.27841203571407,136.4791406642072,71.35104229050418,
758,758,20,8,basic,563,446,79.21847246891652,399.46860986547085,121.13677130044844,744.1492822414577,271.4171546088897,36.47348201309178,
759,759,10,4,smart,559,398,71.19856887298748,591.1884422110553,125.9422110552764,381.7172279851696,230.78220620483927,60.45894428789197,
760,760,15,4,smart,558,434,77.77777777777779,539.778801843318,130.44700460829492,571.0227729254839,276.1723519434682,48.36450751842564,
761,761,5,6,smart,550,268,48.72727272727273,912.0671641791045,125.16044776119404,190.95971781386547,134.67812213188208,70.52698007396364,
762,762,20,8,smart,560,466,83.21428571428572,347.9914163090129,122.07081545064378,758.5748157262938,277.5716034399891,36.59119676603415,
763,763,20,4,smart,557,467,83.84201077199282,358.87580299785867,130.00856531049251,759.4963759192459,296.5606816815384,39.04701735049101,
764,764,20,4,smart,559,482,86.22540250447227,394.08921161825725,133.93153526970954,760.0478245764444,310.5453178917066,40.85865492276959,
765,765,5,8,smart,557,280,50.269299820466784,1038.5464285714286,121.88928571428572,191.29304637412204,141.38938491670663,73.91245400535044,
766,766,10,8,basic,566,382,67.49116607773851,563.9895287958116,122.97643979057592,380.5877357768806,214.1278523417367,56.2624152627107,
767,767,15,6,smart,542,425,78.41328413284133,426.0305882352941,123.85882352941177,570.4016589819142,250.0425481879422,43.83622386972586,
768,768,20,4,basic,549,436,79.41712204007287,363.54128440366975,133.7408256880734,758.4136227822795,277.34980370711475,36.56972862507964,
769,769,20,4,basic,554,431,77.79783393501805,428.0904872389791,128.06496519721577,758.3354703608628,268.8414839907779,35.45152435805838,
770,770,20,6,basic,547,455,83.18098720292505,379.9098901098901,122.27252747252749,758.2164012067266,263.349383146949,34.73274684217061,
771,771,15,6,basic,544,401,73.71323529411765,417.5411471321696,127.66084788029926,569.8955568571058,241.77659761305495,42.42472058326249,
772,772,10,4,basic,557,377,67.68402154398564,641.5888594164456,123.72148541114058,382.05185250680455,226.9928767932086,59.41415420545978,
773,773,15,8,smart,560,430,76.78571428571429,384.36976744186046,120.7139534883721,570.5536993610084,259.05234322540343,45.40367427562544,
774,774,20,8,smart,559,470,84.07871198568873,283.83404255319147,119.2531914893617,758.3503095763974,284.5907827307879,37.527614762860175,
775,775,15,6,basic,546,397,72.7106227106227,449.1662468513854,125.24685138539044,569.8001090074944,245.85969061841132,43.14841059729906,
776,776,15,4,basic,555,427,76.93693693693695,488.37470725995314,123.69086651053864,570.4211218532251,256.2693086529565,44.92633579562593,
777,777,20,8,smart,559,467,83.54203935599284,312.8158458244112,128.51605995717344,758.6844131340343,293.2164380053998,38.64801133769941,
778,778,5,6,basic,540,272,50.37037037037037,990.8272058823528,120.25735294117646,190.9687630871432,136.61706285005522,71.53895780731108,
779,779,5,6,basic,540,251,46.48148148148148,875.6852589641434,118.55378486055776,191.2297653428216,126.36528011849316,66.08034052227983,
780,780,15,4,smart,556,438,78.77697841726618,416.7739726027397,126.77853881278538,571.1089528424986,276.40285888825645,48.39757064086566,
781,781,15,4,smart,556,430,77.33812949640287,494.4627906976744,133.4953488372093,571.5471322715727,276.8412572344482,48.4371702004982,
782,782,15,4,smart,553,442,79.92766726943941,450.1809954751132,128.97285067873304,570.9569268480195,272.977566125657,47.81053583720155,
783,783,10,6,basic,549,359,65.39162112932605,588.133704735376,123.35933147632312,380.9200621482871,204.137066910248,53.59052651597547,
784,784,10,4,smart,562,391,69.57295373665481,644.5601023017903,120.70588235294116,381.49375625217954,219.3308402957944,57.49264219957764,
785,785,5,6,basic,547,259,47.3491773308958,1093.7027027027027,122.45559845559846,191.4199354187695,131.7870467401424,68.84708557226905,
786,786,20,4,basic,556,445,80.03597122302159,306.9483146067416,127.6561797752809,758.1939981311879,275.33501647277416,36.31458665610985,
787,787,5,4,smart,557,259,46.49910233393178,1000.4517374517376,127.27413127413128,191.50180463437323,142.82454942418985,74.58130731294102,
788,788,5,6,basic,546,273,50.0,1070.1062271062272,128.28205128205127,191.17882872416072,137.77316433283815,72.06507396884511,
789,789,10,8,basic,560,363,64.82142857142857,497.793388429752,112.72176308539945,381.0325441711221,203.4155080309664,53.38533706444042,
790,790,5,4,basic,559,268,47.9427549194991,842.7835820895523,120.7723880597015,191.25049113279093,139.6867981067529,73.03866111892188,
791,791,20,6,smart,545,430,78.89908256880734,383.3906976744186,131.9139534883721,758.730930201444,287.0088275368015,37.82748483188899,
792,792,10,8,smart,558,387,69.35483870967742,712.0335917312661,125.91214470284238,381.6875152307938,220.843629473173,57.859799092363865,
793,793,15,6,basic,540,399,73.88888888888889,412.6140350877193,120.29573934837092,569.5294043321767,235.51777274212685,41.35304884184025,
794,794,15,8,basic,558,419,75.08960573476703,408.9761336515513,121.38663484486874,569.6680882481986,246.39559354016723,43.25248309026135,
795,795,5,6,basic,543,268,49.355432780847146,892.4925373134329,117.76492537313432,191.39140994855657,134.25925578481804,70.14904996044761,
796,796,15,4,smart,556,439,78.9568345323741,427.74715261959,128.28929384965832,570.8886613472469,273.38696545195813,47.88796554599438,
797,797,5,4,smart,555,275,49.549549549549546,954.8254545454546,126.44,191.4955715384704,141.76578747425668,74.03084381289555,
798,798,15,8,basic,557,424,76.12208258527828,503.7995283018868,121.87735849056604,569.6445496811547,240.3346936275884,42.19029107925463,
799,799,10,4,basic,555,367,66.12612612612612,642.2479564032698,121.60762942779292,381.405945008433,209.89789059850307,55.032674069582775,
800,800,5,4,smart,552,276,50.0,937.5760869565216,135.10507246376812,191.85288396355776,149.94118391509684,78.15425070366834,
801,801,20,4,smart,561,462,82.35294117647058,344.45454545454544,134.46969696969697,759.5146685755835,303.5294751314447,39.96360935341682,
802,802,15,4,smart,561,432,77.00534759358288,476.2314814814815,132.47916666666666,570.7777325516546,266.7019585977547,46.72606224588808,
803,803,15,6,basic,546,413,75.64102564102564,467.2106537530266,127.3002421307506,569.7062448295901,245.9044292046113,43.163372604098086,
804,804,20,4,smart,558,443,79.39068100358423,349.16704288939053,130.1647855530474,759.1490876505087,293.75597853895613,38.69542667147264,
805,805,15,8,basic,561,440,78.43137254901961,429.5522727272728,123.41818181818182,570.2901244079284,257.6396980536574,45.17695240140049,
806,806,5,4,smart,555,268,48.28828828828829,925.9216417910447,124.8320895522388,191.4915212330525,137.6141218757392,71.8643420813695,
807,807,10,6,smart,544,372,68.38235294117648,574.2069892473119,121.26075268817203,381.4122346475287,214.6033445350728,56.26545900746797,
808,808,5,6,smart,544,272,50.0,1064.5882352941176,128.46691176470588,191.3424805496045,139.02653323740833,72.65847753100833,
809,809,10,4,basic,557,370,66.42728904847397,560.2,118.9162162162162,380.9740879819975,210.79384698114652,55.33023206321249,
810,810,20,4,smart,564,469,83.15602836879432,332.0063965884861,129.13432835820896,759.7719962960156,306.41358365344394,40.32967589582781,
811,811,20,6,smart,549,424,77.23132969034609,341.7971698113208,127.1745283018868,758.1186475690779,263.3835977764461,34.74173846283702,
812,812,5,4,smart,559,285,50.98389982110913,915.7754385964912,124.32982456140353,191.2210197550094,142.76191363973408,74.65806521826906,
813,813,15,8,basic,563,427,75.8436944937833,438.26932084309135,122.50819672131148,569.5949409621779,253.56197447779567,44.51619146221185,
814,814,5,8,basic,557,275,49.371633752244165,1037.4218181818185,123.41818181818182,191.0693131246172,141.7272005862805,74.17580472163245,
815,815,15,6,smart,546,430,78.75457875457876,450.7604651162791,126.66744186046512,570.5874306508999,256.95523010995856,45.03345435016609,
816,816,10,4,basic,556,386,69.42446043165468,730.419689119171,124.27979274611398,381.7489369934216,224.16959896706533,58.72173495297206,
817,817,5,6,basic,549,262,47.72313296903461,981.5076335877862,125.35496183206106,191.37951421347225,136.7936650002069,71.47769475870957,
818,818,5,8,smart,559,299,53.48837209302325,926.3311036789298,109.77591973244148,191.60560675843533,144.29623939500124,75.30898590922818,
819,819,5,6,smart,542,273,50.3690036900369,1040.805860805861,135.14285714285714,191.51500892555572,142.0404131301582,74.16672663256959,
820,820,5,8,basic,566,283,50.0,1040.47703180212,118.2190812720848,191.09061724290584,143.00132243846912,74.83429825164689,
821,821,20,6,smart,546,447,81.86813186813187,322.93959731543623,126.36241610738254,758.77702383605,284.93620092027663,37.552033333819445,
822,822,15,4,basic,559,432,77.28085867620752,542.9629629629629,127.39120370370372,570.3236455535297,257.16659359773246,45.09134341574397,
823,823,20,6,basic,542,428,78.96678966789668,414.3901869158879,126.16121495327104,757.9784732979637,265.7547571354801,35.060990054134564,
824,824,15,4,basic,563,425,75.48845470692717,443.1764705882353,125.73176470588236,570.7388505955478,258.7540105618031,45.33667373296939,
825,825,5,8,smart,562,288,51.245551601423486,918.3402777777778,112.78472222222224,191.32973171953736,143.38526745606245,74.9414459359851,
826,826,5,8,smart,558,298,53.40501792114696,1019.7248322147652,127.13087248322148,191.36430433453603,143.02843270513836,74.74143790949712,
827,827,15,8,basic,559,422,75.49194991055455,422.37914691943126,118.59478672985782,569.805110794349,246.39448235257083,43.24188703907541,
828,828,15,6,smart,542,407,75.09225092250922,534.3955773955774,126.07371007371007,569.9894853755001,238.19696167129905,41.7897115267624,
829,829,20,8,basic,560,454,81.07142857142857,302.38766519823787,122.647577092511,758.1795147571628,279.811078000194,36.90564998842189,
830,830,20,8,smart,557,459,82.40574506283662,358.0980392156863,128.4553376906318,758.2734744519945,290.1107361919301,38.259380812653845,
831,831,10,4,basic,555,364,65.58558558558558,611.5412087912088,125.9065934065934,381.2373374712286,207.8741729026069,54.526184208884,
832,832,5,6,basic,547,275,50.27422303473492,1023.541818181818,122.58545454545454,191.38025183384127,142.8260082096062,74.62943895256734,
833,833,15,4,smart,555,425,76.57657657657657,483.6917647058824,128.4070588235294,570.3759255511485,260.8643556405787,45.73551301074079,
834,834,20,4,basic,555,459,82.70270270270271,402.30501089324616,130.5599128540305,759.3512861115219,300.8432714328727,39.61845814121522,
835,835,15,8,smart,559,425,76.02862254025044,411.8235294117647,119.45647058823528,570.21664389275,251.3522697917049,44.08013559123344,
836,836,15,6,basic,549,412,75.0455373406193,399.2111650485437,126.86650485436893,569.3896006069101,242.948916200622,42.66830935121816,
837,837,15,4,basic,549,419,76.32058287795994,443.71360381861575,130.14319809069212,570.4039837890915,263.1187208362469,46.12848583005968,
838,838,15,4,basic,562,439,78.11387900355872,494.0637813211845,125.7129840546697,570.5300347402455,266.063191616308,46.63438827325592,
839,839,20,6,basic,546,434,79.48717948717949,338.352534562212,128.45852534562212,757.93664310039,271.370264430283,35.80381907915482,
840,840,15,8,basic,557,424,76.12208258527828,415.53537735849056,118.54481132075472,569.6396390667455,240.74028357776112,42.26185592915756,
841,841,5,8,basic,559,292,52.23613595706619,1013.7602739726028,119.34246575342466,191.68420361822083,149.78450436853606,78.14128735764957,
842,842,10,4,smart,561,384,68.44919786096256,570.5416666666666,123.8125,382.1852558491128,223.9634364913988,58.6007526621644,
843,843,5,4,basic,555,267,48.10810810810811,859.5842696629213,119.06741573033707,191.46025605682783,136.62863823355215,71.36135772898947,
844,844,10,8,basic,560,369,65.89285714285714,580.6856368563685,115.11924119241192,380.51928453442855,194.3011488418805,51.062102957439095,
845,845,10,8,basic,559,383,68.51520572450805,515.5535248041775,113.82767624020887,381.1822670641693,215.82236928450465,56.61920501883486,
846,846,10,8,smart,563,386,68.56127886323267,668.5725388601036,120.67875647668394,381.6427132145064,219.5626088376784,57.530931741980055,
847,847,20,8,basic,567,469,82.71604938271605,352.92963752665247,120.28997867803838,758.2385854518518,279.41161102963,36.850091302478646,
848,848,5,6,smart,547,280,51.18829981718464,1104.7107142857142,125.33571428571427,191.4811738782445,139.39821417757537,72.79995800851593,
849,849,5,4,smart,553,282,50.99457504520796,864.0531914893617,117.9609929078014,191.56264879018755,142.6395387628339,74.46103907190302,
850,850,20,8,smart,559,464,83.00536672629696,291.0603448275862,125.64439655172414,759.5677376056475,299.1530115781193,39.38463902128418,
851,851,15,8,smart,561,428,76.29233511586453,474.5280373831776,117.83878504672896,570.1145717612519,244.50710894314,42.88736353252391,
852,852,15,8,smart,561,447,79.67914438502673,521.4116331096197,125.6800894854586,570.1335735868497,265.9417427848674,46.64551521001699,
853,853,20,6,smart,545,448,82.20183486238533,312.9888392857143,127.94642857142856,759.2966268134461,283.137064954633,37.28938796197205,
854,854,5,8,smart,559,279,49.91055456171736,1130.4444444444443,119.7347670250896,191.1991907296075,138.66427366338988,72.5234626434627,
855,855,15,6,smart,538,422,78.43866171003717,422.8127962085308,124.37677725118483,570.317466737098,258.6361683168343,45.34950854592343,
856,856,20,4,smart,561,460,81.99643493761141,417.5804347826087,135.6478260869565,759.0663512754302,297.18058104477325,39.150804214339374,
857,857,20,4,basic,557,459,82.40574506283662,394.5686274509804,133.30936819172112,758.8806625244966,289.55724599705326,38.15583401925284,
858,858,15,4,basic,561,443,78.96613190730838,496.7088036117382,129.1038374717833,570.6008943666396,269.0066340988928,47.14444662718011,
859,859,15,4,smart,563,436,77.44227353463587,498.7339449541285,130.78440366972478,571.2918220164029,276.2600325466948,48.35707809917904,
860,860,5,8,smart,561,287,51.15864527629233,998.5365853658536,121.45296167247386,191.16576224001287,146.378583102443,76.57154784791506,
861,861,5,8,smart,561,275,49.01960784313725,1012.2109090909092,114.88727272727272,191.2635874867628,140.8184504965951,73.62533158923469,
862,862,10,6,smart,553,375,67.8119349005425,581.496,122.79733333333331,381.43661012155934,216.166715115357,56.67172719641861,
863,863,15,4,basic,558,411,73.65591397849462,524.301703163017,126.330900243309,570.4390813451541,255.800741023218,44.84277977939616,
864,864,15,4,smart,557,447,80.25134649910234,514.4697986577181,131.59955257270693,570.6970965224847,270.19240259340955,47.34427496474293,
865,865,5,8,smart,561,290,51.69340463458111,962.4724137931034,108.46896551724136,191.2349389364601,141.61522958389554,74.05301059078367,
866,866,15,6,smart,547,412,75.3199268738574,412.4757281553398,121.15291262135922,569.9336337814938,245.77232434240284,43.12297253132972,
867,867,5,8,basic,557,279,50.08976660682226,868.516129032258,115.4516129032258,191.1502617028121,138.16105336381864,72.27876756905644,
868,868,5,6,smart,544,284,52.20588235294118,944.411971830986,133.81338028169014,191.45497465557875,142.4075438116745,74.381741225508,
869,869,15,4,smart,563,452,80.28419182948491,462.853982300885,127.929203539823,570.5813300599248,273.16393287976666,47.87467070664192,
870,870,10,6,basic,544,365,67.09558823529412,623.2657534246575,120.44383561643836,381.33609368403256,205.41599946542303,53.8674420983676,
871,871,20,4,basic,560,436,77.85714285714286,399.48623853211006,130.86009174311926,759.1498304492027,289.03805396000564,38.07391405053421,
872,872,20,6,smart,543,453,83.42541436464089,310.37306843267106,129.49227373068433,759.1889992375592,288.4775737744484,37.99812353236961,
873,873,5,6,smart,543,269,49.53959484346225,860.5985130111524,131.62081784386618,191.27477545346483,144.13879650799927,75.35692888217075,
874,874,15,6,smart,547,412,75.3199268738574,418.8907766990291,125.77669902912622,570.4718254295932,252.20333075488068,44.20960326392267,
875,875,15,8,basic,559,423,75.67084078711986,404.5626477541371,120.193853427896,569.4931982353152,246.90938840843077,43.35598549263226,
876,876,10,4,smart,558,386,69.17562724014337,612.4507772020726,130.74352331606218,381.9506756401135,231.79424128993773,60.68695673897484,
877,877,15,4,basic,548,395,72.08029197080292,476.28354430379744,124.76455696202532,569.4016081112516,238.20913194319655,41.83499458903082,
878,878,20,8,smart,559,467,83.54203935599284,313.93790149892936,124.07066381156316,759.2423702723345,288.9935599214563,38.06341311244215,
879,879,10,4,smart,561,401,71.4795008912656,577.3815461346634,125.04738154613466,381.7521556240107,228.0993390929073,59.75063551902068,
880,880,5,8,basic,560,266,47.5,867.0037593984962,114.51127819548871,191.33053692375535,136.70016924618142,71.4471257145199,
881,881,10,4,basic,556,373,67.08633093525181,588.9276139410188,124.05630026809652,381.2893361566,216.1247206272653,56.68260298224034,
882,882,10,6,basic,546,351,64.28571428571429,614.0911680911681,119.0,380.8134521983987,202.59646581129425,53.20097403117582,
883,883,10,4,smart,559,385,68.87298747763863,582.1428571428571,119.24415584415584,381.5657986838103,213.854261257734,56.04649630428413,
884,884,15,6,basic,546,399,73.07692307692307,362.0701754385965,120.8546365914787,569.7343243924377,239.8501390024664,42.098593806550376,
885,885,10,8,smart,560,378,67.5,617.0396825396825,119.33597883597884,381.2962827604546,209.95023797873347,55.06223046780461,
886,886,10,8,smart,561,385,68.62745098039215,594.2285714285714,110.96883116883116,381.03184993958894,205.00412169094088,53.80235844416771,
887,887,15,6,smart,544,434,79.77941176470588,461.5253456221198,124.20046082949308,570.0883639876519,251.7631371860845,44.162125223018535,
888,888,15,4,smart,558,431,77.24014336917563,401.08816705336426,121.87935034802784,570.5721775169038,259.4478455797856,45.47152065999558,
889,889,20,6,basic,547,426,77.87934186471664,348.49530516431923,127.4413145539906,757.6582079895988,260.8160437342483,34.423971255628345,
890,890,20,8,smart,566,469,82.86219081272085,331.7398720682303,126.16631130063966,755.9392117505826,284.7438274265432,37.667556200338055,
891,891,20,6,smart,542,446,82.28782287822878,353.085201793722,129.0134529147982,758.4221473628859,282.1344938848347,37.20019185434473,
892,892,20,4,smart,553,462,83.54430379746836,324.7922077922078,133.05194805194805,759.8776735500466,306.6574461517964,40.35615952751105,
893,893,15,8,smart,564,437,77.48226950354609,363.0366132723112,121.49656750572082,570.580404919081,260.84739969874954,45.71615103672245,
894,894,20,6,basic,549,427,77.77777777777779,387.20608899297423,128.43325526932085,757.4727796264298,262.5168695304491,34.65693772651701,
895,895,15,4,basic,557,456,81.86714542190305,470.6754385964912,131.6688596491228,570.8736279190352,276.1325699763855,48.37017449605297,
896,896,5,4,smart,555,285,51.35135135135135,1035.919298245614,123.13684210526316,191.38902548374145,140.60345667754464,73.4647435098043,
897,897,15,6,basic,547,422,77.14808043875686,430.2843601895735,118.81042654028435,569.7437392833663,236.66487138401163,41.5388279091391,
898,898,15,6,smart,553,428,77.39602169981917,421.3528037383177,127.4766355140187,570.5118276018109,264.08492494401696,46.28912358471474,
899,899,10,6,smart,545,354,64.95412844036697,647.8248587570622,120.3954802259887,381.3856857439804,205.6228147019987,53.91466496727168,
900,900,10,6,basic,550,372,67.63636363636364,661.2715053763441,121.51881720430109,380.912633988704,205.49977286561932,53.94931922150774,
901,901,5,8,basic,553,284,51.35623869801085,925.4542253521126,116.2605633802817,191.26454013487668,140.5519567351427,73.48563232684309,
902,902,10,4,smart,554,379,68.41155234657039,654.8548812664908,124.59630606860158,381.702280245793,217.78844732083687,57.05715123855022,
903,903,20,8,basic,562,429,76.33451957295374,350.5827505827506,118.93006993006992,757.9517988122053,259.2558384615259,34.20479229257172,
904,904,10,8,smart,558,399,71.50537634408603,590.0300751879699,123.35338345864662,381.3605085055791,222.90016452935936,58.448675087734856,
905,905,10,4,smart,557,383,68.76122082585279,725.8798955613577,118.22715404699738,381.3768865026225,219.3466119192969,57.514395780717706,
906,906,15,4,smart,559,431,77.10196779964222,449.9443155452436,128.69141531322506,570.0057522540304,263.3415805610261,46.19981105798816,
907,907,10,8,smart,563,380,67.49555950266429,611.7078947368421,117.67894736842103,380.8351820968934,206.00472801908035,54.09288261783228,
908,908,5,4,basic,559,266,47.58497316636851,745.3458646616541,114.32330827067668,191.28855511954248,136.13320393835002,71.16641340788837,
909,909,5,6,basic,544,275,50.55147058823529,1001.4618181818182,130.97454545454545,191.6528389144625,144.59911799452397,75.44846129780561,
910,910,15,8,smart,558,449,80.46594982078852,408.2739420935412,121.26057906458796,570.2514650192759,259.0222357527644,45.42245862428584,
911,911,5,8,smart,557,279,50.08976660682226,952.1075268817204,122.15770609318996,191.50459633613477,142.87762445189097,74.6079348409517,
912,912,20,6,basic,550,435,79.0909090909091,319.6183908045977,129.59310344827583,758.2315017788388,266.78997507662206,35.18582048500003,
913,913,15,8,smart,567,452,79.71781305114638,432.9402654867257,122.36283185840708,570.7049763739923,269.6947786021409,47.25642665947344,
914,914,5,4,smart,561,268,47.771836007130126,1049.902985074627,121.68656716417912,191.2459998855973,141.50044563689778,73.98870863785012,
915,915,20,8,smart,562,473,84.16370106761566,343.30021141649047,123.19873150105708,758.96176500329,292.34913919514827,38.51961359264007,
916,916,5,6,smart,538,265,49.25650557620818,1025.0566037735848,123.49056603773585,191.5276942578944,141.0280952820961,73.63326532412593,
917,917,15,8,basic,561,422,75.22281639928698,427.51421800947867,117.44075829383888,569.9444224189529,242.66248759662173,42.57651764828505,
918,918,5,6,smart,541,271,50.09242144177449,930.8228782287824,136.15129151291512,191.4301992718313,144.5882066942306,75.53051046502596,
919,919,10,6,basic,548,356,64.96350364963503,666.75,118.13202247191012,380.43043288312725,189.349216526508,49.77236313391319,
920,920,10,8,smart,562,387,68.86120996441281,609.0697674418604,113.09302325581396,381.1381267011159,212.29284237172016,55.69971291226863,
921,921,5,6,smart,546,262,47.98534798534799,957.202290076336,124.37022900763358,191.3392194812197,138.73521313431004,72.50746266785474,
922,922,15,8,smart,559,443,79.24865831842575,413.50338600451465,120.50790067720092,570.2115402848169,256.2410595182293,44.937894345357975,
923,923,5,8,smart,561,278,49.554367201426025,1022.046762589928,122.83093525179856,191.58488608912057,146.23296504141706,76.32802776174789,
924,924,15,4,basic,555,422,76.03603603603604,494.3909952606635,124.8388625592417,569.98834824361,248.88815040669704,43.66548038633301,
925,925,20,6,smart,546,455,83.33333333333334,357.5164835164835,130.92307692307693,758.4732323814928,286.24839559474026,37.74007880224896,
926,926,15,8,basic,558,433,77.59856630824373,464.9030023094688,118.36027713625866,570.0828789599002,247.77317135693917,43.46265788739247,
927,927,20,6,smart,550,454,82.54545454545455,357.68722466960355,131.3986784140969,758.7798626033021,284.2707643428394,37.46419460415479,
928,928,10,8,basic,562,371,66.01423487544484,550.1185983827494,111.57142857142856,381.147010931564,204.3734852013205,53.62064487973023,
929,929,5,6,basic,546,261,47.8021978021978,983.551724137931,128.9808429118774,191.40930348659705,137.1940274845048,71.67573622883565,
930,930,15,8,basic,556,429,77.15827338129496,407.68298368298366,117.3030303030303,569.6135860222569,241.7887330631316,42.44785219250091,
931,931,15,8,smart,563,451,80.10657193605684,459.7937915742794,126.31485587583148,570.5233911838421,271.15433055541405,47.52729419082466,
932,932,20,4,smart,556,466,83.81294964028777,327.1652360515021,131.89270386266094,759.1533615405244,304.5612137171901,40.11853587780397,
933,933,15,8,smart,560,457,81.60714285714286,447.5404814004376,126.30634573304158,570.7685230456673,266.1320079148708,46.62695947120012,
934,934,5,8,smart,558,285,51.075268817204304,994.6736842105264,111.02456140350876,191.71846293369848,143.25289531862282,74.72044847770536,
935,935,5,4,basic,555,274,49.36936936936937,1001.478102189781,119.13868613138686,191.25302525693004,137.9465654799777,72.12778218522806,
936,936,5,4,basic,557,268,48.114901256732495,995.7164179104476,125.78731343283582,191.20271034155843,135.80052978251186,71.02437488460393,
937,937,5,8,smart,561,281,50.08912655971479,1059.829181494662,121.06049822064055,191.59181584134265,143.21707072873642,74.75114221336813,
938,938,15,8,smart,559,448,80.14311270125224,453.85267857142856,124.39508928571428,570.4548177983344,263.1855676387316,46.13609341656436,
939,939,10,6,basic,543,360,66.29834254143645,588.6277777777777,124.30277777777778,380.7877467205656,203.85916191352464,53.53616645210043,
940,940,15,4,smart,558,416,74.55197132616487,437.8293269230769,130.0721153846154,571.0487117961627,259.6505083568953,45.46906472132595,
941,941,5,6,basic,538,274,50.92936802973978,1020.7591240875912,119.7992700729927,191.35227556411516,139.57203324647537,72.93983457213179,
942,942,5,8,basic,559,283,50.62611806797853,959.26148409894,126.8303886925795,191.373169311019,145.4163321004455,75.98574691738284,
943,943,20,6,basic,542,412,76.01476014760148,311.8495145631068,123.2257281553398,756.9468352396202,244.21627397382943,32.26333245670021,
944,944,5,8,smart,560,285,50.89285714285714,943.0666666666668,121.44561403508771,191.5232635339281,140.93489274495383,73.58630494513653,
945,945,10,6,smart,544,358,65.80882352941177,587.4217877094972,124.91899441340782,381.4748576654389,209.3012808873536,54.86633697650266,
946,946,10,6,smart,550,383,69.63636363636364,597.3263707571801,124.22976501305484,381.2343719526505,218.49139356507683,57.31156727710102,
947,947,5,8,smart,561,288,51.33689839572193,983.5833333333334,125.26388888888889,191.56993288474183,145.2248147219763,75.80772855902751,
948,948,20,4,basic,558,431,77.24014336917563,441.6937354988399,130.67053364269142,753.0781518912652,280.16824543398945,37.203077095037294,
949,949,10,4,basic,557,392,70.3770197486535,641.3163265306123,123.56377551020408,381.45539131077226,220.24870155023888,57.739045394904885,
950,950,5,6,basic,546,260,47.61904761904761,937.2346153846154,127.98846153846154,191.2487899012694,135.05944581626147,70.61976490726283,
951,951,10,4,smart,555,386,69.54954954954955,631.2901554404145,129.37564766839378,381.561011628033,219.9625919330643,57.648078611212014,
952,952,15,6,smart,544,435,79.96323529411765,485.1126436781609,129.34712643678162,570.1919664892984,263.77203316041414,46.26021562255117,
953,953,20,8,basic,559,431,77.10196779964222,354.0626450116009,122.93503480278422,757.807574538429,264.86344274357106,34.95127940689905,
954,954,15,6,smart,547,414,75.68555758683729,357.70772946859904,126.0,570.3909357405411,254.5819399460059,44.63288667367777,
955,955,10,4,smart,556,364,65.46762589928058,618.6868131868132,128.12087912087912,381.818642359077,218.79573227443385,57.30357504877141,
956,956,10,4,basic,560,362,64.64285714285715,684.8204419889503,128.20994475138122,381.45924385064006,215.39680979145805,56.46653299501543,
957,957,15,4,smart,562,448,79.7153024911032,399.3727678571428,124.28348214285714,570.6157103141578,274.103834766872,48.03650334407399,
958,958,10,4,basic,559,393,70.30411449016101,656.058524173028,128.323155216285,381.0204217275973,223.01833859185152,58.53185967845417,
959,959,15,8,basic,560,448,80.0,377.41517857142856,123.10491071428572,569.8628813905133,258.5477855150218,45.37017481892197,
960,960,5,6,smart,546,271,49.63369963369964,954.8560885608856,126.16236162361623,191.36278747130007,139.3779764503602,72.83442005215545,
961,961,15,4,smart,555,431,77.65765765765765,454.85150812064967,123.83294663573086,570.9627251660653,260.98603541720445,45.70982025863357,
962,962,20,4,basic,558,451,80.82437275985663,323.039911308204,124.74944567627496,758.2063406052301,282.4552508124212,37.25308477200999,
963,963,20,6,smart,542,462,85.23985239852398,358.038961038961,126.7965367965368,758.7569476053145,282.65187712421925,37.25196560193441,
964,964,10,8,smart,559,392,70.12522361359571,577.2091836734694,123.02295918367346,381.6335913350736,222.97972318771792,58.42769825571831,
965,965,15,6,basic,544,413,75.91911764705883,428.5302663438256,122.26876513317193,570.0479339965988,245.88067219917767,43.133332748934194,
966,966,20,4,smart,559,466,83.36314847942755,343.00643776824035,130.31330472103005,759.451984747586,295.33715150452804,38.888192727903295,
967,967,15,4,basic,559,414,74.0608228980322,365.219806763285,123.8719806763285,570.5502974485247,258.28096004574263,45.26874513969469,
968,968,5,4,smart,556,272,48.92086330935252,955.1727941176472,116.08823529411764,191.42704924580576,141.76202168757737,74.05537631494542,
969,969,15,6,basic,542,409,75.46125461254613,496.3838630806846,125.37408312958436,569.5784380863906,237.127030205249,41.63202367735747,
970,970,10,8,basic,561,376,67.02317290552585,560.2792553191489,117.42819148936172,380.7993566740592,202.91584649921603,53.28681441888558,
971,971,10,6,basic,545,356,65.3211009174312,643.5168539325842,120.76123595505618,381.1815908568993,205.4684595240499,53.903038460528784,
972,972,15,8,basic,567,433,76.3668430335097,394.6743648960739,119.79214780600462,569.3235853317047,251.4569394643897,44.16766597116884,
973,973,10,4,smart,557,385,69.12028725314184,736.3090909090909,127.24675324675324,381.2136885277347,219.15998777953783,57.49006249642926,
974,974,10,8,basic,557,369,66.24775583482945,507.9728997289973,118.24661246612466,380.9023523362976,209.67845936859004,55.04782474629233,
975,975,20,4,smart,556,470,84.53237410071942,389.51702127659576,135.00212765957446,760.1851579948207,311.19132637584227,40.93625389854856,
976,976,10,4,smart,557,364,65.35008976660683,689.8983516483516,123.56868131868131,381.2441340522069,207.90089803793256,54.5322221297346,
977,977,10,4,smart,556,396,71.22302158273382,624.5858585858585,132.11111111111111,381.77499487777567,224.59165962536463,58.82827912741302,
978,978,15,6,smart,545,397,72.8440366972477,431.0604534005038,122.31989924433248,570.1587252043531,246.34471440399508,43.20633948304511,
979,979,15,4,basic,558,442,79.21146953405018,393.49547511312215,123.19004524886878,570.3576295879438,267.2664961024376,46.85945838850702,
980,980,10,8,basic,563,366,65.0088809946714,570.9781420765028,118.1065573770492,380.82538962673135,202.2367525155253,53.10485015553954,
981,981,10,4,basic,554,351,63.35740072202166,623.5014245014245,119.6011396011396,380.93120546306193,196.4557201872586,51.57249324020226,
982,982,10,6,smart,546,366,67.03296703296702,629.6584699453551,124.3169398907104,381.4011459797919,210.3672922498432,55.156439477764266,
983,983,15,6,basic,546,403,73.80952380952381,443.33250620347394,122.0,569.0797635822323,235.07688190219656,41.3082483240028,
984,984,10,4,basic,562,368,65.48042704626334,538.2771739130435,119.36684782608695,381.2500417369271,211.20387025182472,55.397730394889024,
985,985,5,8,smart,565,285,50.4424778761062,902.1438596491228,115.7438596491228,191.2496530397045,142.47866404685453,74.49878302120379,
986,986,20,4,basic,562,454,80.78291814946618,323.75550660792953,122.37885462555066,758.0555700787969,281.25774278557265,37.1025230718029,
987,987,20,8,basic,560,452,80.71428571428572,347.7654867256637,117.73230088495576,757.3701889596598,255.63168897574928,33.75254171634224,
988,988,10,8,smart,560,381,68.03571428571429,572.7952755905512,115.41469816272966,381.1897494043309,214.50273880966768,56.271906352377535,
989,989,10,8,smart,563,398,70.69271758436945,628.6633165829146,120.3291457286432,381.3364190867012,217.7756029466324,57.10852466391852,
990,990,20,8,basic,561,452,80.57040998217468,278.8473451327434,121.76548672566372,758.7378476368257,277.9442740211,36.63245149649365,
991,991,15,4,basic,558,407,72.93906810035843,481.7911547911548,125.5970515970516,570.4179185394083,244.04723442605737,42.78393551362411,
992,992,10,6,basic,545,358,65.68807339449542,576.0558659217877,124.27932960893855,380.8348293830302,205.8605112946004,54.055064141088096,
993,993,5,4,basic,555,258,46.48648648648649,994.8643410852712,119.7906976744186,191.33562514891315,135.26236081189978,70.69376688561132,
994,994,10,4,basic,555,352,63.42342342342342,516.2585227272727,114.07954545454544,381.0402807099864,201.16930981331413,52.79476212816097,
995,995,15,8,basic,563,416,73.8898756660746,447.36538461538464,119.33653846153848,569.5350101169665,239.0390574747871,41.97091543603179,
996,996,20,6,smart,542,435,80.25830258302584,416.07586206896553,130.0,759.1168292817134,278.4203628163031,36.676879246604,
997,997,20,4,smart,555,453,81.62162162162161,379.364238410596,132.4150110375276,759.6173817395522,296.5357083010604,39.03750959752692,
998,998,20,8,basic,560,445,79.46428571428571,330.9865168539326,120.8629213483146,758.6750509944052,271.68060247784155,35.80987698511323,
999,999,15,6,smart,546,407,74.54212454212454,481.96314496314494,128.84029484029483,570.0860612557037,251.86675324425397,44.18047911739468,
1000,1000,15,6,smart,543,408,75.13812154696133,467.4142156862745,125.37990196078432,570.2708113243923,248.25945217559612,43.53360670854614,
1001,1001,5,8,basic,561,287,51.15864527629233,947.383275261324,118.08710801393728,191.4208806804204,144.5080655270412,75.49232090740364,
1002,1002,10,6,basic,540,359,66.48148148148148,548.4512534818941,119.46518105849582,381.2854638461438,198.24160738038972,51.992962275735785,
1003,1003,20,4,smart,558,456,81.72043010752688,364.61622807017545,135.6359649122807,759.5410451665006,307.18612381576514,40.44365025045173,
1004,1004,15,4,basic,561,426,75.93582887700535,529.7230046948357,133.05633802816902,570.1358364534947,257.1167059243859,45.09744686876187,
1005,1005,20,8,smart,564,482,85.46099290780141,348.39211618257264,126.25311203319502,759.0676810126804,296.36548152449546,39.04335396405115,
1006,1006,20,6,basic,545,437,80.18348623853211,304.4553775743707,125.34553775743709,758.2223451116048,264.8212207506149,34.926591448796614,
1007,1007,5,6,smart,548,278,50.72992700729927,978.5539568345324,128.70503597122303,191.1543782970864,134.71918106990432,70.47663897110839,
1008,1008,20,6,basic,542,428,78.96678966789668,337.25467289719626,127.03738317757008,757.3918414800842,262.10793447273704,34.6066487804423,
1009,1009,10,4,smart,554,363,65.52346570397111,607.0826446280992,122.64187327823691,381.4586896188084,209.17197334009515,54.83476429626513,
1010,1010,15,8,basic,564,437,77.48226950354609,460.8718535469108,125.6842105263158,569.8076923138655,252.34836489639235,44.286584456531365,
1011,1011,5,8,smart,560,275,49.10714285714285,1035.5272727272727,118.88727272727272,191.3670982895503,137.67781180289754,71.94434834068628,
1012,1012,15,8,smart,562,434,77.22419928825623,433.1267281105991,118.52764976958524,569.9964739214516,250.9259515292173,44.0223690864088,
1013,1013,10,6,smart,542,359,66.23616236162361,632.816155988858,121.15320334261838,380.6661912227238,196.24044785808644,51.55184578587075,
1014,1014,5,4,smart,548,275,50.18248175182482,1023.1345454545454,128.1818181818182,191.36831139650383,141.1564859472612,73.76168233767466,
1015,1015,15,6,basic,544,399,73.34558823529412,453.5388471177945,124.43609022556392,569.4898615791069,235.9763596059485,41.43644611189789,
1016,1016,20,6,basic,547,442,80.80438756855575,372.5723981900453,128.59049773755655,758.7172554094384,280.4606751903611,36.96511094096729,
1017,1017,10,6,basic,541,372,68.76155268022181,602.5806451612904,119.87096774193547,381.1673738901484,210.68257638197488,55.27298263536405,
1018,1018,10,6,basic,546,360,65.93406593406593,530.3944444444444,123.18611111111112,381.2573655932062,205.1874785064408,53.81862673975765,
1019,1019,15,4,smart,558,433,77.59856630824373,452.2309468822171,136.37644341801385,571.4154757909954,285.64512130391336,49.9890418453407,
1020,1020,20,4,basic,554,454,81.94945848375451,417.9537444933921,129.27753303964758,758.6397474079855,278.4665494107798,36.7060321268699,
1021,1021,10,8,basic,561,399,71.12299465240642,519.0676691729324,117.27568922305764,381.51965032991393,216.97210833843843,56.87049360388509,
1022,1022,15,6,smart,547,431,78.79341864716636,548.415313225058,120.91183294663573,570.3305641619799,245.0339640218853,42.9634986127612,
1023,1023,20,8,smart,560,471,84.10714285714286,345.7452229299363,124.49469214437369,759.0914377849805,292.15063094894685,38.48688266086084,
1024,1024,15,6,basic,544,417,76.65441176470588,440.8776978417266,121.24700239808152,569.4050157999737,241.0172944780076,42.32791910682335,
1025,1025,10,8,basic,563,364,64.65364120781527,501.8296703296703,114.32692307692308,380.8943255186838,200.78915712532316,52.71518730343331,
1026,1026,5,8,smart,559,293,52.41502683363149,896.5733788395904,113.81911262798634,191.30684096818845,140.91551568188967,73.65942324316666,
1027,1027,15,4,smart,559,446,79.78533094812164,478.8856502242152,130.91255605381167,571.2568293705773,276.55621342954333,48.411887475246246,
1028,1028,20,6,smart,541,454,83.91866913123845,285.30396475770925,130.76431718061673,759.424845328693,295.10407936725613,38.85889185512882,
1029,1029,10,6,basic,553,370,66.90777576853526,623.4405405405405,120.95945945945944,380.9514140416512,209.75594193878837,55.06107451168425,
1030,1030,15,8,basic,554,402,72.56317689530685,448.1194029850746,119.52487562189054,569.3938403495424,231.81413057234423,40.71244087045918,
1031,1031,15,4,basic,564,422,74.822695035461,472.4431279620853,125.07109004739335,570.7875440697868,261.23132031308154,45.766822178786434,
1032,1032,20,8,basic,559,441,78.89087656529516,280.2721088435374,119.50340136054422,758.2297138050052,266.2978073259658,35.120993345091975,
1033,1033,5,4,smart,555,272,49.009009009009006,880.5404411764706,123.38970588235294,191.03990369469415,138.6494626191414,72.57617907969673,
1034,1034,20,8,basic,561,458,81.63992869875223,374.5131004366812,122.764192139738,758.17967910743,278.0709652675476,36.67613006918198,
1035,1035,15,6,basic,546,401,73.44322344322345,472.3391521197008,125.28678304239402,569.6157589403224,245.51640882652657,43.10210961917029,
1036,1036,20,4,basic,554,442,79.78339350180505,329.9592760180996,127.87556561085972,758.8253272860453,278.6284957320905,36.71839693709371,
1037,1037,5,8,basic,564,282,50.0,834.1063829787234,119.36879432624112,191.41697239361244,140.59174141920292,73.44789736309426,
1038,1038,5,8,basic,559,260,46.51162790697674,888.8884615384616,122.51538461538462,191.36704164430532,139.45395209727536,72.87250244296453,
1039,1039,5,6,basic,546,268,49.08424908424908,989.2835820895524,123.67164179104478,191.3270229053886,136.92266518681416,71.56472886452771,
1040,1040,15,4,basic,556,417,75.0,501.3069544364509,128.66187050359713,570.5720053549761,256.7048261956708,44.99078534986382,
1041,1041,15,6,basic,547,403,73.6745886654479,412.7468982630273,118.28535980148884,569.9816750096966,239.21001573733716,41.968018661874986,
1042,1042,5,6,smart,542,252,46.49446494464944,953.4206349206348,120.515873015873,191.184276167399,131.42523377821752,68.74270019106746,
1043,1043,15,6,basic,541,405,74.86136783733826,412.20246913580246,124.01234567901234,570.0164372203496,244.3617735428201,42.86925035608365,
1044,1044,15,4,basic,558,428,76.70250896057348,487.0911214953271,135.2663551401869,570.8243980056546,271.3332648406823,47.53357876584568,
1045,1045,15,6,basic,542,382,70.47970479704797,470.4659685863874,118.86910994764398,549.2705371137578,220.94080826145972,40.22440552199168,
1046,1046,20,6,smart,544,450,82.72058823529412,372.5288888888889,131.12,759.8639096485417,296.30627340593014,38.99465017926435,
1047,1047,10,8,smart,559,397,71.01967799642217,582.1410579345088,118.36272040302266,381.2668484316586,219.6722952668646,57.616416473261886,
1048,1048,5,4,basic,558,274,49.10394265232975,939.6861313868612,123.75182481751824,191.4511127804873,143.82451254137283,75.12336201789442,
1049,1049,15,4,smart,555,430,77.47747747747748,445.2627906976744,129.41860465116278,570.8110713667162,260.28451408071953,45.59906545917368,
1050,1050,20,6,smart,545,436,80.0,351.0022935779817,128.651376146789,758.5116477394434,279.8475886718395,36.89430340402235,
1051,1051,20,8,smart,558,455,81.54121863799283,300.8197802197802,126.37142857142857,758.9332148774313,293.4107202493226,38.66094071224816,
1052,1052,15,6,basic,546,416,76.19047619047619,479.89663461538464,126.52403846153848,569.5387664386164,246.91815759611097,43.35405632528146,
1053,1053,10,4,smart,555,372,67.02702702702703,672.0268817204301,129.32258064516128,380.4065354175722,220.08197792762752,57.85441558884984,
1054,1054,20,6,smart,542,451,83.21033210332104,369.9445676274945,130.0421286031042,758.6875439447962,291.6725639614542,38.44435911586245,
1055,1055,15,4,smart,557,444,79.71274685816876,472.731981981982,134.9346846846847,571.0490206841106,278.3533753967756,48.74421727635767,
1056,1056,15,4,basic,553,427,77.21518987341773,423.519906323185,124.75644028103044,570.7198275923625,261.1781635562594,45.76293847334252,
1057,1057,20,4,basic,555,439,79.0990990990991,434.0637813211845,129.125284738041,758.8473623886207,283.0635072117124,37.30177124431381,
1058,1058,20,6,smart,543,445,81.95211786372008,356.72808988764046,124.97303370786516,758.5689696294465,278.4210241926746,36.70345549840782,
1059,1059,10,8,smart,561,388,69.16221033868094,543.4123711340206,118.10567010309278,381.4306063881292,211.2916344608508,55.39451499753234,
1060,1060,20,8,basic,559,436,77.99642218246869,306.9243119266055,116.0137614678899,757.139730705447,257.75167440813914,34.04281454996228,
1061,1061,20,8,basic,558,465,83.33333333333334,317.6301075268817,121.22365591397848,758.2054913241483,277.1969151879565,36.55960268816481,
1062,1062,5,6,basic,543,260,47.882136279926335,936.953846153846,128.13076923076923,191.58261417338187,140.23476677885907,73.19806517095904,
1063,1063,10,8,smart,558,382,68.45878136200717,649.3612565445026,120.434554973822,381.2485889986616,217.67098001026045,57.09423884871732,
1064,1064,20,4,basic,559,456,81.5742397137746,389.7324561403509,126.68859649122808,758.1848781921914,278.6479626899501,36.75198104113545,
1065,1065,20,8,basic,563,448,79.57371225577265,306.99330357142856,121.94642857142856,758.3045842427928,274.14342178889655,36.15215145542648,
1066,1066,20,6,smart,542,437,80.62730627306273,293.03203661327234,127.76887871853548,758.3461698061815,279.1569425712336,36.81128140234172,
1067,1067,20,8,smart,560,487,86.96428571428572,330.2915811088296,126.29363449691992,759.1819190666819,301.11591213339534,39.66320911641037,
1068,1068,10,6,basic,543,370,68.13996316758748,657.4513513513514,121.33243243243244,381.091170884006,203.4250850108277,53.37963735526816,
1069,1069,5,4,smart,556,270,48.561151079136685,950.8074074074074,118.44074074074074,191.4225058395316,138.40617539019863,72.30402443181042,
1070,1070,15,8,smart,561,446,79.50089126559715,452.0224215246637,126.02242152466368,570.7254863348785,271.6196059149075,47.59198816566116,
1071,1071,15,6,smart,549,421,76.68488160291439,385.3159144893112,125.58432304038004,570.4303088213967,254.22956758705055,44.568032878956046,
1072,1072,5,8,smart,560,267,47.67857142857143,1023.3071161048688,119.6067415730337,191.25670515267475,140.15320488739886,73.28015233532261,
1073,1073,5,4,smart,554,273,49.27797833935018,1109.14652014652,134.62271062271063,191.66081594174096,146.02558584140343,76.1895879050159,
1074,1074,15,4,smart,559,439,78.53309481216458,474.8542141230069,128.01594533029612,570.5333459124232,266.17352277302905,46.65345587247877,
1075,1075,5,6,basic,548,277,50.54744525547446,943.4007220216606,115.77617328519857,191.10690855026743,133.9856939830894,70.11033509960563,
1076,1076,20,6,smart,543,435,80.11049723756905,389.183908045977,129.06896551724137,758.4312756554302,265.9697592008014,35.068406029399625,
1077,1077,20,8,smart,560,466,83.21428571428572,333.7639484978541,125.67381974248929,758.8396862417901,292.959194716986,38.60620365915339,
1078,1078,10,4,basic,556,354,63.66906474820144,513.1299435028249,119.97457627118644,380.95298596388295,202.71840553978055,53.2134969429009,
1079,1079,10,8,basic,557,364,65.35008976660683,686.3214285714286,120.81043956043956,381.2637475942661,209.33387706005212,54.90526659849691,
1080,1080,10,8,smart,559,376,67.26296958855099,495.7234042553192,115.0877659574468,381.4418500682365,213.99328431911303,56.10115520382245,
1081,1081,10,4,smart,559,396,70.84078711985688,643.3156565656566,124.8939393939394,381.95005417328815,228.76072739232885,59.89283805377905,
1082,1082,20,4,basic,561,443,78.96613190730838,381.255079006772,130.45372460496614,759.1671007583507,285.2600258827631,37.57539355931122,
1083,1083,10,8,basic,561,376,67.02317290552585,521.7287234042553,119.42287234042551,381.1838480427383,214.32593912554876,56.22639579983423,
1084,1084,10,6,smart,542,387,71.40221402214021,684.5064599483204,121.27906976744184,381.2966995344863,214.94815859663711,56.37293972359605,
1085,1085,5,4,smart,559,287,51.34168157423972,1002.5400696864112,118.2752613240418,191.443088521756,145.79078116958655,76.15358814743453,
1086,1086,10,8,basic,558,381,68.27956989247312,501.7926509186352,116.27034120734908,381.13661003841605,207.03145380122237,54.31948764521859,
1087,1087,10,6,basic,545,351,64.40366972477064,580.6353276353276,116.55270655270655,380.6538390664095,197.12557366070436,51.78604638381527,
1088,1088,20,8,smart,558,474,84.94623655913979,369.162447257384,124.90084388185656,758.4327917003404,284.9929047583725,37.57655363495599,
1089,1089,5,6,basic,547,280,51.18829981718464,936.4607142857144,118.95,191.55643350147196,140.61556208388168,73.4068595418912,
1090,1090,20,4,basic,561,458,81.63992869875223,382.1637554585153,132.86681222707423,758.7252783746629,295.5077897509406,38.94792992583241,
1091,1091,10,6,basic,544,378,69.48529411764706,641.7724867724868,128.88359788359787,381.4642367623137,212.47674806766665,55.70030623868384,
1092,1092,10,6,smart,549,379,69.03460837887067,580.8496042216359,123.27440633245382,381.4672099331692,217.39209964521427,56.9884105329263,
1093,1093,10,6,smart,538,372,69.14498141263941,672.1021505376344,120.9758064516129,381.29253035238526,211.4659123633832,55.46028194361672,
1094,1094,20,6,basic,543,416,76.61141804788214,316.4326923076923,122.93990384615384,757.9562940767829,252.2288916943177,33.27749814407719,
1095,1095,5,6,basic,544,249,45.77205882352941,902.6586345381526,118.70281124497993,191.0318722896778,125.69754269962812,65.79925181753038,
1096,1096,15,4,basic,555,415,74.77477477477478,458.9710843373494,123.91084337349398,569.7671222597061,244.13800778988235,42.84873560651006,
1097,1097,20,4,basic,554,458,82.67148014440433,401.9017467248908,133.93668122270742,758.9394577552655,298.5316259980514,39.33536765646973,
1098,1098,10,4,smart,557,378,67.86355475763017,580.1719576719577,125.8994708994709,381.7930091139218,223.9280492021785,58.651689228642056,
1099,1099,10,8,smart,565,399,70.61946902654867,504.81453634085216,121.60651629072682,380.9080906495032,216.9305391876476,56.95088776343652,
1100,1100,5,6,smart,542,266,49.07749077490775,900.1804511278195,119.24812030075188,191.5158098435918,139.7229163131587,72.95633526405386,
1101,1101,20,6,smart,547,457,83.54661791590493,369.6586433260394,125.36542669584244,758.233046647627,282.6178035683938,37.27321102897465,
1102,1102,15,6,basic,543,393,72.37569060773481,435.2748091603053,123.40203562340967,569.4931868904629,231.68029385975584,40.68183767478813,
1103,1103,20,8,basic,565,453,80.17699115044248,316.6754966887417,123.78366445916114,757.9205079932545,276.60819615484746,36.49567378605742,
1104,1104,20,8,smart,559,456,81.5742397137746,357.37719298245617,121.94956140350877,758.3948028142077,273.8198097630095,36.10518014455463,
1105,1105,5,6,basic,539,241,44.71243042671615,889.103734439834,113.81742738589212,191.20094583940624,124.39805992768824,65.06142497442082,
1106,1106,20,4,basic,558,440,78.85304659498208,330.3136363636364,132.01136363636363,759.8430044732842,289.73793345539275,38.13128919390872,
1107,1107,15,6,basic,549,393,71.58469945355192,415.4503816793893,122.38931297709924,569.5909319280529,231.86280418475013,40.706898791365866,
1108,1108,15,6,basic,543,406,74.76979742173113,418.820197044335,125.71428571428572,570.1997241246346,243.8062934431657,42.75805180675156,
1109,1109,5,6,smart,547,272,49.72577696526509,951.3933823529412,126.00735294117646,191.64882459582915,142.7069084404782,74.46270998083853,
1110,1110,5,4,smart,563,281,49.91119005328597,1010.4092526690392,128.73665480427047,191.2769960361662,143.40403382934733,74.9719186316753,
1111,1111,20,4,basic,558,453,81.18279569892472,443.2141280353201,133.93156732891833,758.6925149865374,290.26302854512863,38.25832241804563,
1112,1112,15,6,basic,538,399,74.1635687732342,485.6390977443609,123.12280701754386,569.9829986514475,232.68775467354985,40.8236307440885,
1113,1113,20,4,smart,562,480,85.40925266903915,388.6145833333333,128.55833333333334,759.5197003372308,302.6290244079244,39.84478931534699,
1114,1114,20,8,basic,560,433,77.32142857142857,348.8775981524249,122.14087759815244,757.9923194772576,260.9038818205164,34.4203859480326,
1115,1115,15,6,smart,540,404,74.81481481481481,417.63861386138615,126.2128712871287,569.935868157478,235.1617407433727,41.26108811217959,
1116,1116,20,8,basic,557,439,78.81508078994614,318.9088838268793,121.30979498861048,757.5170379343886,267.7699386982398,35.34837175786829,
1117,1117,15,6,basic,549,405,73.77049180327869,436.483950617284,123.80246913580248,569.4037906080489,240.68411535394225,42.26949650210847,
1118,1118,20,8,smart,561,482,85.91800356506238,379.2759336099585,124.01659751037344,759.3861867151361,298.09531250252803,39.2547715138188,
1119,1119,5,6,smart,545,283,51.92660550458715,1113.035335689046,132.2826855123675,191.3097832516492,145.70996115012878,76.16440658367254,
1120,1120,10,6,basic,547,368,67.27605118829982,607.4972826086956,121.94565217391305,381.38263335478376,203.63087124602373,53.39280120198728,
1121,1121,5,4,basic,557,281,50.44883303411131,986.8078291814946,127.01067615658364,191.5509356459727,145.60017368241668,76.01120463933265,
1122,1122,10,4,smart,563,402,71.40319715808171,612.1641791044776,126.93532338308458,381.5893837231518,225.2041209801069,59.01739686329835,
1123,1123,5,6,smart,542,267,49.2619926199262,1029.374531835206,125.02247191011236,191.10161729094847,137.59148586663156,71.99912162812898,
1124,1124,15,8,basic,562,430,76.51245551601423,438.6860465116279,118.5093023255814,569.5070816422766,240.91209035687632,42.30186034950834,
1125,1125,5,6,basic,546,262,47.98534798534799,1010.0114503816794,128.88931297709922,191.49832131478917,139.56650021756607,72.88131784097656,
1126,1126,5,6,basic,550,275,50.0,971.5054545454544,126.00727272727272,191.0252400326312,137.28980321106587,71.86998073532789,
1127,1127,10,8,basic,553,374,67.63110307414105,519.3502673796792,108.35026737967914,380.81589710848937,203.87264362284049,53.53574920869437,
1128,1128,5,6,basic,546,274,50.18315018315018,1058.1131386861314,121.67153284671532,191.28832165974617,141.39540309328655,73.91742573014646,
1129,1129,5,8,basic,561,286,50.98039215686274,900.8321678321678,114.46853146853148,191.49921850480044,139.4251923381686,72.80718606936432,
1130,1130,20,6,smart,538,437,81.22676579925651,341.35011441647595,127.7391304347826,758.5586776372555,278.6826050368575,36.73843741461016,
1131,1131,15,6,basic,545,383,70.27522935779817,376.0078328981723,118.80678851174936,569.6033504513729,232.0635558455161,40.74125541249381,
1132,1132,20,8,basic,556,461,82.91366906474819,304.7960954446855,124.61605206073752,758.6796101159148,289.82553005384005,38.20130740162624,
1133,1133,10,4,smart,559,383,68.51520572450805,572.7232375979112,121.82506527415144,381.4157753792813,219.1666011340028,57.46133623237336,
1134,1134,5,8,smart,558,281,50.358422939068106,1024.4163701067616,123.5017793594306,191.37435701364544,144.18025922161743,75.33938270075392,
1135,1135,10,6,smart,546,384,70.32967032967034,695.7708333333334,126.2109375,381.4568239599933,220.02161118487535,57.67929615225628,
1136,1136,20,6,basic,546,434,79.48717948717949,365.5115207373272,124.76267281105991,757.7920304900387,265.1162718030512,34.98536024872278,
1137,1137,5,6,basic,549,270,49.18032786885246,939.0962962962964,118.35925925925926,191.28068760205284,135.170488339673,70.66604058894147,
1138,1138,15,8,smart,559,434,77.6386404293381,382.442396313364,122.12672811059907,570.4750574920247,259.1810209787265,45.43248956723229,
1139,1139,5,6,smart,542,290,53.50553505535055,1063.1137931034482,123.19310344827586,191.4919426949302,141.42836046034088,73.85603721491998,
1140,1140,15,4,basic,555,429,77.29729729729729,505.6993006993007,131.2983682983683,570.675398228851,265.6799290187986,46.55535000165824,
1141,1141,15,4,basic,555,420,75.67567567567568,443.5952380952381,129.43571428571428,570.5576800440184,255.71397958571777,44.81825212938847,
1142,1142,10,8,basic,554,356,64.25992779783394,485.3792134831461,113.97191011235957,380.8519347272422,197.14628607400203,51.76454892245562,
1143,1143,20,4,basic,563,468,83.12611012433393,408.3931623931624,129.72008547008548,758.944225206206,296.1017518980324,39.01495552161045,
1144,1144,20,6,smart,547,445,81.35283363802559,311.5550561797753,131.70337078651684,759.1480052801373,286.38885337224747,37.72503535283157,
1145,1145,5,8,smart,560,287,51.24999999999999,993.829268292683,123.58536585365852,191.14421246541875,137.13931470203272,71.7465169011296,
1146,1146,5,8,basic,562,279,49.644128113879006,997.6451612903226,109.6379928315412,191.45179474724424,137.225706544012,71.67637510276577,
1147,1147,20,4,basic,555,460,82.88288288288288,422.0195652173913,132.66304347826087,758.5452485808148,297.5300240101578,39.223767410950856,
1148,1148,10,4,smart,559,397,71.01967799642217,638.5869017632242,126.24937027707809,381.8993498638943,228.10505648625215,59.72910311775783,
1149,1149,20,8,basic,557,449,80.61041292639139,391.9331848552338,127.7349665924276,757.9581695972312,272.96754379460475,36.01353672850522,
1150,1150,5,4,basic,555,284,51.17117117117117,937.3661971830986,109.48239436619718,191.43965256074927,139.57364727175363,72.90738642949788,
1151,1151,10,4,smart,549,372,67.75956284153006,584.0887096774194,124.76612903225806,381.5794681046869,219.5375085564458,57.533889243803706,
1152,1152,15,6,basic,550,405,73.63636363636363,482.0641975308642,125.96049382716048,569.2380609045357,237.5934821950517,41.73886085858504,
1153,1153,15,8,basic,561,425,75.75757575757575,388.9788235294118,118.4164705882353,569.1364039078976,242.29996451804715,42.573267648023815,
1154,1154,10,4,basic,561,365,65.06238859180036,609.8876712328768,128.48767123287672,381.22512444463496,211.89599808585496,55.58290482416209,
1155,1155,5,6,smart,544,274,50.36764705882353,1037.536496350365,122.78467153284672,191.5221507193715,141.6912990423295,73.9816770593513,
1156,1156,5,8,smart,557,290,52.06463195691203,938.0620689655173,120.17241379310344,191.4872243053622,140.43847093240407,73.3409090041687,
1157,1157,15,6,basic,543,386,71.08655616942909,462.5259067357513,119.0440414507772,569.4876348467792,231.88432728037637,40.71806183162605,
1158,1158,20,4,basic,559,475,84.97316636851521,433.5852631578948,130.09263157894736,759.3795843038134,302.5791442900126,39.845572694374205,
1159,1159,15,4,smart,559,440,78.71198568872988,450.83181818181816,127.59772727272728,570.5913594053008,263.4485323676046,46.17113947224578,
1160,1160,10,6,basic,549,357,65.02732240437157,630.9663865546219,123.31652661064426,381.08879248443367,203.08118001039864,53.289727752540486,
1161,1161,10,8,smart,557,387,69.47935368043088,663.9069767441861,120.2842377260982,381.0897362575653,213.5103055798568,56.0262545185821,
1162,1162,5,8,basic,560,265,47.32142857142857,904.4641509433962,112.45283018867924,191.26562693784183,134.3823495218871,70.25953992536209,
1163,1163,15,8,basic,560,419,74.82142857142857,404.93794749403344,121.63723150357995,569.7826083000724,243.1202554008005,42.668949851969295,
1164,1164,10,6,smart,539,352,65.3061224489796,618.5170454545455,120.46875,381.02433050471205,202.292602673382,53.091780885861375,
1165,1165,5,8,basic,561,284,50.623885918003566,1193.2570422535211,120.00704225352112,191.06123584562093,137.64312392669845,72.04136585713036,
1166,1166,10,4,smart,564,385,68.26241134751773,683.3194805194805,124.46753246753246,381.915013987686,230.03349307477032,60.23159201648648,
1167,1167,20,8,smart,559,483,86.40429338103756,276.6149068322981,121.11180124223604,758.7430413424248,288.61007347836386,38.03792031723064,
1168,1168,15,8,smart,561,439,78.25311942959001,391.9339407744875,118.2984054669704,570.5437549338151,256.02588425488017,44.87401396314994,
1169,1169,10,6,basic,546,381,69.78021978021978,624.8372703412074,125.44619422572178,380.9652594795452,211.08395159041143,55.40766417357407,
1170,1170,10,6,basic,543,357,65.74585635359117,635.8487394957983,116.61904761904762,380.8144716355385,197.32279932046507,51.81599283057562,
1171,1171,20,8,basic,558,446,79.92831541218638,342.56053811659194,125.17713004484304,757.7000867204678,269.95916352260656,35.628762389491506,
1172,1172,10,4,smart,548,353,64.41605839416059,599.1133144475921,118.56373937677054,380.7336937769292,200.49768796122703,52.66087326610448,
1173,1173,10,8,basic,560,395,70.53571428571429,568.2632911392406,118.2886075949367,380.9619213261075,208.44730070917248,54.716046155893714,
1174,1174,20,6,basic,546,436,79.85347985347985,377.2454128440367,128.37385321100916,758.4566338008034,271.5008487465872,35.79648942959771,
1175,1175,5,4,smart,558,283,50.7168458781362,1105.7809187279152,134.13074204946997,191.58764548600132,144.14291039886692,75.23601536686714,
1176,1176,5,6,basic,542,257,47.4169741697417,974.5058365758756,122.45136186770428,191.50661717707365,129.31482159500376,67.5249886929154,
0,0,15,6,smart,571,426,74.6059544658494,503.4413145539906,125.61032863849763,570.4953976165755,254.85825984065573,44.67314914465682,460669441.0
1,1,5,8,basic,599,309,51.58597662771286,1035.006472491909,119.53398058252426,191.30733958116744,150.9477532373138,78.90327342787077,852052273.0
2,2,5,6,basic,519,267,51.44508670520232,929.2771535580524,122.25842696629212,190.99683499948583,133.14236394077236,69.70919907711078,112043825.0
3,3,10,6,basic,549,345,62.841530054644814,640.0434782608696,122.05797101449276,380.2715205214232,191.5313711002249,50.36700377603868,720265055.0
4,4,15,6,basic,523,401,76.67304015296367,494.2942643391521,128.59351620947632,569.7715849056631,239.9265167419954,42.10924572198875,530467456.0
5,5,15,8,basic,565,432,76.46017699115045,513.8912037037037,126.29398148148148,570.5692386592577,263.1986413997053,46.12913272684978,460669441.0
6,6,5,8,smart,591,309,52.28426395939086,1083.1294498381876,120.5210355987055,191.51635633975545,150.10772746517972,78.37854183006925,433498721.0
7,7,15,6,smart,549,431,78.5063752276867,469.9071925754061,126.94663573085847,570.2194908887689,257.89604189679886,45.22750379767464,447450854.0
8,8,15,6,basic,558,386,69.17562724014337,557.9740932642487,123.78756476683938,569.350553473463,224.5718092731209,39.443504165064105,358368805.0
9,9,5,6,smart,541,256,47.31977818853974,972.00390625,130.6328125,191.64675939648657,139.81909347175645,72.95666981902525,878640559.0
10,10,20,8,smart,557,437,78.45601436265709,347.94050343249427,127.0366132723112,758.312006442745,280.38052918170195,36.97429643728997,187959148.0
11,11,10,8,smart,563,400,71.04795737122558,665.845,122.255,381.3561305815013,217.4724220292751,57.02607211208792,930593199.0
12,12,5,6,basic,577,276,47.83362218370884,834.3115942028985,125.7608695652174,191.54381815785703,145.22744800713832,75.81943881240375,153354925.0
13,13,20,4,smart,575,467,81.21739130434783,382.1070663811563,133.6680942184154,759.7894658775468,310.28803345693524,40.83868589814636,119596844.0
14,14,10,4,smart,564,396,70.2127659574468,587.5353535353536,127.88383838383838,381.0754462128851,219.0323004380625,57.47741099952728,601135142.0
15,15,15,8,smart,577,446,77.29636048526864,451.8856502242152,119.88340807174887,570.207269612229,254.5680672420727,44.644830188712326,358368805.0
16,16,5,4,basic,562,286,50.88967971530249,951.8041958041958,125.37762237762236,191.4987437681924,144.62252977562974,75.52139869423587,460669441.0
17,17,15,6,basic,532,402,75.56390977443608,613.6666666666666,127.80845771144278,569.1613444199315,234.84994828448453,41.26245581977023,8501172.0
18,18,15,8,smart,567,464,81.83421516754849,468.7866379310345,124.67025862068964,570.452156073485,267.6887896543775,46.92572143068457,738646825.0
19,19,20,4,basic,577,451,78.16291161178509,362.52993348115297,126.87583148558758,758.8525069653682,279.09214148965066,36.778180071610095,770142391.0
20,20,10,6,basic,509,316,62.08251473477407,514.4398734177215,121.08227848101266,380.1771314748769,176.896494381131,46.5300197554941,110158532.0
21,21,20,6,smart,559,456,81.5742397137746,370.3048245614035,128.69956140350877,758.0999536583286,280.8594420036447,37.047811525157606,272813683.0
22,22,20,8,smart,590,481,81.52542372881356,433.995841995842,126.25987525987526,759.1978209107881,298.5285522095218,39.32157653605823,8501172.0
23,23,20,6,basic,568,440,77.46478873239437,395.9613636363636,127.58636363636364,758.6820578628644,278.0229455068518,36.64551476148205,460669441.0
24,24,5,4,basic,559,276,49.37388193202147,913.7789855072464,121.58333333333331,191.3927162206822,141.43473634267323,73.8976587696233,350929302.0
25,25,15,4,basic,543,397,73.11233885819522,504.4836272040302,125.07556675062972,569.2793005902096,235.09629846778225,41.297180175713805,442685285.0
26,26,15,6,smart,560,417,74.46428571428572,506.4796163069544,126.71223021582732,570.5340825964322,252.80217856710905,44.30974174524976,720265055.0
27,27,15,4,basic,536,427,79.66417910447761,534.1850117096019,130.5152224824356,570.3325197422513,257.1736528623691,45.09187955450846,34346284.0
28,28,5,4,basic,537,262,48.78957169459962,988.2328244274808,124.05725190839696,191.19397437266005,134.23387355398273,70.2082134096678,292906152.0
29,29,15,4,smart,543,427,78.63720073664825,544.9180327868852,129.7353629976581,570.8594303978474,266.00268683253506,46.59688053977677,315111282.0
30,30,10,8,basic,579,378,65.28497409326425,547.6137566137567,110.11111111111111,380.41986226742745,200.08639641726415,52.59620126685382,153044519.0
31,31,15,6,basic,574,420,73.17073170731707,437.3095238095238,121.77619047619048,569.3321513644347,239.80111846026415,42.119721832952536,470148314.0
32,32,10,6,basic,565,358,63.36283185840708,710.1536312849162,119.03351955307262,380.83292278918384,195.16571774436187,51.2470708453951,173249261.0
33,33,15,6,smart,504,409,81.15079365079364,470.9853300733496,125.119804400978,569.5414195764029,245.39529039425787,43.08646956296364,292906152.0
34,34,15,8,basic,577,424,73.48353552859619,515.9834905660377,122.48584905660375,570.1746591093288,253.69051416247703,44.49347408016477,274970204.0
35,35,5,8,smart,561,277,49.376114081996434,1006.1480144404331,127.11913357400722,191.32618231526044,140.71569660719126,73.54753798166786,533011683.0
36,36,10,6,basic,535,365,68.22429906542055,642.9890410958905,118.9808219178082,380.8144311434282,203.59112553533356,53.4620300297007,852052273.0
37,37,5,4,basic,556,277,49.82014388489209,958.2743682310468,119.81227436823104,191.43667182011905,141.68514857720984,74.01149802183275,194642212.0
38,38,10,8,smart,513,369,71.9298245614035,600.6449864498645,124.07317073170732,381.18616395094233,213.13918736415297,55.91472291517471,671082961.0
39,39,10,6,smart,613,390,63.621533442088094,600.751282051282,122.2051282051282,381.6493987626242,219.4682972330733,57.5052123610384,884281372.0
40,40,10,4,basic,535,356,66.54205607476635,614.4775280898876,119.18539325842696,380.9512902265949,202.6227187128702,53.18861594939015,292906152.0
41,41,20,8,smart,597,486,81.4070351758794,340.0432098765432,127.06378600823044,759.091979354586,302.4744987278263,39.84688377092374,470148314.0
42,42,15,4,smart,558,439,78.67383512544804,516.257403189066,124.05466970387243,570.406628039147,263.9111214909997,46.26719054759781,292906152.0
43,43,5,4,smart,569,277,48.68189806678383,1053.3682310469314,131.24548736462094,191.61719590308155,144.9572959242179,75.6494192710847,572435721.0
44,44,10,8,basic,557,364,65.35008976660683,545.0494505494505,116.08516483516485,380.7653855969224,205.1285842449888,53.87269746786741,755568905.0
45,45,5,4,smart,559,280,50.089445438282645,1035.392857142857,123.67857142857144,191.726397222542,144.59373702023004,75.4167079311443,350929302.0
46,46,15,4,basic,567,426,75.13227513227513,469.1009389671361,128.593896713615,570.0992454461303,257.6115157678739,45.18713501651461,884281372.0
47,47,5,6,basic,585,294,50.256410256410255,1052.5272108843535,123.36734693877553,191.09586342664505,139.53558116915138,73.01862984737718,481660159.0
48,48,5,4,smart,570,283,49.64912280701754,947.113074204947,124.34628975265018,191.28627879112815,143.60695329832097,75.07436194894571,456738583.0
49,49,20,6,basic,548,409,74.63503649635037,432.4938875305624,120.13447432762835,756.786722061926,234.0362779863779,30.92499791073598,292906152.0
50,50,10,4,smart,583,401,68.78216123499142,583.9551122194514,124.25935162094764,381.8572220750167,231.1371669097646,60.52973560477984,532925674.0
51,51,20,8,smart,497,428,86.11670020120724,322.00233644859816,128.56542056074767,758.4639044018154,270.7705271274539,35.69985671777023,755568905.0
52,52,10,8,basic,635,393,61.88976377952756,686.1348600508906,120.2849872773537,381.4740751898784,218.22196625699007,57.20492700542501,720265055.0
53,53,20,8,basic,559,456,81.5742397137746,359.4407894736842,123.265350877193,758.410605821691,280.428202826489,36.97577548017836,655359215.0
54,54,15,6,basic,541,399,73.75231053604436,454.859649122807,119.56641604010024,569.7600501770055,234.5523917300367,41.16687220474112,755568905.0
55,55,10,8,basic,550,371,67.45454545454545,637.3692722371968,118.62533692722371,372.8060653281667,202.97150254042236,54.44425974179213,315111282.0
56,56,20,4,basic,582,443,76.1168384879725,496.9164785553048,129.9729119638826,758.5813497456274,278.4555663716538,36.70741001805902,481403749.0
57,57,15,4,smart,564,445,78.90070921985816,518.8988764044943,126.39775280898876,571.4209305688995,272.9567019314234,47.76806156884579,194642212.0
58,58,10,4,basic,559,362,64.75849731663685,573.256906077348,119.75414364640883,381.1332168887205,206.08305830067897,54.0711355423133,572435721.0
59,59,5,6,basic,530,260,49.0566037735849,1098.0961538461538,116.18076923076924,191.06776420238447,131.19635073855486,68.66482752139595,533011683.0
60,60,10,4,basic,541,353,65.24953789279112,583.9773371104816,123.25495750708215,380.7700661684376,200.92246094735108,52.767399225776046,755568905.0
61,61,15,8,smart,557,444,79.71274685816876,463.1373873873874,126.490990990991,570.3563252434722,259.1690829863742,45.439854265794416,533011683.0
62,62,10,6,basic,563,386,68.56127886323267,610.4507772020726,118.01554404145078,381.0850733145427,210.45939777688372,55.2263556130348,447450854.0
63,63,20,8,smart,569,492,86.46748681898066,323.390243902439,122.85365853658536,758.5933372106233,291.7168479202127,38.45497101159188,70952804.0
64,64,10,4,smart,551,362,65.69872958257713,568.560773480663,122.7513812154696,381.4055813336736,208.5687855143504,54.684251023553706,708741215.0
65,65,20,6,smart,542,447,82.47232472324724,413.0984340044743,132.3288590604027,758.2357336926743,280.1008958587667,36.941136300006704,173249261.0
66,66,20,6,smart,527,433,82.16318785578748,335.7990762124711,130.5080831408776,759.2956483321046,284.6009823537704,37.48223540842554,48265950.0
67,67,5,4,smart,555,290,52.25225225225225,1012.4413793103448,120.95172413793104,191.30116962558125,140.2305714811627,73.30356199892817,305489378.0
68,68,20,4,smart,586,485,82.76450511945393,379.7670103092784,128.52989690721648,759.4059828747651,303.1804359353092,39.9233667856561,534967818.0
69,69,20,4,basic,564,459,81.38297872340425,335.1938997821351,125.47712418300654,759.2787834561561,293.6263069074324,38.67173866901387,852052273.0
70,70,15,6,basic,523,404,77.24665391969407,482.0470297029703,124.67821782178218,569.2389963028638,233.13293270172397,40.95519355066909,316514901.0
71,71,10,4,smart,571,362,63.397548161120845,625.317679558011,131.16022099447514,381.8861896305178,221.61915034694724,58.032774257002586,720265055.0
72,72,15,8,basic,594,411,69.1919191919192,441.352798053528,121.8029197080292,569.0467636551338,238.0169529255604,41.82730983244966,272813683.0
73,73,10,6,basic,506,322,63.63636363636363,504.7142857142857,113.8136645962733,379.9265488706296,176.4825109421554,46.451744808770975,292906152.0
74,74,15,4,basic,573,424,73.99650959860384,493.5801886792453,127.0495283018868,570.4418506996464,254.11237048043128,44.54658615400723,572435721.0
75,75,10,4,basic,543,375,69.06077348066299,651.2693333333333,126.57066666666668,381.8526846166875,224.45818109866508,58.78135473212173,383864777.0
76,76,20,4,basic,544,420,77.20588235294117,435.65238095238095,131.16666666666666,757.8375732888712,265.865182950704,35.08207989700214,62156218.0
77,77,15,6,basic,560,408,72.85714285714285,482.2867647058824,121.95588235294116,569.7725199684868,237.7830615985075,41.73298171903041,274970204.0
78,78,20,4,basic,574,473,82.40418118466899,458.323467230444,129.31712473572938,758.6776765832112,290.9471435912946,38.34924271155667,979009661.0
79,79,15,6,smart,529,400,75.61436672967864,408.64,121.32,570.0222005857387,239.53025363585851,42.02121485614491,268048516.0
80,80,10,6,basic,545,333,61.100917431192656,671.1531531531532,111.54954954954955,379.8547383045061,175.7433254283987,46.265929500533474,362523190.0
81,81,20,6,smart,594,472,79.46127946127946,355.20974576271186,130.5635593220339,759.4047635765146,301.7058490071009,39.72925421038687,922285065.0
82,82,5,6,basic,541,270,49.90757855822551,969.6777777777778,126.97777777777776,191.38918501207024,140.63059745365064,73.47886320994657,878640559.0
83,83,10,8,basic,561,362,64.52762923351159,512.732044198895,113.72099447513811,381.28530774834167,201.10492678842152,52.74394861318813,396787687.0
84,84,10,4,basic,565,387,68.49557522123894,677.9431524547804,121.26356589147288,379.8207677806572,218.86315341289136,57.62274524685358,805309175.0
85,85,15,6,smart,515,403,78.25242718446603,449.46401985111663,125.00248138957816,570.2452635900685,244.9024617429018,42.94686468785027,315111282.0
86,86,20,8,basic,557,439,78.81508078994614,332.8473804100228,124.04100227790433,757.9816976822407,270.6033967031456,35.70051856536875,383864777.0
87,87,15,6,basic,597,437,73.19932998324958,488.6453089244851,120.49199084668192,569.8907739182004,248.3436590606437,43.57741350209853,367405145.0
88,88,20,4,basic,557,452,81.14901256732495,407.0730088495576,126.85176991150442,758.8972456591146,285.8446375313043,37.66578929707981,305489378.0
89,89,10,4,smart,577,391,67.76429809358753,699.0664961636828,123.67007672634271,381.9929800393899,223.039262885541,58.38831458697014,530467456.0
90,90,5,6,basic,509,263,51.66994106090373,1004.2889733840304,119.15209125475285,191.2278040076987,135.64675985725037,70.9346428784955,755568905.0
91,91,15,4,smart,588,447,76.0204081632653,481.5257270693512,124.834451901566,570.693649621752,262.7657027466663,46.04321476519388,534967818.0
92,92,20,8,smart,619,497,80.2907915993538,426.933601609658,127.8692152917505,758.8033118415572,296.2133043067996,39.03690188013449,456738583.0
93,93,10,8,smart,559,388,69.40966010733453,625.909793814433,123.02061855670104,381.504183526522,217.15924499866557,56.92185154860005,533011683.0
94,94,5,4,smart,571,277,48.51138353765324,936.2418772563176,119.92779783393502,191.5466753456831,142.2835924453568,74.2814210628185,770142391.0
95,95,10,8,smart,582,399,68.55670103092784,633.4035087719299,113.6641604010025,381.1433150053127,212.0715676604161,55.64089918708402,194642212.0
96,96,10,4,basic,588,373,63.43537414965986,614.28418230563,125.57908847184989,381.1724646850775,210.57382920637875,55.24371477891344,533011683.0
97,97,10,8,smart,587,394,67.12095400340715,570.241116751269,120.5507614213198,381.41330666896994,221.70752462664296,58.12789453071279,272813683.0
98,98,10,8,basic,531,349,65.72504708097928,512.2550143266476,118.93982808022923,380.75579807485536,196.79436481344973,51.68519187585966,805309175.0
99,99,10,4,smart,539,377,69.9443413729128,591.5596816976127,130.0822281167109,381.5505599006441,223.35339649108795,58.53834850858279,590926899.0
100,100,5,8,smart,557,279,50.08976660682226,906.8243727598566,114.8673835125448,191.45392403929463,141.35372346056477,73.83171913026597,358368805.0
101,101,5,6,smart,580,290,50.0,1028.941379310345,132.4,191.72303740883777,147.79366243843444,77.08706498493105,390126418.0
102,102,5,6,basic,537,275,51.21042830540037,1096.7890909090909,128.48363636363635,191.15592972189668,137.4655294916056,71.91277282980309,433498721.0
103,103,5,6,smart,509,258,50.68762278978389,1035.5697674418604,121.2751937984496,191.20540885677684,126.92244000675558,66.38015146413946,755568905.0
104,104,20,4,smart,567,457,80.59964726631394,360.7242888402626,131.9124726477024,759.1886412093439,291.658017861625,38.417068173863946,884281372.0
105,105,5,6,basic,526,277,52.6615969581749,1008.4693140794224,119.5451263537906,190.994597874304,133.21367545188022,69.74735250865571,153044519.0
106,106,20,8,smart,560,440,78.57142857142857,346.38863636363635,132.16590909090908,758.5275591084526,277.65121791688784,36.60397233862269,948896778.0
107,107,10,4,basic,594,399,67.17171717171718,632.0200501253133,124.56892230576442,381.540242769051,225.45185024631385,59.08992682137109,316514901.0
108,108,20,8,smart,552,467,84.60144927536231,390.1670235546039,126.98929336188436,759.4625391196234,292.31219250794896,38.4893496981168,676261138.0
109,109,20,8,smart,572,469,81.99300699300699,394.4221748400853,130.5501066098081,759.39766796652,296.8766111632081,39.09369539653323,530467456.0
110,110,10,8,basic,541,374,69.13123844731977,603.879679144385,120.21122994652409,380.8243725545356,205.97107806961256,54.085581941086666,228056230.0
111,111,5,8,basic,585,292,49.91452991452992,1188.7534246575342,118.70890410958904,191.41092609025375,143.00685722233396,74.71196140334413,362523190.0
112,112,15,4,smart,556,434,78.05755395683454,431.4377880184332,129.09677419354838,571.2230899389351,269.76115500706265,47.22518395324333,173249261.0
113,113,10,6,basic,544,359,65.99264705882352,604.4540389972145,122.83565459610028,380.8916316406112,203.03304521355747,53.30467470210228,783435377.0
114,114,10,8,basic,586,382,65.18771331058021,675.8376963350786,119.43193717277488,381.17990444366,214.7719736806068,56.343991689192265,979009661.0
115,115,5,6,smart,548,286,52.18978102189781,943.3216783216784,119.13636363636364,191.51812753135363,147.34822011707635,76.93695736083981,948896778.0
116,116,5,6,basic,558,275,49.2831541218638,986.2872727272728,118.04363636363637,191.34190816305195,139.66365292865103,72.99166934701869,442685285.0
117,117,15,8,smart,565,429,75.929203539823,461.5757575757576,124.02797202797204,570.7620860002332,261.00733190265663,45.72961980213766,460669441.0
118,118,10,6,smart,536,386,72.01492537313433,769.3160621761658,121.85751295336787,381.18668054918913,213.80939435487636,56.09046833610072,433498721.0
119,119,20,6,basic,522,414,79.3103448275862,297.0193236714976,126.42995169082126,757.461025209062,257.9114811852841,34.049472197477044,315111282.0
120,120,10,8,basic,547,359,65.63071297989032,509.4707520891365,111.08356545961004,380.9501645957435,201.61152551823963,52.92333335311342,549004394.0
121,121,10,6,smart,543,398,73.29650092081032,680.6155778894472,130.91206030150755,381.6032487625743,228.6152302956032,59.90914150677026,383864777.0
122,122,20,6,smart,565,443,78.40707964601769,292.3544018058691,123.8352144469526,758.528753479764,273.35064665756585,36.03695250886205,930593199.0
123,123,10,6,basic,531,355,66.85499058380414,597.574647887324,118.4112676056338,380.9879145376392,203.4161024013057,53.39174672985841,48265950.0
124,124,5,6,smart,546,291,53.2967032967033,1098.4329896907216,116.34364261168383,191.42238508365588,139.69486234072616,72.97728647549573,362523190.0
125,125,5,4,smart,537,255,47.48603351955308,1080.6156862745097,120.3843137254902,191.51568183837568,138.88888632009505,72.52089488802616,292906152.0
126,126,5,6,basic,599,289,48.24707846410685,1021.0934256055364,129.71626297577853,191.55237831198525,144.03848582281697,75.19535235851707,922285065.0
127,127,5,4,basic,568,282,49.647887323943664,851.7056737588653,120.0354609929078,192.0106098068329,151.99091756717013,79.15756203267962,119596844.0
128,128,20,8,smart,548,467,85.21897810218978,357.745182012848,125.97216274089936,759.0275112378957,288.1904866651864,37.968384860672224,315111282.0
129,129,20,4,basic,535,441,82.42990654205607,369.39229024943313,136.09750566893425,758.5835208477839,285.83097059517775,37.67956497074131,590926899.0
130,130,15,6,basic,513,354,69.00584795321637,382.19209039548025,123.48022598870055,568.9224287623931,213.92432695782537,37.6016687236582,228056230.0
131,131,15,4,basic,537,395,73.55679702048417,413.53417721518986,126.95949367088608,569.9850945993325,247.3200276255413,43.39061318777001,590926899.0
132,132,15,8,smart,588,455,77.38095238095238,463.1164835164835,123.94505494505496,570.7258327592297,258.6295677216527,45.31590351733035,653495709.0
133,133,5,4,basic,554,269,48.55595667870036,1024.985130111524,127.0743494423792,191.0680607618259,137.89666917287698,72.17149146909006,173249261.0
134,134,5,6,basic,546,259,47.43589743589743,930.992277992278,132.5057915057915,191.23753780911264,134.49153405805626,70.32695337894462,979009661.0
135,135,5,6,smart,531,276,51.9774011299435,940.5289855072464,121.97101449275362,191.4023769669172,140.1770409922747,73.23683394825525,770142391.0
136,136,20,4,basic,575,461,80.17391304347827,427.5943600867679,133.3058568329718,759.1062486690281,304.3632992987154,40.094953747564055,119596844.0
137,137,10,6,smart,512,367,71.6796875,639.8910081743869,119.07901907356948,380.9629086588897,205.1976109377396,53.86288435798128,158944640.0
138,138,15,4,basic,608,444,73.02631578947368,484.3288288288288,125.65765765765764,570.2795505865347,263.2967899479959,46.16977580156857,358368805.0
139,139,15,4,basic,593,423,71.33220910623946,493.88652482269504,125.65248226950357,570.143083419787,251.31432499131333,44.07916754578512,62156218.0
140,140,15,8,basic,575,427,74.26086956521739,479.8454332552693,122.04683840749416,569.9199782388671,251.74981179867007,44.172835031439405,442685285.0
141,141,5,8,smart,562,257,45.72953736654805,1079.0739299610896,121.29961089494164,191.3352149598884,132.36727095265013,69.18082015398977,390126418.0
142,142,20,4,basic,561,424,75.57932263814617,390.0188679245283,130.51650943396226,758.3340308422839,268.41656087672925,35.39555788873119,228056230.0
143,143,5,8,basic,555,290,52.25225225225225,1064.296551724138,119.8551724137931,191.2085585875753,142.29837807515466,74.42050665843007,316514901.0
144,144,5,4,basic,561,260,46.3458110516934,949.7653846153846,129.63846153846154,191.27508362159347,138.52415797670702,72.42143375597966,383864777.0
145,145,5,4,smart,561,288,51.33689839572193,1150.3229166666667,124.06597222222224,191.63359847238488,148.08279846248217,77.27392254955825,922285065.0
146,146,15,6,basic,559,407,72.80858676207514,459.4250614250614,124.09582309582308,569.3945613283017,239.9692547429984,42.14463415020868,456738583.0
147,147,20,4,basic,573,457,79.75567190226876,416.89934354485774,130.35667396061268,758.6101337481163,284.6033813984195,37.51642230143439,367405145.0
148,148,5,8,smart,597,308,51.59128978224455,1031.5422077922078,122.32467532467533,191.35208514753128,149.95101996158584,78.36393308490709,470148314.0
149,149,10,4,smart,565,387,68.49557522123894,607.7984496124031,124.52454780361757,381.6731259877988,222.3054810339475,58.24499182608264,653495709.0
150,150,5,8,smart,591,292,49.4077834179357,998.38698630137,125.4931506849315,191.5675856791603,148.01514988359756,77.26523741417044,922285065.0
151,151,20,4,smart,572,460,80.41958041958041,363.2,128.5391304347826,760.08063790244,295.67926856131817,38.90103941830314,48265950.0
152,152,10,6,basic,585,353,60.34188034188034,604.2861189801699,118.87535410764872,380.6653701911895,194.36371810938323,51.058943977952055,153354925.0
153,153,10,4,basic,591,376,63.62098138747885,575.3324468085107,125.19680851063828,380.8695728376773,215.6403428909786,56.61789711484311,671082961.0
154,154,20,8,basic,546,446,81.68498168498168,429.2130044843049,127.05156950672644,758.0137893986027,272.4410251891875,35.94143391577854,350929302.0
155,155,5,4,basic,557,253,45.42190305206464,983.0790513833992,126.29644268774705,191.47198093514328,133.19516252579427,69.56378780606602,481403749.0
156,156,15,6,basic,563,408,72.46891651865009,476.3382352941176,125.6127450980392,569.450462027869,237.54708815183832,41.71514538875073,116942809.0
157,157,10,6,basic,583,380,65.18010291595198,645.2973684210526,124.92368421052632,381.1261189700347,213.87110208801064,56.11557210142971,481660159.0
158,158,15,6,basic,556,400,71.94244604316546,483.9875,123.4225,569.4878521020319,237.0956495300973,41.63313557171685,738646825.0
159,159,10,4,basic,577,386,66.89774696707106,650.2927461139897,119.16839378238342,380.9393421491514,206.97099292519584,54.33174524781934,530467456.0
160,160,20,8,basic,599,459,76.62771285475793,460.60130718954247,129.18736383442263,758.548098138555,278.24177244552834,36.68083449531044,390126418.0
161,161,20,4,basic,563,455,80.81705150976909,336.50989010989014,127.62417582417582,757.7717994126142,278.5459967867429,36.758559371390895,601135142.0
162,162,10,4,basic,551,361,65.51724137931035,652.3157894736842,122.77562326869806,381.3235081148489,205.75760445453847,53.9588040275155,708741215.0
163,163,15,4,basic,588,434,73.80952380952381,570.1082949308756,130.14285714285714,570.3169768059913,256.74100859573,45.01724813341255,447450854.0
164,164,10,8,smart,557,362,64.99102333931778,557.5994475138122,117.96132596685082,381.3074056735515,211.44575401100116,55.45283172182239,755568905.0
165,165,20,8,smart,589,490,83.1918505942275,385.73061224489794,128.71020408163264,759.2191776505211,303.1311461325979,39.926697725242825,770142391.0
166,166,5,4,basic,534,271,50.74906367041199,960.2472324723248,123.94464944649448,191.33198148974068,140.82247210575855,73.60111519741383,590926899.0
167,167,10,4,basic,564,394,69.8581560283688,597.3121827411168,129.16497461928935,381.5388690890626,225.34808393212185,59.06294277963037,601135142.0
168,168,20,6,basic,567,446,78.65961199294532,362.9484304932735,123.9865470852018,757.8133125058816,267.56171639756565,35.307075236355004,481403749.0
169,169,15,4,basic,587,436,74.27597955706985,478.1605504587156,124.80963302752292,570.3154247712148,261.1713487539479,45.79419342528185,533011683.0
170,170,20,8,basic,561,473,84.31372549019608,255.03594080338263,122.94291754756873,758.4493566857113,284.66539308006617,37.53255119418959,597572982.0
171,171,20,4,smart,557,458,82.2262118491921,396.5021834061136,128.69650655021834,759.8611934680654,292.44732086023515,38.48693990088939,305489378.0
172,172,10,8,basic,587,375,63.88415672913118,593.88,116.304,380.8171905724311,207.10479573508675,54.384308498199374,272813683.0
173,173,15,6,basic,563,419,74.42273534635879,527.928400954654,124.68496420047732,569.6631763341309,240.10720889642172,42.14897835621887,173249261.0
174,174,15,8,basic,539,390,72.35621521335807,449.6948717948718,120.37179487179488,569.2501370928335,230.7039737845171,40.52769753604711,228056230.0
175,175,20,6,smart,549,447,81.4207650273224,340.60178970917224,126.47427293064877,758.7371085511999,280.0682517471706,36.91242310290554,447450854.0
176,176,10,8,smart,580,400,68.96551724137932,580.98,119.22,381.66722939562334,226.4871424836928,59.34152189129236,268048516.0
177,177,5,4,smart,548,266,48.54014598540146,911.015037593985,120.76691729323308,191.3682981488778,138.05509746313433,72.14104885634313,878640559.0
178,178,20,6,smart,541,444,82.0702402957486,369.5698198198198,133.86936936936937,758.7591053900098,284.0287044581303,37.433317431114936,783435377.0
179,179,20,4,smart,596,466,78.18791946308725,378.4420600858369,134.63090128755366,759.5149768429286,312.2369342213676,41.11004308555455,470148314.0
180,180,5,8,basic,564,284,50.35460992907801,1000.0669014084508,128.10211267605635,191.3168427960756,146.3432220864732,76.49259727877711,655359215.0
181,181,5,8,basic,529,284,53.68620037807184,948.0845070422536,116.20422535211269,191.08564734428063,140.6381295858231,73.59952541722518,572435721.0
182,182,10,4,basic,571,374,65.49912434325745,545.3475935828877,120.06417112299464,381.3587254097314,212.0623502108185,55.607053433215405,738646825.0
183,183,5,4,smart,589,279,47.368421052631575,1055.4444444444443,133.90322580645162,191.3341736706875,145.92583939061495,76.26752534117269,70952804.0
184,184,15,8,smart,582,473,81.27147766323024,484.6553911205074,120.83509513742072,570.9408263670415,273.29434613350884,47.86736794993458,534967818.0
185,185,15,6,smart,558,422,75.62724014336918,627.2322274881517,137.978672985782,570.2731791892055,250.00075643298877,43.83877158459934,358368805.0
186,186,20,6,smart,525,422,80.38095238095238,293.7843601895735,125.84123222748816,758.4738955363553,262.9427416455212,34.667342303136365,119596844.0
187,187,5,6,basic,497,281,56.53923541247485,1015.1814946619218,120.27758007117438,190.9246839541966,136.0146904753453,71.23997152090382,316514901.0
188,188,10,6,basic,564,388,68.79432624113475,690.3067010309278,126.14690721649484,381.0647665160452,214.7261878654216,56.34900067739018,116942809.0
189,189,5,6,basic,576,264,45.83333333333333,917.0378787878788,121.8939393939394,190.9283007729284,131.2081138304609,68.72114469111999,738646825.0
190,190,5,6,smart,516,265,51.356589147286826,1023.2339622641508,125.14339622641508,191.3619627237296,133.60950520813287,69.82030457172188,228056230.0
191,191,20,8,basic,597,479,80.23450586264657,348.98329853862214,124.34864300626305,757.9960117506681,291.17143773465403,38.41332054797548,470148314.0
192,192,5,6,smart,530,278,52.45283018867924,1025.363309352518,132.76258992805757,191.3448882440384,136.6769974668684,71.42965705598186,119596844.0
193,193,20,4,smart,560,440,78.57142857142857,391.575,132.82045454545454,759.1979373971969,287.96360498768155,37.9299772566459,805309175.0
194,194,5,8,basic,544,275,50.55147058823529,1016.7854545454544,123.00727272727272,191.46142667413477,142.52048689111874,74.43822464233855,671082961.0
195,195,5,4,smart,565,273,48.31858407079646,969.6190476190476,124.36996336996336,191.30917911951613,139.48370434815155,72.91009505665811,433498721.0
196,196,5,8,smart,529,280,52.93005671077504,930.95,118.58928571428572,191.4116008281567,139.7231868946999,72.996195784465,572435721.0
197,197,10,4,basic,568,371,65.3169014084507,654.5929919137467,118.91374663072776,380.77376881925534,205.04624052762748,53.84988602640804,852052273.0
198,198,10,4,smart,591,401,67.85109983079526,615.498753117207,129.713216957606,381.56837661066425,228.50065117323007,59.88458823629984,671082961.0
199,199,20,4,smart,554,466,84.11552346570397,338.5128755364807,132.6480686695279,759.583156631193,306.14427000950434,40.3042467881037,268048516.0
200,200,20,4,smart,556,469,84.35251798561151,307.52452025586354,129.9189765458422,759.2953923982533,296.41588744150494,39.03828344134527,433448262.0
201,201,10,4,basic,553,376,67.99276672694394,741.2340425531914,122.8936170212766,381.3949374519128,207.25294751096425,54.340770461090656,34346284.0
202,202,10,4,basic,561,369,65.77540106951871,674.8509485094851,121.29539295392954,381.3586728439259,208.8038767449147,54.75262308518924,979009661.0
203,203,15,8,basic,545,413,75.77981651376146,471.7191283292978,115.90799031476998,569.6597014026273,237.2740187674157,41.65188764155073,153044519.0
204,204,20,4,basic,548,451,82.2992700729927,402.8048780487805,131.6541019955654,758.584856267294,279.9023138613049,36.89795697195923,272813683.0
205,205,20,4,basic,548,461,84.12408759124088,457.9349240780911,129.71583514099785,758.1982176830138,286.7767016927081,37.82344708868773,597572982.0
206,206,20,8,basic,558,428,76.70250896057348,334.9672897196262,121.42289719626169,757.0317091690373,256.7562972810316,33.91618794447361,783435377.0
207,207,10,8,smart,550,395,71.81818181818181,586.6151898734178,120.80253164556962,373.4547980777804,216.6418745727865,58.01019981209773,315111282.0
208,208,15,4,smart,572,445,77.7972027972028,480.9573033707865,126.99101123595506,571.3552024514976,273.08300240861263,47.79566217948189,362523190.0
209,209,10,8,basic,597,411,68.84422110552764,591.6861313868613,117.60097323600974,381.31376502649925,226.2760758380607,59.34117689728189,852052273.0
210,210,20,6,basic,541,417,77.07948243992607,445.93764988009593,126.30935251798562,757.4133235615614,251.79647214787232,33.24426232217008,362523190.0
211,211,5,4,smart,563,268,47.60213143872114,905.9402985074628,126.78358208955224,191.8063171339152,146.71154999356185,76.48942547138888,447450854.0
212,212,5,6,basic,563,272,48.31261101243339,930.158088235294,123.125,191.01508654230815,136.47743020306947,71.4485084259776,194642212.0
213,213,15,6,basic,545,407,74.6788990825688,411.987714987715,121.014742014742,568.8306636597165,236.8971466240795,41.64633901765097,852052273.0
214,214,10,6,smart,546,369,67.58241758241759,578.1490514905149,123.36585365853658,381.2869646104144,205.05613129921664,53.78000045418175,350929302.0
215,215,15,4,basic,550,438,79.63636363636364,513.5456621004566,127.96118721461188,570.3813749155179,263.1203043377652,46.13059190032936,272813683.0
216,216,5,6,basic,578,310,53.63321799307958,1115.1967741935484,125.63870967741936,191.41980956033808,149.54553060585448,78.12437539737272,805309175.0
217,217,15,4,basic,559,426,76.20751341681574,487.09154929577466,128.481220657277,570.575505547171,261.13268750601907,45.7665435980463,738646825.0
218,218,20,8,smart,559,470,84.07871198568873,360.3617021276596,125.7468085106383,758.6947762559788,292.79704679325783,38.59220545028109,655359215.0
219,219,5,8,smart,522,270,51.72413793103448,1005.1481481481482,127.4037037037037,191.3601334419427,142.0904718330689,74.25291218046634,110158532.0
220,220,15,6,smart,557,439,78.81508078994614,490.7699316628701,128.95671981776766,570.132167388677,263.3664712768916,46.19393297578075,481660159.0
221,221,5,6,basic,546,268,49.08424908424908,951.8097014925372,120.09701492537312,191.3542126118787,136.01723921425253,71.08139264753714,362523190.0
222,222,20,6,smart,539,437,81.07606679035251,326.35011441647595,124.279176201373,757.8545581536191,267.5179929514288,35.29938430444884,153044519.0
223,223,10,6,basic,528,365,69.12878787878788,643.5643835616438,122.26027397260276,381.26772692626736,200.3124503305253,52.53852770215281,119596844.0
224,224,20,6,basic,502,414,82.47011952191235,386.1183574879227,127.55797101449276,757.7142128671869,258.114614272761,34.06490334872518,158944640.0
225,225,20,8,smart,595,482,81.00840336134453,369.9045643153527,121.77800829875518,758.3260262906317,290.1325505515724,38.2596060919552,116942809.0
226,226,10,8,basic,594,375,63.13131313131313,576.2053333333333,115.744,381.0932760283444,205.7619867279707,53.99255239356857,481660159.0
227,227,5,8,basic,596,286,47.98657718120805,1097.055944055944,123.3181818181818,191.4995017820464,142.4786372234677,74.40157070780717,481660159.0
228,228,10,8,basic,547,370,67.64168190127971,556.0216216216216,116.5027027027027,380.77058023095015,201.99087663203565,53.0479210104734,532925674.0
229,229,5,8,basic,557,273,49.01256732495512,912.095238095238,114.05860805860806,191.2724333073602,136.7586234423357,71.49939020359251,358368805.0
230,230,15,8,smart,578,442,76.47058823529412,390.14932126696834,122.49095022624434,570.7024837292299,267.109905501087,46.803704752723206,268048516.0
231,231,5,8,basic,591,280,47.37732656514383,934.7678571428572,116.33214285714286,191.04461755344835,138.98831375256535,72.7517558633552,922285065.0
232,232,5,6,smart,546,266,48.71794871794872,1076.1203007518798,130.21052631578948,191.12773710440896,135.7267756802683,71.01364654682418,979009661.0
233,233,15,4,basic,561,403,71.83600713012478,504.2952853598015,125.23821339950372,569.6197383939432,240.35175334801,42.19512371984995,433498721.0
234,234,5,8,smart,544,286,52.57352941176471,984.888111888112,120.3181818181818,191.39948024153043,142.42296935085258,74.41136682875339,671082961.0
235,235,20,4,basic,502,409,81.47410358565737,418.9779951100245,128.31784841075793,757.9708948613536,255.0956111914745,33.655066826561466,655359215.0
236,236,20,6,basic,505,395,78.21782178217822,355.67088607594934,123.9240506329114,757.7445277826582,244.9312259156175,32.323720849868074,572435721.0
237,237,15,6,basic,544,416,76.47058823529412,498.0048076923077,123.46634615384616,568.6923809417814,236.47576663967945,41.58236940823164,948896778.0
238,238,20,6,basic,591,447,75.63451776649747,329.61968680089484,120.2930648769575,758.1186199218945,259.2153450422502,34.19192435465521,153354925.0
239,239,10,8,smart,586,388,66.21160409556313,648.0,117.79381443298968,381.4356917897644,217.86557058410523,57.1172481426269,979009661.0
240,240,5,4,basic,571,261,45.70928196147111,999.4291187739464,125.40229885057472,191.17952940582387,139.17667255510176,72.7989408634155,8501172.0
241,241,20,6,smart,556,460,82.73381294964028,445.7130434782609,134.7391304347826,759.2722564183023,289.55093370113315,38.13532382534628,358368805.0
242,242,10,6,smart,530,352,66.41509433962264,679.1676136363636,119.94602272727272,381.2326858106262,200.5849221567522,52.61482806235321,533011683.0
243,243,15,6,smart,563,427,75.8436944937833,461.1850117096019,127.84777517564405,570.081977409466,256.08081516942025,44.91999840673582,116942809.0
244,244,15,8,smart,519,397,76.49325626204238,535.823677581864,126.77833753148614,569.7319914433177,238.31424313757077,41.82918402279688,110158532.0
245,245,5,6,basic,524,264,50.38167938931297,1034.2121212121212,123.29166666666669,191.06954214760657,132.69311585070065,69.44755001725575,671082961.0
246,246,10,4,smart,558,392,70.25089605734766,701.4617346938776,125.1530612244898,381.7106308878208,227.9943444667276,59.72962920535788,878640559.0
247,247,15,6,smart,556,431,77.51798561151078,523.3178654292343,122.2552204176334,569.9181944630307,251.8262703182949,44.18638898790769,590926899.0
248,248,10,4,basic,539,358,66.41929499072357,536.9385474860335,124.53072625698324,381.1164568806781,208.61735794342465,54.73848063421194,590926899.0
249,249,20,4,basic,596,464,77.85234899328859,370.2306034482759,133.64655172413794,758.9644397198597,299.9766029040578,39.52446085811106,470148314.0
250,250,15,6,basic,557,406,72.89048473967684,435.3374384236453,120.79556650246306,569.1152568034265,236.9077203531764,41.627371173253344,481660159.0
251,251,5,6,smart,583,275,47.16981132075472,869.3636363636364,123.7309090909091,191.2375136027989,138.85930265209316,72.61091196809036,260244418.0
252,252,20,4,basic,537,429,79.88826815642457,437.8065268065268,126.4102564102564,758.4294957406682,264.5635599713163,34.88307897531707,930593199.0
253,253,15,6,basic,526,369,70.15209125475285,413.3089430894309,122.54471544715447,568.8625119516091,218.6711266326576,38.44006627936472,119596844.0
254,254,5,4,smart,580,290,50.0,1009.4206896551724,123.5551724137931,191.77170965842836,145.82912071690484,76.04308319336907,362523190.0
255,255,15,4,smart,580,440,75.86206896551724,454.82045454545454,129.62954545454545,570.136188443464,271.6446370798697,47.64557005607558,671082961.0
256,256,5,4,basic,608,302,49.67105263157895,1000.6887417218544,134.96026490066225,191.3188157415385,151.54525915287329,79.21084947421107,116942809.0
257,257,15,6,basic,548,390,71.16788321167883,458.05384615384617,120.97692307692309,526.3486467538858,229.5369716058853,43.60930212730537,442685285.0
258,258,5,4,smart,564,288,51.06382978723404,1081.1284722222222,128.44444444444446,191.1792546176613,142.65742383490036,74.61971965535719,601135142.0
259,259,20,8,smart,560,463,82.67857142857142,378.6868250539957,122.47516198704103,759.1460154391731,282.643859188483,37.23181752129344,930593199.0
260,260,20,4,basic,568,458,80.63380281690141,365.18995633187774,131.20305676855895,758.9718670456161,294.078881015012,38.74700681064073,738646825.0
261,261,15,8,basic,568,422,74.29577464788733,426.760663507109,121.77014218009478,569.8896691557383,247.0202703159865,43.34527956647013,572435721.0
262,262,10,8,smart,561,392,69.87522281639929,620.8112244897959,125.78316326530611,381.2322074593508,216.3916148633828,56.76110533931102,187959148.0
263,263,20,8,basic,560,469,83.75,351.8528784648188,120.73773987206825,757.9804198160489,282.19945387755683,37.23044111694107,305489378.0
264,264,5,4,smart,560,262,46.785714285714285,878.8549618320611,128.61832061068702,191.5707239777732,143.98838834613315,75.16200041235908,720265055.0
265,265,10,8,smart,599,403,67.2787979966611,614.4292803970224,118.62531017369729,381.2136788009687,217.090284289753,56.94713919305493,260244418.0
266,266,5,8,basic,550,272,49.45454545454545,911.0698529411764,108.98529411764706,191.430115445813,134.78033879917348,70.40707178454633,350929302.0
267,267,5,4,smart,554,279,50.36101083032492,1079.799283154122,127.65232974910394,191.26420944352145,139.0390717211187,72.69476716299901,173249261.0
268,268,5,8,smart,565,266,47.07964601769912,1050.0413533834587,113.95864661654136,191.07766508798568,135.23434068183136,70.77454113726996,948896778.0
269,269,10,4,smart,549,352,64.11657559198542,565.28125,121.67329545454544,380.52220407370095,199.5597748524044,52.443661031079536,442685285.0
270,270,10,8,smart,567,399,70.37037037037037,554.9348370927319,122.86466165413532,381.6171409093074,224.9524979757224,58.94716821149893,653495709.0
271,271,15,6,basic,521,379,72.7447216890595,439.75197889182056,125.11609498680738,569.0835490498044,221.88562219951143,38.98999058573958,110158532.0
272,272,15,4,basic,575,411,71.47826086956522,573.4549878345499,130.79562043795622,570.3333076778562,257.0704204128453,45.07371688662579,470148314.0
273,273,20,8,smart,538,472,87.73234200743495,297.5042372881356,124.13771186440678,759.0184813132887,291.32002555946895,38.38115048996089,532925674.0
274,274,5,6,basic,548,289,52.737226277372265,1009.19723183391,124.82698961937716,191.3990723562349,144.5894858351875,75.54346217837218,948896778.0
275,275,20,4,smart,560,448,80.0,341.1607142857143,132.80580357142858,758.7594006824281,290.2548998348039,38.253878577813815,433498721.0
276,276,20,6,basic,530,402,75.84905660377359,341.8980099502488,131.53482587064676,757.942983966815,258.18565346189007,34.06399411610547,671082961.0
277,277,15,8,smart,545,431,79.08256880733944,429.4733178654293,118.96287703016242,570.0670730113513,245.9318712440592,43.14086585372072,153044519.0
278,278,10,8,smart,537,381,70.94972067039106,711.6771653543307,127.03412073490814,381.42593627558506,217.1356609754817,56.92734560625119,738646825.0
279,279,10,6,smart,568,375,66.02112676056338,603.4293333333334,119.02133333333332,381.4081542450338,212.43299214424584,55.697024245519735,590926899.0
280,280,10,6,basic,530,350,66.0377358490566,657.6285714285714,120.06571428571428,380.7504176565778,196.0613085017621,51.49339289198151,533011683.0
281,281,10,6,smart,539,358,66.41929499072357,537.9525139664804,123.98324022346368,381.4437514465944,216.8781883870488,56.85718734795259,878640559.0
282,282,5,6,basic,587,295,50.25553662691652,896.1661016949153,127.75593220338985,191.0664013530959,144.78904299960308,75.77943687337734,470148314.0
283,283,10,8,smart,578,422,73.01038062283737,572.1587677725119,122.24881516587678,381.6727655116093,231.0736641400784,60.54235067842424,433448262.0
284,284,5,6,smart,568,289,50.88028169014085,1040.847750865052,123.03806228373702,191.1937479738911,137.40411338029705,71.86642598745466,653495709.0
285,285,20,8,smart,543,469,86.3720073664825,327.2174840085288,125.6503198294243,758.4036041586891,287.5413555909092,37.91402809983796,549004394.0
286,286,20,8,smart,556,461,82.91366906474819,346.38611713665944,120.6529284164859,742.031539318489,269.8617877029289,36.36796731723569,590926899.0
287,287,10,6,smart,545,364,66.78899082568807,665.1346153846154,113.50824175824177,380.6147432983877,192.6546582686901,50.61670932637941,362523190.0
288,288,10,6,basic,585,378,64.61538461538461,646.8465608465608,123.67989417989418,380.7273137406216,210.75387262621163,55.355595729544135,470148314.0
289,289,5,4,smart,553,270,48.8245931283906,1176.4851851851852,127.24444444444444,191.61535441401728,141.12705033777814,73.65122214206767,708741215.0
290,290,5,8,basic,597,306,51.256281407035175,1098.5261437908496,126.5751633986928,191.04552152038647,147.86909932930035,77.39992968823466,470148314.0
291,291,5,4,basic,559,284,50.80500894454383,1011.2077464788732,131.6232394366197,191.4046153588602,143.2976047511637,74.8663267510547,268048516.0
292,292,20,8,basic,566,443,78.26855123674912,293.21670428893907,117.9841986455982,757.4876787315048,257.4216493476255,33.98360878670738,367405145.0
293,293,5,6,basic,537,269,50.09310986964618,1006.899628252788,122.3085501858736,191.14839581302772,137.8347366544688,72.10875930619484,447450854.0
294,294,5,6,smart,554,279,50.36101083032492,984.3906810035842,124.78853046594982,191.42983438180136,143.83020120314345,75.13468403063975,481403749.0
295,295,15,4,basic,557,427,76.66068222621185,456.26932084309135,126.1592505854801,570.0192703953725,250.41955290856237,43.93176966365859,433448262.0
296,296,10,6,smart,577,385,66.72443674176776,598.5246753246753,124.96363636363635,381.50860818692064,211.97886686489196,55.56332473657648,481403749.0
297,297,15,6,basic,528,387,73.29545454545455,586.405684754522,124.015503875969,568.9528028431658,228.56809226074583,40.17347152849013,533011683.0
298,298,15,6,smart,579,447,77.2020725388601,446.3333333333333,128.69127516778522,570.7723781878593,268.84602300902367,47.10214321558111,805309175.0
299,299,10,8,basic,563,379,67.31793960923623,635.1767810026386,118.00263852242745,381.1912946347368,205.93142780213992,54.023119284365215,930593199.0
300,300,5,6,smart,524,261,49.80916030534351,985.6666666666666,126.39080459770116,191.25086777794616,134.8295657535047,70.49879946691276,671082961.0
301,301,15,4,smart,587,463,78.87563884156728,465.11663066954645,130.68250539956804,571.5013703666048,285.0600613236955,49.8791562198418,533011683.0
302,302,5,6,smart,534,281,52.62172284644194,1108.4128113879003,129.05693950177937,191.33754819159944,144.07380021765792,75.2982368486226,549004394.0
303,303,10,4,smart,533,358,67.16697936210132,651.2206703910615,124.8882681564246,381.4854488912111,215.00093416674468,56.35888204691574,676261138.0
304,304,20,6,smart,584,459,78.5958904109589,362.1851851851852,126.27015250544662,759.3423554292121,277.7108828900455,36.57255267066878,194642212.0
305,305,15,6,smart,563,429,76.19893428063943,487.57808857808857,125.13519813519814,570.4495854531954,258.05768758945675,45.23759753185587,884281372.0
306,306,15,4,basic,559,420,75.13416815742397,431.7,124.71666666666668,570.6575332450594,252.77558993910225,44.295496898408935,460669441.0
307,307,20,4,smart,580,450,77.58620689655173,325.22444444444443,129.65777777777777,759.6144399268976,287.8388103088424,37.892751266885206,153354925.0
308,308,10,6,basic,573,370,64.57242582897034,682.8216216216216,122.65675675675676,381.5185947131627,212.4536308446341,55.68631091345972,460669441.0
309,309,5,4,basic,539,263,48.79406307977737,1000.277566539924,124.60456273764258,191.4069284504995,133.86206212478643,69.93584987149775,34346284.0
310,310,20,8,smart,566,470,83.03886925795054,351.2106382978723,121.77659574468083,758.2269908704884,280.20805238362726,36.95569476654112,367405145.0
311,311,5,6,basic,547,272,49.72577696526509,1031.3235294117646,121.7279411764706,191.5591257388809,138.33493205591546,72.21526592498824,350929302.0
312,312,5,8,smart,565,276,48.849557522123895,928.9347826086956,111.31159420289856,191.03445294701496,133.40082979888348,69.83077017834229,979009661.0
313,313,15,8,smart,587,458,78.02385008517888,410.4366812227074,119.06331877729258,570.1279082862357,264.8140323489375,46.44817917174934,922285065.0
314,314,20,6,smart,533,434,81.42589118198875,422.1036866359447,134.01612903225808,722.8210885984548,280.6107772914416,38.82160907003197,676261138.0
315,315,20,4,basic,581,471,81.06712564543889,350.40976645435245,127.57537154989384,759.0759980949259,291.0781606855341,38.34637920525232,532925674.0
316,316,5,4,basic,561,251,44.741532976827095,896.808764940239,122.09561752988049,191.0933650519997,131.87483775316838,69.01068371331625,228056230.0
317,317,20,6,basic,519,401,77.26396917148362,389.8753117206983,127.81795511221944,757.2365800393325,247.46042875179785,32.67940763492226,110158532.0
318,318,5,4,smart,547,260,47.53199268738574,1177.1076923076923,116.16923076923077,191.47635533830837,141.3177091262238,73.80426104128514,315111282.0
319,319,5,6,smart,615,309,50.24390243902439,1017.7864077669902,121.72815533980582,191.21851950927197,142.0915974279704,74.30849155857028,884281372.0
320,320,5,4,basic,590,273,46.271186440677965,882.3919413919414,126.28571428571428,191.35162272658064,138.68398643515243,72.47599182020832,533011683.0
321,321,15,8,smart,563,442,78.50799289520425,451.2126696832579,123.47511312217196,570.8453025489758,258.74695011903145,45.32698245280423,119596844.0
322,322,5,6,basic,519,268,51.63776493256263,949.1716417910447,119.61194029850746,191.06140871059023,133.97788934793354,70.12294646632498,315111282.0
323,323,15,8,smart,588,462,78.57142857142857,494.6709956709957,122.2034632034632,570.2370097014847,265.23633070093854,46.51334904407344,433498721.0
324,324,10,8,smart,572,394,68.88111888111888,635.274111675127,119.71065989847716,381.23118041884,215.32269131526016,56.48087102390095,878640559.0
325,325,20,4,smart,577,469,81.28249566724438,383.1918976545842,129.08955223880596,759.6899096359408,298.3297173565354,39.269932846613855,770142391.0
326,326,20,8,basic,588,458,77.89115646258503,383.6965065502183,125.90393013100436,757.1423987609596,266.1712326742804,35.15471239094013,485221178.0
327,327,5,4,smart,568,285,50.176056338028175,1001.3859649122808,123.7438596491228,191.49342760023487,146.758480141694,76.63891235372823,119596844.0
328,328,15,6,basic,595,429,72.10084033613445,465.0699300699301,126.57342657342656,570.3991502286365,255.8362459924094,44.85214360678151,922285065.0
329,329,20,8,basic,595,484,81.34453781512605,404.4235537190083,121.77685950413225,758.0777229509599,281.1949382248375,37.09315413335632,116942809.0
330,330,10,4,basic,590,379,64.23728813559322,660.6279683377309,121.43007915567284,381.5856614226021,212.53448015909936,55.69771132561494,534967818.0
331,331,10,6,smart,578,399,69.03114186851211,666.9649122807018,121.83458646616542,381.0634220844698,216.6815161223325,56.86232358305465,390126418.0
332,332,15,4,basic,545,430,78.89908256880734,525.3372093023256,127.0,570.1059944607109,263.9981956177437,46.30686191389227,878640559.0
333,333,10,8,smart,603,413,68.49087893864014,683.547215496368,116.23002421307504,381.3303480940653,222.1853929499117,58.26585637896928,173249261.0
334,334,15,4,smart,554,430,77.6173285198556,514.6395348837209,135.13488372093022,571.4714686248745,276.3019304306411,48.34920824577706,481403749.0
335,335,20,4,smart,575,478,83.1304347826087,370.4686192468619,127.86610878661088,759.5660208800476,307.47934441748464,40.48092410205939,653495709.0
336,336,15,4,smart,565,452,80.0,492.6637168141593,135.56858407079645,570.8867233797635,270.16891950588524,47.32443555639747,383864777.0
337,337,15,4,smart,579,459,79.27461139896373,471.7276688453159,129.18082788671023,571.3917442574178,277.54100069314904,48.57280551959008,653495709.0
338,338,10,8,smart,565,385,68.14159292035397,616.0675324675325,117.73766233766234,381.0972916988629,211.3455793353126,55.45711920259841,305489378.0
339,339,10,4,smart,606,409,67.49174917491749,635.0488997555012,127.87530562347187,381.78046021069326,235.8797940951929,61.78414525589336,116942809.0
340,340,20,4,smart,544,450,82.72058823529412,327.9488888888889,131.13555555555556,759.1932734038447,296.9172085527231,39.10956787347366,110158532.0
341,341,15,4,smart,608,468,76.97368421052632,475.5149572649573,127.69017094017094,570.8117913142029,278.7727828207888,48.83795097837048,358368805.0
342,342,10,8,smart,549,371,67.57741347905282,590.3827493261456,121.47169811320757,381.3598422654121,212.45366028319117,55.709499726332325,350929302.0
343,343,20,4,basic,544,431,79.22794117647058,396.7819025522042,132.6264501160093,758.1713764044806,277.5788603300897,36.611624887036456,187959148.0
344,344,10,4,smart,559,374,66.90518783542039,534.6684491978609,125.73529411764706,381.780274863599,222.67891051852257,58.32645769823506,572435721.0
345,345,15,8,smart,539,411,76.25231910946196,395.5474452554744,124.46958637469588,570.0893599468026,245.8104903302402,43.11788775590862,228056230.0
346,346,20,6,smart,530,432,81.50943396226415,366.4791666666667,132.96064814814815,758.850751778464,281.8333726198245,37.139499692042456,671082961.0
347,347,10,6,smart,538,379,70.4460966542751,608.2849604221636,127.07387862796834,380.99764100536976,209.3668171492112,54.95226075330486,655359215.0
348,348,20,4,basic,558,461,82.61648745519713,376.5965292841648,128.76572668112797,758.9665110271561,299.78215243476296,39.4987325631864,112043825.0
349,349,20,8,basic,586,478,81.56996587030717,439.7154811715481,122.26987447698744,757.8364961426266,277.7025815798992,36.64412877888569,433498721.0
350,350,5,8,basic,577,295,51.12651646447141,940.1084745762712,121.93898305084744,191.64767352103183,146.33037745582047,76.35385014979681,433448262.0
351,351,20,8,basic,595,449,75.46218487394958,361.75723830734967,118.1403118040089,757.658681112523,267.817476386334,35.348037719712906,260244418.0
352,352,5,4,basic,596,289,48.48993288590604,842.8339100346021,119.64359861591696,191.1671736302992,140.75418593424178,73.62884707729593,62156218.0
353,353,20,6,basic,563,438,77.797513321492,456.2716894977169,123.9406392694064,757.8609550989689,261.4617017627868,34.499956753761325,653495709.0
354,354,15,4,basic,506,382,75.49407114624506,526.0287958115183,126.8586387434555,570.0200174074809,235.7583023242541,41.35965319191965,655359215.0
355,355,15,4,basic,577,422,73.13691507798961,432.84123222748815,123.00473933649288,570.2189462932406,259.74617623843415,45.552007334540086,274970204.0
356,356,10,8,smart,635,422,66.45669291338582,670.3483412322275,121.8175355450237,381.8245656869785,231.38363947181463,60.59946380231177,720265055.0
357,357,5,6,basic,531,288,54.23728813559322,914.0659722222222,124.59722222222224,191.14119987156775,138.5564978956936,72.48908031800205,770142391.0
358,358,5,8,smart,593,282,47.5548060708263,987.177304964539,119.45744680851064,191.4521240951625,140.44533340629988,73.35793952147046,485221178.0
359,359,15,4,smart,582,468,80.41237113402062,466.0747863247863,130.1239316239316,571.3126741512532,285.58340607879813,49.98723448645056,532925674.0
360,360,5,8,smart,549,282,51.36612021857923,1063.2695035460993,120.40780141843972,191.4418790131493,139.62315217710423,72.93239749674319,549004394.0
361,361,20,4,smart,502,411,81.87250996015936,366.8540145985401,127.18978102189782,758.9265915586803,265.9390037599272,35.041466028188935,655359215.0
362,362,5,4,basic,580,282,48.62068965517241,1008.9397163120568,126.38297872340424,191.3884258766276,143.2952731363498,74.87144140509339,274970204.0
363,363,20,4,basic,602,479,79.56810631229236,406.19415448851777,128.53444676409185,758.7343079442585,293.3133953494974,38.65824864888621,671082961.0
364,364,10,6,basic,574,399,69.51219512195121,631.4887218045113,119.1779448621554,381.5555724638807,221.47383418314388,58.04497435405936,532925674.0
365,365,20,6,smart,567,470,82.89241622574956,400.8574468085106,129.34893617021277,758.6904665682742,286.71149702458,37.79031234192778,481403749.0
366,366,20,8,basic,575,457,79.47826086956522,366.636761487965,124.70240700218818,757.9097239624831,281.92256721809923,37.19738094190946,274970204.0
367,367,5,4,basic,566,269,47.52650176678445,1044.1152416356877,120.8736059479554,191.17619419508145,135.14211584009712,70.68982433147217,260244418.0
368,368,15,6,smart,586,434,74.06143344709898,407.08294930875576,120.6589861751152,570.1436214054648,257.0523219501125,45.085538502816384,770142391.0
369,369,10,6,smart,544,374,68.75,674.0802139037434,128.30213903743316,381.3742849608,216.6952531033516,56.81957637118216,8501172.0
370,370,10,4,basic,561,383,68.27094474153299,677.3342036553524,123.99216710182768,381.21205476549983,212.00494307859736,55.613389038552526,460669441.0
371,371,15,4,basic,556,422,75.89928057553958,486.1682464454976,128.48104265402844,570.1187466418666,252.1151997959653,44.221524249287214,173249261.0
372,372,10,4,basic,576,380,65.97222222222221,621.6921052631579,119.91052631578948,381.4140531821518,213.0305666586431,55.85283627630421,770142391.0
373,373,5,6,smart,599,277,46.24373956594324,934.5054151624548,126.31768953068593,191.4580026661557,139.4744915992355,72.84860891525983,922285065.0
374,374,15,8,smart,568,442,77.8169014084507,471.21719457013575,125.30316742081448,570.6635388337328,261.3003117351895,45.788856997804686,447450854.0
375,375,20,4,smart,557,449,80.61041292639139,363.0824053452116,132.75723830734967,759.1910356165665,292.7125197236621,38.555845102404255,158944640.0
376,376,20,8,smart,527,436,82.73244781783681,366.80045871559633,125.46330275229356,758.5933550672414,274.1839835916699,36.143736530274026,110158532.0
377,377,5,4,basic,537,267,49.72067039106145,1001.87265917603,128.47191011235955,191.6064612539577,145.8093224539414,76.0983327491675,481660159.0
378,378,5,8,smart,570,278,48.77192982456141,969.8309352517986,114.61870503597122,191.31623210480515,138.57261936351804,72.43118779780612,292906152.0
379,379,15,4,basic,565,421,74.51327433628319,532.3919239904989,130.3729216152019,570.1578142906064,256.6026742561934,45.00555246716383,383864777.0
380,380,15,8,smart,577,433,75.04332755632582,425.4618937644342,127.17551963048498,570.695981311582,263.42116036809347,46.15787897484314,274970204.0
381,381,10,6,smart,521,386,74.08829174664108,707.2849740932643,127.11398963730568,381.97273477089385,219.80333125751983,57.54424629008068,534967818.0
382,382,10,6,smart,561,388,69.16221033868094,752.5025773195877,123.37886597938144,381.55495738517465,217.71563120356367,57.06009763195991,274970204.0
383,383,5,8,smart,580,281,48.44827586206897,939.9857651245552,119.79715302491104,191.23605841448105,137.18703501675367,71.73701244114609,260244418.0
384,384,10,8,basic,588,405,68.87755102040816,642.9802469135802,117.31358024691356,381.2687697794814,215.0183291784647,56.39547380259528,70952804.0
385,385,20,4,basic,565,460,81.41592920353983,423.8782608695652,133.90217391304347,758.7153081729423,293.16378202511174,38.639497432980185,447450854.0
386,386,20,4,smart,571,472,82.66199649737302,425.5254237288136,131.3177966101695,759.538111941286,302.4436174129172,39.81941296400631,362523190.0
387,387,15,8,basic,593,439,74.03035413153457,468.31890660592256,120.9886104783599,570.1451495624948,252.9039089500193,44.35781118967459,481660159.0
388,388,5,4,smart,608,296,48.68421052631579,1086.1047297297298,125.62162162162164,191.34235723564584,150.46418172686893,78.63610749896124,116942809.0
389,389,10,4,smart,569,373,65.5536028119508,587.4209115281501,122.63270777479892,381.5336590616374,217.34448654999625,56.96600585241782,884281372.0
390,390,15,4,smart,536,435,81.15671641791045,615.383908045977,131.91494252873562,570.6335965481497,258.3419642341148,45.272827572169774,34346284.0
391,391,20,6,smart,559,438,78.35420393559929,379.36986301369865,128.52511415525117,758.1095751894918,271.3020484985406,35.786653720964786,456738583.0
392,392,5,4,basic,570,280,49.122807017543856,1130.0607142857143,122.9,191.6200087639459,145.84885066575356,76.11358104331516,153044519.0
393,393,15,6,smart,532,405,76.12781954887218,523.6444444444444,128.8469135802469,570.1594646824782,242.47243664377692,42.52712647308413,549004394.0
394,394,20,6,basic,529,430,81.28544423440454,413.0604651162791,128.75116279069766,757.7217262170468,261.78130581913746,34.5484756159877,549004394.0
395,395,5,4,smart,558,287,51.4336917562724,1084.006968641115,123.25783972125436,191.33160409206127,144.85469983928004,75.70871551862474,112043825.0
396,396,20,4,basic,532,445,83.64661654135338,376.3820224719101,127.82247191011236,758.3615635042717,283.898981416669,37.43583470987317,481660159.0
397,397,20,4,smart,579,487,84.11053540587218,391.782340862423,128.2546201232033,759.5663578152198,313.9775937958872,41.3364271028271,530467456.0
398,398,15,6,basic,529,403,76.18147448015122,435.9454094292804,124.82630272952854,569.5769633481465,245.39651323417783,43.08399549582597,48265950.0
399,399,20,8,basic,552,455,82.42753623188406,370.4065934065934,126.37582417582418,742.8052153121389,278.8216260107648,37.536304304702455,676261138.0
400,400,5,6,smart,540,274,50.74074074074074,936.6751824817518,124.6094890510949,191.37009274409328,139.86264208207936,73.08490061145999,655359215.0
401,401,5,8,smart,561,296,52.76292335115864,920.8074324324324,117.37837837837836,191.52197272740176,147.63286272710846,77.08403407959786,653495709.0
402,402,15,4,smart,572,438,76.57342657342657,476.6849315068493,127.50913242009132,570.8609605679032,264.90279489486,46.404083164371535,367405145.0
403,403,10,8,smart,531,357,67.2316384180791,566.204481792717,120.18487394957984,381.0122636426972,200.92109660889395,52.73349857245336,805309175.0
404,404,15,4,basic,593,432,72.84991568296796,506.9282407407408,127.64814814814817,570.6095696820917,266.25592657991024,46.6616651256395,390126418.0
405,405,15,8,basic,578,423,73.1833910034602,471.0661938534279,116.89834515366432,569.0054721657532,228.8282003691876,40.21546567877807,187959148.0
406,406,5,4,basic,603,295,48.92205638474295,1039.7525423728814,121.03728813559322,191.37715853263236,148.74888939627718,77.7255188324439,358368805.0
407,407,15,4,smart,559,433,77.4597495527728,447.8013856812933,125.79907621247114,570.2303292978598,261.3311846348539,45.82905734892042,112043825.0
408,408,15,6,smart,505,411,81.38613861386138,495.2579075425791,129.11435523114355,570.3963201571803,249.60786001517707,43.76042607469738,158944640.0
409,409,5,6,smart,558,253,45.34050179211469,1054.0474308300395,128.90513833992094,154.22053434835817,125.49762450542993,81.3754309928352,442685285.0
410,410,10,8,basic,582,385,66.1512027491409,557.3818181818182,111.34025974025974,380.6801969042126,205.1336251290576,53.88607728935101,194642212.0
411,411,5,6,basic,564,289,51.24113475177305,1043.9515570934257,119.4083044982699,190.5408082682176,133.50656378635284,70.06717616019574,272813683.0
412,412,20,8,basic,572,446,77.97202797202797,435.3968609865471,123.76008968609864,758.4948308396795,269.78743283854567,35.568789907227426,530467456.0
413,413,20,6,smart,512,416,81.25,379.0264423076923,133.27403846153845,758.1672750136095,265.1185111301168,34.968340083704845,228056230.0
414,414,15,4,smart,564,445,78.90070921985816,469.9910112359551,125.05393258426966,571.0037478828456,276.4255381493649,48.41045950648995,119596844.0
415,415,20,4,smart,563,469,83.30373001776199,331.3880597014925,134.45628997867803,759.4859303382165,297.5695286199185,39.18038725054511,601135142.0
416,416,5,8,smart,541,285,52.68022181146026,1011.5368421052632,117.16140350877193,191.25076844924064,142.48286823042318,74.50054678773184,532925674.0
417,417,5,8,basic,580,305,52.58620689655172,1078.4065573770492,122.14426229508196,191.02049204528947,140.16312269658235,73.37596149807361,367405145.0
418,418,15,8,basic,568,415,73.06338028169014,472.2289156626506,120.19518072289156,569.5399676008562,246.86761677431733,43.34509091859319,655359215.0
419,419,5,8,smart,595,301,50.588235294117645,978.6777408637872,119.3421926910299,191.2762387139888,148.54641820355272,77.66067505419267,8501172.0
420,420,10,6,smart,546,376,68.86446886446886,614.9441489361702,122.94680851063828,381.2825037952408,208.5592465698045,54.699401229752354,433448262.0
421,421,5,8,smart,599,312,52.08681135225376,1012.0801282051282,122.25320512820512,191.3626148460201,150.79934332485345,78.80292785829359,852052273.0
422,422,10,4,smart,546,390,71.42857142857143,731.876923076923,127.32307692307693,381.2270949512717,218.8854262804872,57.416020314208005,272813683.0
423,423,5,8,smart,580,291,50.172413793103445,966.828178694158,125.82817869415808,191.22846041192224,146.0606982311878,76.38020926203178,481403749.0
424,424,20,6,basic,543,417,76.79558011049724,364.8393285371703,125.47242206235012,757.1494854825712,251.19833261969703,33.176847826766355,852052273.0
425,425,20,6,basic,582,454,78.00687285223368,346.83700440528634,125.74008810572688,757.9875511015988,272.1957800472405,35.9103232832324,470148314.0
426,426,5,6,basic,545,275,50.45871559633027,984.709090909091,128.41454545454545,191.04773110367816,134.08104990537302,70.18196402060889,383864777.0
427,427,15,6,smart,535,427,79.81308411214954,511.8009367681499,126.65807962529274,569.9381718930846,256.05854615406554,44.92742525097966,433498721.0
428,428,10,4,smart,598,425,71.07023411371237,708.76,129.3505882352941,382.2326627597804,242.7934348757812,63.51980312796246,274970204.0
429,429,5,4,smart,539,267,49.53617810760667,989.6928838951312,124.79775280898876,191.3649757505925,135.031312583116,70.56218728295579,34346284.0
430,430,5,8,basic,565,283,50.08849557522124,894.148409893993,114.41696113074204,191.12682830918925,140.82304814241016,73.680419116566,601135142.0
431,431,20,8,smart,588,479,81.4625850340136,336.62630480167013,125.62839248434238,758.6821280094774,288.1854018248381,37.98499940692396,485221178.0
432,432,20,4,smart,558,464,83.15412186379928,399.0086206896552,129.48060344827587,759.3108392154544,301.1243220954895,39.65758244760753,112043825.0
433,433,15,6,basic,577,433,75.04332755632582,471.4364896073903,121.32332563510391,569.6854249311067,247.04315404157077,43.3648366677884,390126418.0
434,434,20,8,basic,586,488,83.27645051194538,348.3627049180328,125.2438524590164,758.9707066999209,299.7224981423088,39.49065431596585,442685285.0
435,435,15,6,basic,555,414,74.5945945945946,446.2342995169082,121.54106280193236,569.6664862765452,244.1421635721509,42.85703467794169,481403749.0
436,436,20,4,smart,588,477,81.12244897959184,340.5639412997904,132.30607966457023,759.553343009156,301.7124045025813,39.72234567585127,260244418.0
437,437,20,4,smart,571,467,81.78633975481611,388.89935760171306,136.30406852248393,759.896102312953,305.7882558242658,40.24079803719417,572435721.0
438,438,5,4,basic,565,260,46.017699115044245,1014.6538461538462,120.97692307692309,191.4198085600572,140.94301208987244,73.63031712867487,433498721.0
439,439,10,4,basic,573,364,63.525305410122165,609.0302197802198,121.68956043956044,381.2258004791348,207.5181580195893,54.43444744788387,62156218.0
440,440,20,4,smart,565,461,81.59292035398231,392.5835140997831,134.06724511930585,759.2703967465454,303.11592802597005,39.9220000311897,153044519.0
441,441,5,4,basic,535,250,46.728971962616825,1148.708,120.38,191.36629988427217,132.5278729257558,69.25350649821907,676261138.0
442,442,10,4,smart,561,391,69.6969696969697,601.1508951406649,126.49616368286443,381.6038826259633,221.3562918727126,58.00682381674807,460669441.0
443,443,10,6,basic,546,359,65.75091575091575,764.7353760445683,118.983286908078,380.1372819373448,195.13993930908117,51.33407023761606,272813683.0
444,444,15,6,basic,553,415,75.04520795660035,495.8963855421687,128.45301204819276,570.619728381895,258.9051452159042,45.37262424313315,70952804.0
445,445,15,4,basic,605,443,73.22314049586777,376.5237020316027,123.30699774266364,570.8577864116803,273.83751141614744,47.96947995357053,116942809.0
446,446,15,8,basic,579,445,76.8566493955095,466.5595505617978,123.65168539325845,569.9981387003584,259.8052833147648,45.58002310448623,315111282.0
447,447,15,8,basic,557,416,74.68581687612208,481.5264423076923,118.1778846153846,569.1165981882749,233.9697538146422,41.11104026125073,533011683.0
448,448,10,6,smart,559,367,65.65295169946333,690.3269754768393,123.02452316076294,381.1212083495074,207.2697374354483,54.38420452460663,358368805.0
449,449,5,4,basic,557,287,51.526032315978455,1136.8606271777005,121.77003484320558,191.32666615479505,141.30926890562492,73.85759222464947,597572982.0
450,450,5,8,basic,580,272,46.89655172413793,1043.7316176470588,119.82720588235294,190.81890892193093,130.07540765450366,68.16693816634334,260244418.0
451,451,10,4,basic,547,354,64.71663619744058,660.3107344632768,124.89265536723164,381.33340283319865,205.21353819754265,53.81472922981948,268048516.0
452,452,15,6,basic,560,394,70.35714285714286,467.0736040609137,121.16751269035532,569.5136770787801,233.88183114699092,41.06693843537639,720265055.0
453,453,10,8,smart,527,374,70.96774193548387,615.8315508021391,116.93315508021392,381.2708759899862,209.7127611336784,55.00361405500753,572435721.0
454,454,20,8,smart,592,476,80.4054054054054,556.3487394957983,127.4810924369748,758.0274245059547,281.38997623925405,37.121345104717065,272813683.0
455,455,15,6,smart,556,426,76.61870503597122,485.28403755868544,125.45539906103286,570.1376914378336,257.443288775135,45.154581540800656,738646825.0
456,456,5,6,smart,532,269,50.56390977443609,882.4163568773234,124.94423791821562,191.28617465742084,137.2603707829607,71.75655586650929,48265950.0
457,457,5,6,basic,540,262,48.51851851851852,945.385496183206,124.0534351145038,191.2320593604209,135.44473484732873,70.82742051742062,655359215.0
458,458,20,8,basic,560,432,77.14285714285715,395.025462962963,128.10416666666666,757.8430435675333,265.8899930217972,35.08510044113152,948896778.0
459,459,5,8,basic,549,278,50.63752276867031,943.9028776978416,113.73741007194243,191.04097492181756,135.64235883113187,71.00170991413897,549004394.0
460,460,15,8,basic,519,387,74.56647398843931,467.250645994832,128.36692506459949,569.2193284163859,234.0254324575152,41.11340229935495,110158532.0
461,461,10,4,basic,569,349,61.335676625659055,558.6189111747851,119.59025787965616,380.8334438661017,198.6009695623523,52.14903595288733,884281372.0
462,462,15,8,smart,588,454,77.21088435374149,534.3700440528635,122.39427312775332,570.6297735602484,259.6837398409602,45.5082703134736,590926899.0
463,463,5,6,basic,530,265,50.0,944.4150943396228,129.37735849056602,191.2991994550997,136.98431886429466,71.60736649943304,173249261.0
464,464,15,8,basic,561,432,77.00534759358288,487.9189814814815,119.25,570.0665053664517,244.40607105599585,42.87325579651204,930593199.0
465,465,20,8,basic,574,463,80.66202090592334,441.08855291576674,123.61555075593952,758.5780659821294,284.1321930026975,37.45589356513125,979009661.0
466,466,10,8,basic,538,368,68.40148698884758,577.9728260869565,116.94021739130434,380.9545747930061,204.08636079300612,53.57236119395539,597572982.0
467,467,15,8,basic,541,421,77.81885397412199,446.3562945368171,120.15676959619952,569.4664827576121,245.32432059812663,43.07967686002453,671082961.0
468,468,20,6,smart,522,442,84.67432950191571,396.6968325791855,131.0814479638009,758.7963629397719,288.4758083209206,38.01755285216329,530467456.0
469,469,20,8,basic,577,465,80.58925476603119,301.1956989247312,120.56989247311829,758.1221155986723,278.7350140487707,36.76650612265279,481403749.0
470,470,5,6,smart,547,284,51.91956124314442,946.080985915493,127.74295774647888,191.5678887460572,143.67845634790618,75.00132579023547,350929302.0
471,471,20,4,basic,573,454,79.23211169284468,438.9383259911894,130.87665198237886,758.7993057853206,288.86827390461093,38.06912733079616,720265055.0
472,472,15,6,basic,563,412,73.17939609236235,497.2839805825243,120.75970873786407,569.3205385374785,238.7333529937299,41.93303013571397,884281372.0
473,473,10,6,smart,544,358,65.80882352941177,663.5055865921788,118.99720670391062,381.3524653930066,207.0853831925559,54.30288302427572,755568905.0
474,474,10,6,basic,564,368,65.24822695035462,650.4429347826087,115.83152173913044,380.4436015748477,196.94607462060503,51.76748243506949,770142391.0
475,475,15,6,smart,587,443,75.46848381601363,468.9119638826185,122.3273137697517,570.2018683919835,257.98606555458014,45.24468961880505,655359215.0
476,476,5,6,smart,587,282,48.040885860306645,837.4858156028369,129.2695035460993,191.2356924193819,142.08803616982377,74.29995644234822,470148314.0
477,477,10,8,basic,603,381,63.18407960199005,662.6272965879265,116.71391076115484,381.4140365081462,210.89013417511023,55.291655258892405,48265950.0
478,478,15,4,smart,548,416,75.91240875912408,485.6442307692308,133.76682692307693,570.2268993150154,262.22808134579054,45.9866207049846,187959148.0
479,479,15,4,basic,593,455,76.72849915682967,562.9934065934066,129.05274725274725,570.6334994383043,272.3859992801131,47.73396576756056,530467456.0
480,480,20,4,basic,566,434,76.67844522968198,387.71889400921657,132.64285714285714,758.844769701433,291.2280011456357,38.37780963558847,8501172.0
481,481,20,8,basic,527,422,80.07590132827325,493.8009478672986,128.44549763033174,757.5514271604147,261.35629681738385,34.50013919147968,110158532.0
482,482,10,8,basic,549,380,69.2167577413479,584.3973684210526,115.76842105263158,380.4102465436925,203.3487090181102,53.45510823267332,158944640.0
483,483,20,6,smart,559,459,82.11091234347049,362.6884531590414,129.62091503267973,759.0667431375648,278.78267658673747,36.72703080553932,350929302.0
484,484,5,8,basic,563,274,48.66785079928952,941.8467153284672,118.81021897810218,190.95094752056644,134.748180580113,70.56690858556746,783435377.0
485,485,10,6,basic,568,346,60.91549295774647,511.3612716763006,119.1184971098266,380.5614510615404,187.87081936658169,49.36674979626383,485221178.0
486,486,10,6,basic,565,388,68.67256637168143,634.4072164948453,122.29639175257732,381.41752121149705,220.0072329176626,57.68146995944321,653495709.0
487,487,5,6,smart,524,266,50.76335877862596,950.5526315789474,125.1842105263158,191.3559016222196,134.73234916055762,70.40929912187927,601135142.0
488,488,10,8,basic,574,398,69.33797909407666,623.1507537688442,112.7286432160804,380.8276550590148,209.9718139559144,55.13565287777647,770142391.0
489,489,20,4,smart,535,445,83.17757009345794,368.561797752809,134.03370786516854,759.5341334482491,299.10264956011554,39.379750874684674,590926899.0
490,490,15,6,smart,548,420,76.64233576642336,448.7857142857143,125.74285714285716,570.6982983739338,253.32273329340828,44.388205469543166,442685285.0
491,491,5,4,basic,566,268,47.349823321554766,1094.9850746268658,119.98134328358208,189.58992168649985,139.30762111933942,73.47838950516278,805309175.0
492,492,15,8,smart,558,430,77.06093189964157,463.2,123.96279069767442,570.2569858209262,253.5202102258318,44.45718623873956,8501172.0
493,493,15,8,smart,547,416,76.05118829981718,468.1538461538461,124.61057692307692,569.8110705675023,252.28066426090885,44.274440650942495,948896778.0
494,494,10,4,basic,570,358,62.80701754385965,554.7765363128492,117.29608938547486,380.9386822133297,204.48964003019893,53.68046081381742,456738583.0
495,495,20,4,smart,537,417,77.6536312849162,379.8465227817746,127.1462829736211,758.2403009288643,261.3969440944666,34.474155986466094,755568905.0
496,496,5,6,smart,546,272,49.81684981684982,1043.1948529411766,126.84191176470588,191.4972172207882,139.40722746648197,72.79856568659758,8501172.0
497,497,15,8,basic,578,438,75.77854671280276,446.1826484018265,120.44520547945206,570.4652296069228,257.279281849868,45.099905918393205,268048516.0
498,498,15,4,basic,564,431,76.41843971631207,441.5197215777262,125.74941995359627,570.0268525962415,253.46326154457967,44.4651441226246,194642212.0
499,499,20,4,basic,598,467,78.09364548494983,449.117773019272,124.96573875803,758.5546466878003,286.8866889188141,37.820174218363015,358368805.0
500,500,20,4,smart,557,472,84.73967684021544,392.1334745762712,132.33262711864407,759.4768126421905,294.5588259328663,38.78443963392477,460669441.0
501,501,15,6,basic,562,405,72.06405693950177,439.6469135802469,120.17283950617283,569.4308577796995,234.68448917419389,41.21386924643768,34346284.0
502,502,5,8,basic,591,324,54.82233502538071,1068.4413580246917,116.96604938271604,191.0946643769801,147.6949304330817,77.28888240527638,433498721.0
503,503,15,4,basic,581,414,71.25645438898451,467.25845410628017,128.0048309178744,569.8905256221295,248.30005488456223,43.56978116340884,153354925.0
504,504,10,8,smart,556,389,69.96402877697841,673.452442159383,124.80462724935732,381.6539201477988,225.62347201273485,59.11729451786063,708741215.0
505,505,15,4,smart,567,417,73.54497354497354,492.1606714628297,132.17985611510792,570.6386418813311,262.9228895110164,46.075198946252456,153044519.0
506,506,10,4,smart,583,388,66.55231560891939,567.8659793814433,124.52061855670104,381.2577371431045,217.45014563467916,57.03494629751199,153354925.0
507,507,15,8,basic,573,413,72.07678883071553,410.8401937046005,118.818401937046,569.5248558849163,243.26632381968727,42.713908147468814,34346284.0
508,508,15,4,smart,546,426,78.02197802197803,472.8755868544601,128.55164319248826,570.7096483550133,264.8735830521995,46.41126776385481,110158532.0
509,509,5,6,smart,524,269,51.335877862595424,1008.7397769516728,133.80669144981414,191.53135726600115,140.40969866868022,73.30898745403735,110158532.0
510,510,15,4,smart,545,427,78.34862385321101,479.0983606557377,127.66510538641688,570.3370690036828,261.41588634656927,45.83533151776976,878640559.0
511,511,20,8,smart,571,470,82.31173380035027,349.86382978723407,125.82553191489362,758.8472227201239,291.8880041340254,38.46465999937892,34346284.0
512,512,10,4,smart,550,379,68.9090909090909,646.2559366754617,125.01055408970976,381.533603953618,218.4495516591049,57.2556517683987,350929302.0
513,513,20,6,smart,591,471,79.69543147208121,361.25053078556266,123.33970276008492,758.4191570563219,283.62726676593536,37.39716542324531,153354925.0
514,514,5,6,basic,568,284,50.0,1025.9647887323945,120.43661971830986,191.2084772579097,138.7005942925226,72.53893565892355,653495709.0
515,515,15,4,smart,553,399,72.15189873417721,377.82706766917295,126.52882205513784,570.414665646596,249.3537767927299,43.71447506702406,158944640.0
516,516,10,6,basic,567,345,60.84656084656085,632.4405797101449,111.59710144927536,380.26137995260206,178.17981422330325,46.85719445017335,187959148.0
517,517,15,4,basic,553,387,69.98191681735986,463.49612403100775,125.0,569.817915635824,241.0584943778752,42.304477932901285,158944640.0
518,518,10,4,smart,569,358,62.91739894551846,612.7374301675977,129.268156424581,381.3982252375317,216.6457671005921,56.80303492908676,8501172.0
519,519,15,4,smart,562,417,74.19928825622776,522.9952038369305,128.96163069544363,570.3186450603498,256.7403373044686,45.0169987476564,228056230.0
520,520,20,6,basic,556,433,77.87769784172663,473.9953810623557,127.3187066974596,757.7387311541609,259.19117036941043,34.20587594547525,358368805.0
521,521,10,4,smart,546,376,68.86446886446886,662.3617021276596,128.22340425531914,381.6879964608861,226.23123510761192,59.271246988453626,110158532.0
522,522,20,4,basic,565,438,77.5221238938053,362.01141552511416,130.2876712328767,758.5308226152539,280.625964967649,36.99598705825955,153044519.0
523,523,15,8,smart,574,447,77.87456445993031,445.2058165548098,122.55704697986576,570.145600636067,254.52480297434292,44.64207084828673,530467456.0
524,524,10,6,basic,568,376,66.19718309859155,568.3909574468086,118.76595744680851,380.8381514751459,207.27476965610472,54.42594678428162,930593199.0
525,525,5,6,basic,560,268,47.85714285714286,1026.0335820895525,119.66044776119404,191.3838099962313,134.92294763372658,70.49862140187484,534967818.0
526,526,20,8,basic,564,459,81.38297872340425,344.4945533769063,121.7516339869281,758.2951591374045,278.5094669084885,36.72837200033108,112043825.0
527,527,20,8,smart,564,472,83.68794326241135,401.7775423728813,125.32627118644068,758.5180876169534,294.7418643756959,38.8575920848098,112043825.0
528,528,10,4,basic,546,374,68.4981684981685,612.6042780748663,118.28877005347591,380.7805201233672,205.93764048375397,54.08302935692015,272813683.0
529,529,15,4,basic,548,402,73.35766423357664,475.4228855721393,130.66915422885572,570.132769104189,254.9976210978632,44.72600680338436,8501172.0
530,530,10,8,basic,547,385,70.38391224862889,599.1688311688312,124.0961038961039,381.5190199729407,221.156021005998,57.96723346104303,119596844.0
531,531,20,4,smart,599,497,82.97161936560936,356.2796780684105,132.04828973843058,760.4295137824528,324.6416042687422,42.69187326172313,316514901.0
532,532,5,4,smart,552,284,51.44927536231884,975.4401408450703,125.80281690140843,191.5230078312561,145.77178170224036,76.1118903430519,316514901.0
533,533,10,8,basic,589,399,67.74193548387096,679.5814536340852,121.40100250626568,380.8471012083771,212.3818574149076,55.765648928677216,590926899.0
534,534,10,4,basic,552,374,67.7536231884058,714.1737967914438,120.60160427807487,381.0092500695258,207.36208908771545,54.42442382957275,597572982.0
535,535,5,6,smart,548,279,50.91240875912408,888.68458781362,119.57347670250896,191.20680557467136,134.83996107567805,70.52048208766266,433448262.0
536,536,20,4,smart,602,489,81.22923588039868,453.3701431492843,130.6237218813906,759.6995955910959,308.7737517478412,40.64419061689708,671082961.0
537,537,10,6,smart,599,401,66.9449081803005,619.3017456359103,120.142144638404,381.5807699844303,218.0858141470648,57.15325071438044,367405145.0
538,538,15,4,smart,593,441,74.36762225969646,502.9024943310658,129.1814058956916,570.9411494739751,271.30884801972763,47.51958205669577,390126418.0
539,539,10,6,basic,563,348,61.811722912966246,718.8620689655172,126.14367816091954,380.56465108653015,198.6054838054282,52.18705500849858,708741215.0
540,540,10,8,smart,595,423,71.09243697478992,583.8936170212766,124.6997635933806,381.824744014981,237.2615560791668,62.13886339169724,470148314.0
541,541,20,4,basic,584,481,82.36301369863014,404.77130977130975,130.47817047817048,759.063097766003,302.5343303282553,39.85628220086623,274970204.0
542,542,15,6,basic,541,392,72.45841035120148,496.41326530612247,131.40561224489795,532.8521148455355,238.1423019045256,44.69200651921197,676261138.0
543,543,15,6,basic,553,405,73.23688969258589,502.358024691358,124.0148148148148,569.5065922475602,240.7696921554877,42.27689291625038,305489378.0
544,544,10,8,basic,537,354,65.92178770949721,575.2146892655368,118.75141242937852,380.9921550009152,204.33406826907637,53.632093361236144,738646825.0
545,545,5,4,basic,547,264,48.263254113345525,916.3939393939394,124.63257575757576,191.46743779144347,143.04780769602695,74.7112978301001,110158532.0
546,546,20,4,smart,581,486,83.64888123924268,351.7489711934156,131.0514403292181,759.9776216976128,307.3191916172787,40.43792643930743,532925674.0
547,547,10,6,basic,576,403,69.96527777777779,583.091811414392,122.83126550868488,381.6259103894332,225.93300744307555,59.20274312939612,805309175.0
548,548,10,8,smart,566,402,71.02473498233216,681.1865671641791,118.40547263681592,381.10194962591225,223.8366596996721,58.7340631343894,112043825.0
549,549,5,4,smart,576,279,48.4375,1127.336917562724,131.0573476702509,191.27438321647824,142.62948227127794,74.56800010164164,367405145.0
550,550,5,8,smart,558,283,50.7168458781362,958.660777385159,123.07773851590106,191.4202065700697,145.62302567292545,76.07505408245389,383864777.0
551,551,5,8,smart,601,287,47.75374376039934,900.801393728223,125.07317073170732,191.4430299172793,147.00149967140467,76.78602858245746,116942809.0
552,552,15,8,basic,561,391,69.6969696969697,436.9156010230179,118.539641943734,569.1522827476516,224.75545086594303,39.4895105719174,783435377.0
553,553,20,6,basic,514,410,79.76653696498055,381.080487804878,122.40487804878047,757.2372613678772,250.8169426748786,33.12263612355811,112043825.0
554,554,5,6,smart,526,280,53.2319391634981,996.0607142857144,121.00714285714284,191.2662351932023,133.66188861197034,69.8826368788801,153044519.0
555,555,15,6,basic,554,380,68.59205776173285,346.3526315789473,117.7578947368421,568.9530758977003,219.07922321229591,38.50567515899802,485221178.0
556,556,10,4,smart,573,386,67.36474694589877,657.598445595855,127.18911917098444,381.6790021045549,221.9968208488478,58.16322606818053,62156218.0
557,557,20,6,basic,557,435,78.09694793536805,431.8551724137931,133.08505747126438,757.9179272549434,269.1045894516766,35.50576913074613,305489378.0
558,558,15,6,basic,549,406,73.95264116575592,579.4162561576354,124.16009852216747,569.2116783091249,234.88121075686692,41.264299329661455,447450854.0
559,559,5,8,smart,570,276,48.42105263157895,1031.8840579710145,121.03985507246377,191.2971202645316,145.30063070317678,75.95547204382927,456738583.0
560,560,10,6,smart,576,382,66.31944444444444,610.4921465968587,124.15968586387434,381.5739411257901,211.93703033431663,55.54284700601429,738646825.0
561,561,5,6,smart,541,261,48.24399260628466,956.486590038314,134.08045977011494,191.20848808586985,135.69609060651518,70.96760816683798,676261138.0
562,562,15,8,smart,595,471,79.15966386554622,400.2823779193206,120.4692144373673,570.286410844402,271.84273644775243,47.66775628499458,852052273.0
563,563,15,8,smart,598,464,77.59197324414716,535.5862068965517,123.92025862068964,570.3462752621995,264.3238477709812,46.34445059704586,116942809.0
564,564,10,6,smart,515,343,66.60194174757281,568.8950437317784,120.09620991253644,380.972781841437,197.45569287536316,51.82934379746459,228056230.0
565,565,15,6,smart,560,425,75.89285714285714,465.9411764705882,126.17411764705882,570.6107154359781,255.3261428091004,44.74611778259669,350929302.0
566,566,5,6,basic,536,262,48.88059701492538,959.4809160305344,118.29770992366412,191.33161636103333,133.92541196480389,69.99648804100063,62156218.0
567,567,15,6,smart,546,414,75.82417582417582,529.7270531400966,121.46859903381645,569.7677198201407,246.449749777992,43.25442477783562,153044519.0
568,568,20,6,basic,555,440,79.27927927927928,437.39772727272725,123.48863636363636,758.4715937663055,267.2688550255217,35.23782000830878,534967818.0
569,569,5,6,basic,570,281,49.29824561403508,941.1672597864768,117.45195729537366,191.22408927984085,142.2105806872732,74.36854907916944,930593199.0
570,570,5,4,basic,558,288,51.61290322580645,950.9791666666666,119.84027777777776,191.33248648565,142.41540118704486,74.43346595389909,112043825.0
571,571,20,8,basic,543,452,83.24125230202579,373.7522123893805,120.86946902654869,757.5061893391911,262.32895911639054,34.63060273411531,549004394.0
572,572,20,6,basic,559,435,77.8175313059034,393.56091954022986,123.64597701149424,757.1457276769387,259.5638495110298,34.28188788800527,272813683.0
573,573,20,8,smart,588,490,83.33333333333334,424.39183673469387,127.00408163265304,758.9074271541344,301.4772562712081,39.72516877344751,884281372.0
574,574,5,4,smart,578,248,42.90657439446367,867.2741935483871,127.6008064516129,191.05219850434065,132.73283960242017,69.47464653195526,470148314.0
575,575,20,8,smart,557,453,81.32854578096948,482.54746136865344,123.8167770419426,758.3243094607122,272.5700975263045,35.94373728044466,194642212.0
576,576,15,6,smart,541,431,79.66728280961183,509.4129930394432,126.5986078886311,570.3456172644909,253.08892436965945,44.37465927826925,755568905.0
577,577,5,6,smart,566,272,48.0565371024735,937.3970588235294,124.44117647058825,191.56758718117783,143.28477346748787,74.79593785976652,116942809.0
578,578,15,8,smart,568,442,77.8169014084507,517.893665158371,124.05882352941175,570.88202547753,261.39949296131067,45.7887061241166,572435721.0
579,579,15,8,basic,577,443,76.77642980935875,438.0496613995485,121.23024830699774,569.971460503115,250.48214138377892,43.94643569744313,358368805.0
580,580,20,8,basic,548,453,82.66423357664233,352.58057395143487,125.63576158940396,758.0234454512201,271.32593083877174,35.793870554658454,315111282.0
581,581,5,4,basic,556,268,48.20143884892087,1005.4664179104476,121.55970149253731,191.3831109203715,135.74222970427437,70.92696374903866,433448262.0
582,582,5,8,basic,558,269,48.2078853046595,914.553903345725,117.30111524163569,191.3805713490352,140.49430962100004,73.4109573561519,383864777.0
583,583,20,8,basic,522,441,84.48275862068965,392.9591836734694,120.71655328798184,757.3797833716288,258.67620406222613,34.15409412047901,805309175.0
584,584,5,4,basic,593,254,42.83305227655986,908.8897637795276,123.53149606299212,190.9210749947168,132.14796964847935,69.21602010261893,671082961.0
585,585,10,4,basic,569,352,61.86291739894551,554.0909090909091,129.27272727272728,380.9071361320766,209.7319194929238,55.06116835264564,8501172.0
586,586,15,6,basic,587,410,69.84667802385009,365.7390243902439,116.51219512195122,569.3458184987003,231.09215266582032,40.5890664614318,655359215.0
587,587,10,6,basic,581,364,62.65060240963856,547.5027472527472,116.67857142857144,380.6095745736414,197.5553214003492,51.90497943244083,260244418.0
588,588,15,8,smart,593,456,76.89713322091062,439.4934210526316,124.37938596491227,570.5825212860814,267.891641715877,46.95055171196879,470148314.0
589,589,15,8,smart,572,447,78.14685314685315,424.7136465324385,118.07158836689038,570.5717307491703,257.11664067920475,45.06298276320249,601135142.0
590,590,5,6,smart,497,287,57.74647887323944,1064.121951219512,124.205574912892,191.0548982539312,138.7651127393248,72.63101548691623,316514901.0
591,591,10,8,smart,598,425,71.07023411371237,690.2729411764706,120.80235294117648,381.60361511173306,228.64216980758852,59.91614354613554,116942809.0
592,592,5,6,smart,537,273,50.83798882681564,893.1135531135532,122.9084249084249,191.09503824937053,144.47097922266744,75.60163808865578,447450854.0
593,593,20,6,smart,565,479,84.77876106194691,350.544885177453,127.16283924843424,759.646358120184,309.33017813187587,40.720287121147045,532925674.0
594,594,20,6,basic,554,423,76.3537906137184,382.2789598108747,126.47517730496452,757.7248583866034,254.7763542985397,33.623861152058005,442685285.0
595,595,15,8,basic,560,432,77.14285714285715,563.8078703703703,124.45833333333331,570.3133486172934,258.2671498493693,45.28513149403389,383864777.0
596,596,20,4,smart,578,487,84.2560553633218,398.1211498973306,131.2135523613963,759.2576543108812,309.45684832847576,40.75781739854116,456738583.0
597,597,15,4,smart,532,402,75.56390977443608,475.863184079602,126.07462686567165,570.5820545391739,250.9279078585079,43.977532392105786,48265950.0
598,598,5,6,basic,537,268,49.906890130353815,1120.929104477612,126.94402985074628,191.15604467394516,133.42731172787092,69.80020535341055,530467456.0
599,599,5,8,basic,593,283,47.72344013490725,905.1024734982332,112.41342756183744,191.0913134081599,139.94777774410824,73.23607507222893,485221178.0
600,600,20,8,basic,557,432,77.55834829443447,440.4398148148149,123.71064814814817,757.4896720575036,247.61679327766203,32.68913127291649,194642212.0
601,601,15,4,smart,555,448,80.72072072072072,532.0982142857143,129.04241071428572,570.906154462714,270.4088175445721,47.36484541825561,783435377.0
602,602,5,4,smart,542,265,48.8929889298893,863.2981132075472,117.58490566037736,191.1049047883081,135.39361956905773,70.8477993900977,755568905.0
603,603,15,8,basic,547,404,73.85740402193784,460.7029702970297,122.49752475247524,568.9890653661379,238.31151199130304,41.88332017205855,948896778.0
604,604,20,6,basic,549,432,78.68852459016394,386.4699074074074,124.0,740.0070519063057,262.7058290635552,35.50044940609797,447450854.0
605,605,15,6,basic,505,374,74.05940594059406,479.1898395721925,121.8048128342246,569.0617227804838,225.8638032973041,39.69056330018375,158944640.0
606,606,10,4,basic,575,364,63.30434782608696,619.1483516483516,121.06318681318682,380.94070508923903,200.27652512083512,52.57419919825013,48265950.0
607,607,15,8,smart,561,416,74.15329768270945,456.49278846153845,119.98557692307692,569.5729656030653,235.7244778485597,41.38617737921849,783435377.0
608,608,15,4,basic,550,417,75.81818181818181,470.6546762589928,125.32613908872902,570.1584164636455,252.74918792759087,44.3296425395672,549004394.0
609,609,10,8,smart,547,403,73.6745886654479,638.258064516129,124.06451612903226,381.98512953630205,232.2507398027747,60.80098984081072,119596844.0
610,610,10,8,basic,556,388,69.7841726618705,594.8917525773196,126.01288659793816,381.3188612247607,225.3348329949665,59.09354503766533,708741215.0
611,611,10,6,basic,523,358,68.45124282982792,681.804469273743,127.41340782122904,380.7399242048643,201.0006783776736,52.79212018478036,671082961.0
612,612,10,8,smart,584,414,70.8904109589041,733.2004830917874,123.79468599033817,381.1220683295904,221.35739877088824,58.0804464409709,362523190.0
613,613,15,6,basic,581,417,71.77280550774526,501.947242206235,119.24460431654676,569.4499184584555,234.6417837391077,41.20499031316064,194642212.0
614,614,15,4,smart,595,437,73.44537815126051,469.21967963386726,130.21052631578948,570.3337102263064,262.21415226063283,45.97556615697628,260244418.0
615,615,10,4,smart,574,387,67.42160278745645,650.7545219638243,124.33074935400516,381.9506943225292,222.9171476174649,58.36280727617367,362523190.0
616,616,5,4,smart,507,264,52.071005917159766,1064.5,120.68560606060606,191.28011481271656,135.1830710939723,70.67283038089496,655359215.0
617,617,15,4,basic,564,432,76.59574468085107,500.8518518518519,127.02083333333331,570.4488553025639,267.15337394421573,46.83213428529339,119596844.0
618,618,15,6,smart,555,428,77.11711711711712,450.8014018691589,124.29906542056077,570.6202863987032,251.03556113349623,43.99345188335855,481403749.0
619,619,20,4,basic,556,464,83.45323741007195,408.0948275862069,129.94612068965515,758.4805770984863,292.6514068423377,38.58390256502743,878640559.0
620,620,5,8,basic,531,257,48.39924670433145,951.6692607003891,114.82879377431908,191.0550729178561,132.11628216522072,69.15088939932203,187959148.0
621,621,5,4,basic,580,284,48.96551724137931,1025.2957746478874,123.06338028169014,191.57966123014737,143.80586649619323,75.06322204184148,362523190.0
622,622,20,6,basic,528,434,82.1969696969697,319.51612903225805,125.07834101382488,757.8000022710228,258.6898005401696,34.13694903205486,268048516.0
623,623,15,8,smart,568,451,79.40140845070422,469.25942350332593,124.5609756097561,570.4267225973764,269.6644530517205,47.27416202099239,655359215.0
624,624,15,8,smart,565,445,78.76106194690266,485.51460674157306,120.12584269662922,570.2149913242388,259.6092893385376,45.52831708889904,292906152.0
625,625,20,6,basic,541,435,80.40665434380776,418.64367816091954,128.68965517241378,757.7750716345473,266.483919130121,35.16662517748253,8501172.0
626,626,15,6,basic,560,410,73.21428571428571,426.99024390243903,125.50487804878048,570.2771525061089,244.11678599317045,42.80669231099092,350929302.0
627,627,20,4,basic,578,455,78.719723183391,417.2329670329671,124.46813186813186,758.6383784831813,279.0715016426562,36.78584020500395,456738583.0
628,628,5,4,basic,557,281,50.44883303411131,1240.7544483985764,129.864768683274,191.2458562347944,143.9256935492892,75.256895172981,783435377.0
629,629,15,6,basic,521,387,74.28023032629558,439.3488372093023,122.42377260981912,569.8060890732527,230.00911496696293,40.36620867654393,671082961.0
630,630,15,4,basic,533,388,72.79549718574108,490.14690721649487,126.30927835051548,569.7189149153688,239.40495849754288,42.0215920921471,676261138.0
631,631,15,6,basic,566,400,70.6713780918728,509.99,116.8625,569.1414069036649,221.150442673372,38.85685349736024,187959148.0
632,632,15,6,smart,521,391,75.04798464491363,418.0869565217391,123.7237851662404,569.8658450463536,236.8647375167728,41.56499982860105,671082961.0
633,633,10,6,basic,577,367,63.60485268630849,592.3978201634877,120.04359673024524,381.0759732451897,204.9672118609813,53.78644319018836,481403749.0
634,634,5,6,basic,514,260,50.58365758754864,1002.1,120.47307692307692,191.30636905899877,139.69906768047295,73.02374111621441,158944640.0
635,635,15,6,smart,565,437,77.34513274336283,493.1716247139588,125.94050343249428,570.0668004344752,257.3484223626991,45.14355548622751,597572982.0
636,636,10,6,smart,573,373,65.09598603839441,651.1528150134048,127.76943699731903,381.6420632870942,219.81066528979292,57.59602686259405,460669441.0
637,637,10,6,basic,546,359,65.75091575091575,665.7966573816155,119.24791086350974,380.60636233856616,198.84986165940563,52.24554325303682,153044519.0
638,638,15,8,basic,574,433,75.43554006968641,438.49422632794455,118.77598152424942,570.3065142762416,249.40517467225297,43.731777286248494,530467456.0
639,639,15,8,basic,588,427,72.61904761904762,404.0491803278688,115.96252927400468,569.6049050975333,243.1232754772453,42.68279175643956,590926899.0
640,640,15,4,smart,550,417,75.81818181818181,505.5011990407674,128.78177458033574,571.0542438403721,257.3733911338586,45.069867514337695,708741215.0
641,641,10,8,smart,597,409,68.50921273031825,533.8508557457212,118.47921760391198,381.4447096842552,228.9709178802065,60.02728890112006,852052273.0
642,642,5,4,smart,557,285,51.16696588868941,1077.361403508772,126.74035087719298,191.30130621755967,145.02541150535052,75.80994315868323,783435377.0
643,643,5,6,smart,585,296,50.5982905982906,1054.706081081081,121.8141891891892,191.14294951138024,145.12253932305023,75.92356385314122,481660159.0
644,644,20,8,basic,602,458,76.0797342192691,334.57860262008734,120.61572052401746,757.9031175006949,272.80420191511666,35.994600842219995,228056230.0
645,645,5,4,smart,574,272,47.386759581881535,972.2426470588236,122.61764705882354,191.3751085783462,143.23318454575536,74.84420811555948,153354925.0
646,646,5,8,smart,616,284,46.103896103896105,977.0070422535211,114.8556338028169,191.1340864121412,140.63863321191363,73.58113659991315,48265950.0
647,647,20,4,smart,549,468,85.24590163934425,370.4594017094017,128.43803418803418,759.5406529255396,295.2262936712607,38.86905757238024,34346284.0
648,648,20,6,smart,519,424,81.69556840077071,331.9221698113208,132.42216981132074,759.0303716918202,273.7050503758262,36.05982851065086,110158532.0
649,649,5,8,smart,580,291,50.172413793103445,1088.2886597938143,120.893470790378,191.65861392148864,145.38541471782514,75.85644691001525,274970204.0
650,650,15,8,basic,582,455,78.1786941580756,450.9604395604396,120.34285714285714,570.2013289724526,259.77957158110473,45.55927150314571,534967818.0
651,651,15,4,basic,570,424,74.3859649122807,530.4622641509434,127.49764150943396,570.2775258087635,256.82022419817594,45.034253074230016,922285065.0
652,652,10,4,basic,558,374,67.02508960573476,569.663101604278,119.52139037433156,381.3748749219191,210.84665201728785,55.28593147633429,173249261.0
653,653,20,8,basic,555,432,77.83783783783784,337.44675925925924,122.92361111111111,758.1439002617154,265.56082192019306,35.027759483195744,460669441.0
654,654,10,4,smart,599,372,62.10350584307178,731.8924731182796,129.78763440860214,381.29386169062906,220.8527489825297,57.9219261498952,470148314.0
655,655,20,6,smart,563,460,81.70515097690941,379.2717391304348,128.2413043478261,758.3215276315433,282.66298922607854,37.27482063036197,653495709.0
656,656,15,4,smart,580,433,74.6551724137931,411.6928406466513,123.364896073903,570.8794816198752,264.66259471428657,46.36050221376048,456738583.0
657,657,20,8,smart,581,473,81.41135972461274,389.19027484143766,123.35940803382664,758.723522403671,286.4287265333333,37.75139666500834,173249261.0
658,658,10,4,smart,556,382,68.70503597122301,672.1675392670157,123.86910994764398,381.25889258870455,216.1303240609385,56.6885988136403,783435377.0
659,659,15,4,basic,546,422,77.2893772893773,508.2962085308057,128.48578199052133,570.0738059263086,257.80646278239107,45.22334829320622,110158532.0
660,660,20,6,basic,512,388,75.78125,366.61340206185565,127.55670103092784,757.2361074954486,238.2111755725461,31.457978986293632,228056230.0
661,661,20,8,basic,560,456,81.42857142857143,394.9188596491228,120.45394736842104,758.174983788308,270.00254614493167,35.61216762861695,930593199.0
662,662,20,6,basic,561,443,78.96613190730838,379.36568848758463,126.29345372460496,757.7851504235779,272.69527080800634,35.98582931528526,116942809.0
663,663,5,4,basic,550,260,47.27272727272727,963.723076923077,121.51923076923076,191.04915804319816,133.4873039172235,69.87065804657493,442685285.0
664,664,5,6,basic,547,261,47.714808043875685,986.4789272030652,122.48275862068964,191.29450276900565,130.0374081390502,67.97759802647053,358368805.0
665,665,5,8,basic,577,288,49.91334488734835,1029.7916666666667,119.71875,191.6260026067713,143.28883978506542,74.77525901278815,530467456.0
666,666,10,6,basic,597,379,63.484087102177554,558.4459102902375,122.2664907651715,381.3726710813333,211.2904483021956,55.40261909777349,922285065.0
667,667,15,4,basic,560,404,72.14285714285714,458.2004950495049,123.43316831683168,569.098495926225,236.77500454127812,41.60527680817705,852052273.0
668,668,20,4,smart,554,476,85.92057761732852,405.7226890756302,133.36974789915968,759.0210558193398,305.1079211105527,40.197556941447175,783435377.0
669,669,10,4,basic,561,354,63.10160427807487,625.5310734463277,124.33333333333331,380.9628491585733,207.28674903574063,54.41127645217156,948896778.0
670,670,20,4,basic,580,441,76.0344827586207,378.73015873015873,125.93650793650794,758.1836917859641,275.27440658093883,36.3070862065771,153354925.0
671,671,5,4,basic,507,256,50.4930966469428,1024.42578125,118.0234375,191.4005567289101,132.73920851955205,69.3515268649699,655359215.0
672,672,5,4,smart,533,260,48.78048780487805,884.2115384615385,119.95384615384616,191.21089951603105,135.72551460374072,70.98210141120201,485221178.0
673,673,10,4,smart,578,390,67.47404844290658,635.1769230769231,128.77435897435896,382.0175554298152,231.70644349772448,60.65334961819416,119596844.0
674,674,5,4,smart,557,259,46.49910233393178,865.096525096525,129.1196911196911,191.42174363958577,139.03448932990918,72.63254773798697,481403749.0
675,675,5,4,smart,583,286,49.0566037735849,1005.6643356643356,125.23776223776224,191.32096294498928,145.78769676257303,76.20058697095912,530467456.0
676,676,5,8,basic,581,277,47.67641996557659,920.404332129964,118.16606498194946,190.85676320307877,134.58780950026784,70.51770513212642,878640559.0
677,677,5,6,basic,554,275,49.63898916967509,1016.0254545454544,121.00727272727272,191.2255922014381,137.4028503109488,71.85379777315993,481403749.0
678,678,5,8,basic,543,272,50.09208103130756,1093.985294117647,121.47058823529412,191.0633806905105,133.61927476553592,69.93452867976619,228056230.0
679,679,15,8,smart,579,439,75.82037996545769,426.4191343963553,123.47152619589976,570.3038199531738,256.53964882859003,44.98297922143566,315111282.0
680,680,15,6,basic,544,388,71.32352941176471,456.0257731958763,119.8659793814433,569.0305110876874,219.9529189934376,38.65397631719312,362523190.0
681,681,5,6,smart,559,269,48.1216457960644,978.17843866171,127.85873605947955,191.249383564478,140.004124634404,73.20500700448162,485221178.0
682,682,20,8,basic,578,446,77.16262975778547,403.1591928251121,119.94618834080715,757.412930616119,256.62293106021644,33.881509106461394,153354925.0
683,683,20,6,smart,545,435,79.81651376146789,419.75172413793103,129.53563218390804,758.8220928766068,281.87360790150893,37.14620469640765,979009661.0
684,684,10,4,smart,571,400,70.05253940455341,581.9975,126.215,381.7503940048183,225.15446792973304,58.97949850626512,738646825.0
685,685,15,8,smart,533,432,81.05065666041276,513.2523148148148,121.39351851851852,570.3898074683997,256.06154446902127,44.89237730342989,755568905.0
686,686,5,4,basic,561,281,50.08912655971479,1022.982206405694,122.06049822064055,191.19384171165737,144.13589327880612,75.38730954325395,852052273.0
687,687,20,4,smart,610,499,81.8032786885246,311.1182364729459,127.14228456913828,759.5980450503821,319.4720921772911,42.05804560174997,116942809.0
688,688,5,6,smart,548,290,52.91970802919708,954.0,116.34827586206896,191.05758445443536,135.15626046857165,70.74111234814893,532925674.0
689,689,20,6,smart,557,443,79.53321364452424,370.55981941309255,129.9255079006772,759.0363910462436,278.24751090878203,36.65799350216268,305489378.0
690,690,20,8,smart,577,495,85.78856152512998,330.2141414141414,126.07474747474748,759.2449109967309,307.76627359091486,40.53583621481,268048516.0
691,691,5,6,basic,568,274,48.23943661971831,865.2408759124088,115.31021897810218,190.8617388319787,132.9168477895021,69.64038397790809,720265055.0
692,692,20,8,basic,534,431,80.71161048689139,353.262180974478,124.70069605568446,757.5899873699594,262.6651925870545,34.671154181818046,738646825.0
693,693,5,4,smart,590,272,46.10169491525424,834.6066176470588,119.50735294117646,191.30834872264325,136.82895864026418,71.52273256962629,533011683.0
694,694,20,6,basic,541,402,74.3068391866913,353.4303482587065,128.0820895522388,757.8403607319462,250.7851012972924,33.09207509812174,783435377.0
695,695,20,8,basic,539,442,82.00371057513914,402.9389140271493,120.34615384615384,758.2298156939978,265.65094127975874,35.03567596278339,671082961.0
696,696,20,8,smart,566,475,83.92226148409894,430.5810526315789,125.5284210526316,759.2499323742987,295.966352681421,38.98141311068488,447450854.0
697,697,5,8,smart,591,292,49.4077834179357,939.441780821918,117.40753424657534,191.49028036464455,141.40951155952737,73.84683509275189,590926899.0
698,698,10,6,smart,536,378,70.52238805970148,679.6507936507936,127.6031746031746,381.7521665049338,220.2136054440063,57.68496547383975,70952804.0
699,699,20,6,smart,520,435,83.65384615384616,328.167816091954,127.2367816091954,757.9070870304035,273.23516842995764,36.0512750316843,433498721.0
700,700,20,4,basic,544,435,79.96323529411765,377.7011494252874,132.38390804597702,758.5063980629477,278.18704194372265,36.67563551924531,383864777.0
701,701,15,6,basic,546,397,72.7106227106227,480.3249370277078,119.54911838790932,568.8886650914081,224.38840985240387,39.44329068612212,153044519.0
702,702,20,8,basic,572,461,80.5944055944056,354.2646420824295,121.6702819956616,758.7429828678833,277.06093532182103,36.515782231631455,358368805.0
703,703,15,4,basic,562,412,73.30960854092527,482.6043689320388,128.78883495145632,570.0791933205704,252.75433718562323,44.33670622381282,228056230.0
704,704,5,6,basic,580,285,49.137931034482754,956.4842105263158,123.58947368421052,191.3176453313003,140.42798743587386,73.40043684559151,390126418.0
705,705,20,8,smart,522,451,86.39846743295018,347.68957871396896,123.18847006651885,758.4289492739038,276.7035095453592,36.48377475705094,805309175.0
706,706,10,4,basic,559,375,67.08407871198568,667.4666666666667,124.53866666666669,381.3581269077892,214.4414384375424,56.230986914143664,433448262.0
707,707,15,6,basic,565,415,73.45132743362832,401.3951807228916,124.02409638554217,570.0036589730342,244.71008058608277,42.93131749837759,653495709.0
708,708,10,4,basic,572,361,63.11188811188811,619.831024930748,121.37673130193906,380.79413917573714,204.4267400424059,53.68431890388487,433498721.0
709,709,10,8,basic,593,384,64.75548060708263,563.1458333333334,120.6640625,381.3389120661436,218.7260385319941,57.35738777532775,8501172.0
710,710,5,4,smart,603,294,48.75621890547264,1036.1156462585034,123.48639455782312,191.55522191003524,148.48871009457193,77.51744307148688,358368805.0
711,711,20,6,smart,536,449,83.76865671641791,364.7037861915367,132.1826280623608,758.6619813657558,289.2726854205472,38.129324063371904,878640559.0
712,712,10,8,smart,520,362,69.61538461538461,651.3370165745856,122.28729281767956,381.1211959569557,210.441125821651,55.21632699888424,110158532.0
713,713,5,8,smart,570,292,51.2280701754386,903.6232876712328,135.23287671232876,191.7777736640696,150.36657363128285,78.4066739113755,676261138.0
714,714,20,8,basic,567,459,80.95238095238095,393.6165577342048,123.00871459694989,758.3007748127827,282.3338875258095,37.23244086035848,708741215.0
715,715,20,6,basic,571,419,73.38003502626971,366.8568019093079,118.20525059665871,757.0036350486449,244.24473654720092,32.264671560197435,738646825.0
716,716,5,6,basic,516,248,48.06201550387597,1042.7217741935483,121.56854838709675,191.28058203104956,131.1678453148774,68.5735289605014,228056230.0
717,717,10,4,basic,568,354,62.32394366197183,685.2655367231638,125.72033898305084,381.0115298448594,203.35221178356989,53.37166879605218,447450854.0
718,718,5,4,basic,562,265,47.15302491103203,1039.9245283018868,126.66415094339622,191.1096780919925,133.2394805985713,69.71885564813476,979009661.0
719,719,10,8,smart,532,352,66.16541353383458,688.8778409090909,118.88352272727272,380.378292408194,195.54706328931968,51.40857593405277,442685285.0
720,720,10,4,basic,556,366,65.82733812949641,627.1448087431694,121.72950819672133,380.72012018271926,207.3482436688396,54.46211867377192,783435377.0
721,721,5,4,basic,561,286,50.98039215686274,1079.7202797202797,127.04895104895104,191.3649677672636,146.5952643802316,76.60506836262711,922285065.0
722,722,10,8,basic,591,377,63.7901861252115,614.5172413793103,116.51193633952256,380.8308085276244,209.1587438430309,54.92169728906246,485221178.0
723,723,10,8,basic,578,401,69.37716262975778,597.8304239401497,117.2718204488778,381.3629476965826,215.17088673315436,56.421550135580326,433448262.0
724,724,10,4,basic,517,331,64.02321083172147,463.4471299093656,116.607250755287,379.9524527352178,182.53530191025555,48.04161694343929,158944640.0
725,725,20,6,smart,574,436,75.9581881533101,351.54357798165137,127.90825688073394,759.3084547424298,282.2763266102794,37.1754489031776,260244418.0
726,726,10,4,basic,533,346,64.9155722326454,680.2514450867052,124.77167630057804,380.88084927450006,204.34730128325708,53.6512407154355,676261138.0
727,727,15,6,basic,543,408,75.13812154696133,398.1691176470589,119.30147058823528,569.3235453275933,236.43257388082475,41.52868361430223,930593199.0
728,728,20,4,smart,568,467,82.21830985915493,355.26338329764457,132.04282655246251,759.9502070232301,308.3639170725764,40.57685809185527,738646825.0
729,729,5,6,smart,553,272,49.186256781193485,1150.985294117647,121.76838235294116,191.2151570183247,132.6812969724118,69.38848313143741,292906152.0
730,730,20,6,smart,586,474,80.88737201365188,331.42616033755274,126.18565400843882,758.7988948549068,288.0778002624363,37.96497362025296,390126418.0
731,731,20,4,basic,537,400,74.487895716946,318.0325,124.2325,757.1067008657694,248.12245090744057,32.77245474431896,755568905.0
732,732,20,8,basic,545,449,82.38532110091742,457.6926503340757,128.01559020044544,758.0021571547287,276.35550874475064,36.45840663331239,158944640.0
733,733,5,8,basic,616,288,46.75324675324675,958.4131944444443,109.45486111111111,190.83764777041077,136.50260374264198,71.52813154921238,48265950.0
734,734,10,6,basic,579,377,65.11226252158895,675.3129973474801,125.56498673740052,381.3555372739052,216.9730624127185,56.89521750850559,305489378.0
735,735,10,6,basic,544,361,66.36029411764706,577.4404432132964,119.97783933518004,380.875971404906,208.12293728654885,54.643231107192925,755568905.0
736,736,20,6,smart,543,462,85.0828729281768,334.012987012987,129.65367965367966,758.4968228095721,291.8195083735894,38.47339891189676,948896778.0
737,737,20,8,smart,556,449,80.75539568345323,340.57238307349667,124.14253897550113,758.3850873249687,276.4935432002612,36.45819885192224,533011683.0
738,738,15,4,smart,560,433,77.32142857142857,431.43187066974593,128.2771362586605,570.6762934907017,263.4392520600652,46.16264159996293,852052273.0
739,739,10,6,smart,563,355,63.05506216696269,734.0338028169014,121.0507042253521,381.0054441768656,201.85275311944943,52.97896820228842,708741215.0
740,740,10,6,smart,576,402,69.79166666666666,590.9278606965174,122.79353233830844,381.5046491110828,223.9644605118935,58.7055651965808,805309175.0
741,741,15,8,basic,564,431,76.41843971631207,480.12064965197214,116.292343387471,569.80058769251,248.2757441504335,43.57239173021251,112043825.0
742,742,15,8,smart,544,421,77.38970588235294,511.9144893111639,122.4893111638955,570.0995303455478,251.75151068103492,44.15922085191751,194642212.0
743,743,20,6,smart,560,440,78.57142857142857,370.4022727272727,128.42727272727274,759.3320643706289,284.7911627503848,37.505483583975,708741215.0
744,744,10,4,smart,588,383,65.1360544217687,638.2558746736293,126.44647519582246,381.6871038723425,217.8913147328026,57.08637062196308,533011683.0
745,745,5,8,basic,571,278,48.68651488616462,963.3273381294964,119.4748201438849,191.21388739798132,139.5733530633837,72.99331390762636,315111282.0
746,746,15,4,basic,548,403,73.54014598540147,467.14143920595535,130.4863523573201,570.1350534696464,249.13617038848545,43.69774650275019,187959148.0
747,747,15,8,smart,567,451,79.54144620811287,491.4745011086475,122.44124168514412,570.3690935333456,261.7579577057738,45.89273168435985,597572982.0
748,748,5,6,basic,566,276,48.76325088339223,1077.858695652174,126.47463768115942,191.2052221575119,139.72818139673672,73.07759684598508,116942809.0
749,749,10,8,basic,563,358,63.58792184724689,677.3240223463687,119.04748603351956,380.327921585974,198.85234383637885,52.28444522483681,948896778.0
750,750,10,8,basic,575,383,66.6086956521739,668.7310704960836,117.1644908616188,381.3622443056436,207.59139635283168,54.43417628580377,530467456.0
751,751,20,6,smart,572,474,82.86713286713287,360.13502109704643,129.92616033755274,759.4939388671337,299.2813558631317,39.40536461812215,590926899.0
752,752,15,4,smart,562,426,75.80071174377224,492.9107981220657,126.018779342723,570.46507369745,257.24662895784337,45.09419433700088,770142391.0
753,753,10,8,basic,583,363,62.264150943396224,565.9449035812672,113.14876033057853,380.5975674122098,197.39423890476024,51.86429336553551,153354925.0
754,754,20,4,basic,575,470,81.73913043478261,389.163829787234,126.73617021276596,758.8321104280972,293.2584844175079,38.64602991721915,653495709.0
755,755,20,6,smart,564,461,81.73758865248227,451.11930585683297,127.3297180043384,759.2315904133864,283.4445887564612,37.3330868124351,187959148.0
756,756,5,4,basic,563,255,45.29307282415631,1009.7450980392156,123.73725490196078,191.52193869031697,137.44007462887123,71.76205272812433,447450854.0
757,757,5,6,basic,565,270,47.78761061946903,1009.6925925925926,121.91111111111113,191.32815109946984,136.62171929649858,71.40701381966008,708741215.0
758,758,15,8,basic,587,447,76.14991482112437,470.7427293064877,119.45413870246084,569.8419614609542,259.23602709211696,45.49261806334701,316514901.0
759,759,20,4,basic,589,457,77.58913412563668,405.4835886214442,131.36105032822758,758.5512188662358,289.8493074702151,38.21090788087279,390126418.0
760,760,20,8,smart,592,489,82.60135135135135,324.1431492842536,122.64621676891616,758.9878258080189,299.0535935548764,39.40163246182556,852052273.0
761,761,10,8,basic,595,400,67.22689075630252,565.01,118.8875,380.95868961593226,219.52605755845687,57.62463583119065,470148314.0
762,762,10,4,smart,534,398,74.53183520599251,684.8768844221106,127.12311557788944,382.0758899360585,233.2088725288862,61.03731710679635,481660159.0
763,763,5,4,basic,567,297,52.38095238095239,960.6565656565656,122.82828282828282,191.4286228911347,145.77989336466365,76.15365516554364,653495709.0
764,764,5,4,basic,542,266,49.07749077490775,1086.3045112781954,127.37218045112782,191.0429145088772,137.17290729311762,71.80214332772002,930593199.0
765,765,20,8,basic,569,463,81.37082601054482,317.40172786177106,116.99784017278618,757.8913387432125,268.0780578350534,35.371569000854244,70952804.0
766,766,5,6,basic,533,264,49.530956848030016,867.2954545454545,119.97348484848484,191.2461386036314,135.15921901005373,70.67291397196728,268048516.0
767,767,20,6,basic,545,409,75.04587155963303,397.6723716381418,125.21760391198043,757.862441845875,254.37205383257248,33.56440955340332,979009661.0
768,768,15,8,smart,529,427,80.71833648393195,429.9578454332553,121.16861826697892,570.0590673585644,252.0922563858148,44.22212904250674,158944640.0
769,769,15,8,smart,595,457,76.80672268907564,424.87527352297593,124.86433260393872,571.2750853194816,276.32452871193425,48.36978468217316,720265055.0
770,770,5,8,smart,571,279,48.86164623467601,1017.52688172043,123.3584229390681,191.31898885605983,142.79211366083806,74.63562007860531,315111282.0
771,771,20,8,smart,581,480,82.61617900172116,387.9979166666666,123.35833333333332,758.8864410636121,290.34409981049134,38.25922879891773,362523190.0
772,772,20,6,smart,561,454,80.92691622103388,353.0726872246696,123.284140969163,758.2814392917003,267.68729349209434,35.301839082615174,34346284.0
773,773,10,8,smart,589,397,67.40237691001698,659.8992443324937,118.88664987405542,381.37071435642633,217.68508489793453,57.07965417986647,590926899.0
774,774,5,4,smart,535,253,47.28971962616823,1003.810276679842,121.52569169960476,191.40618463883288,135.44137470134476,70.76123217069033,676261138.0
775,775,15,6,smart,559,423,75.67084078711986,478.5981087470449,127.39716312056736,570.1279902327734,254.4261331475645,44.626143165447246,456738583.0
776,776,5,6,smart,534,283,52.99625468164793,1127.6643109540637,125.86219081272084,191.2036280968117,140.59627770962356,73.53222274549924,274970204.0
777,777,20,8,smart,575,455,79.13043478260869,365.5296703296704,123.3912087912088,759.2270874691814,283.3675491370515,37.32316112187633,274970204.0
778,778,5,6,basic,513,251,48.92787524366472,1034.8525896414342,123.26294820717132,191.4590275948337,132.75946232673346,69.34092583384445,572435721.0
779,779,10,6,basic,515,336,65.24271844660194,677.7083333333334,120.9047619047619,380.6678914413104,190.20311549770253,49.96563140052152,315111282.0
780,780,20,4,smart,558,482,86.37992831541219,374.0207468879668,129.92116182572613,759.4811830632012,297.60001497724045,39.184646257717134,549004394.0
781,781,10,4,basic,549,325,59.19854280510018,606.9723076923077,114.6923076923077,342.628429364974,178.62376585903533,52.13337556083593,442685285.0
782,782,20,8,smart,574,480,83.62369337979094,375.3395833333333,127.13333333333334,759.1820780988747,310.7564762895728,40.93306273348306,979009661.0
783,783,20,6,smart,595,490,82.35294117647058,337.61632653061224,124.65510204081632,759.3903518549461,302.06440985100755,39.77722512712487,367405145.0
784,784,15,8,basic,568,427,75.17605633802818,460.3395784543325,120.87822014051524,569.6043905618271,246.5164542530396,43.2785382868782,447450854.0
785,785,10,4,smart,568,394,69.36619718309859,671.4543147208121,123.41878172588832,381.1659843532677,220.08704635841923,57.74047406980597,852052273.0
786,786,10,4,basic,596,389,65.26845637583892,667.8868894601543,133.75321336760925,382.02688391373056,232.5580448302421,60.87478515851215,70952804.0
787,787,15,8,smart,594,440,74.07407407407408,475.1909090909091,121.9431818181818,569.9129618861376,256.054834812836,44.92876139637493,272813683.0
788,788,20,6,basic,543,425,78.26887661141805,316.4164705882353,123.04235294117647,757.7423511362903,257.3981602987673,33.969087238265075,433448262.0
789,789,20,4,basic,586,481,82.08191126279864,445.987525987526,131.6237006237006,758.6506008242139,288.35966624128224,38.0095482595021,534967818.0
790,790,10,6,smart,549,355,64.66302367941712,588.4901408450704,120.68169014084508,380.7834295456177,199.46470605050635,52.38271693926496,720265055.0
791,791,10,6,smart,564,392,69.50354609929079,718.280612244898,120.5969387755102,381.1307729963573,213.5162394914205,56.02177903736501,770142391.0
792,792,5,4,smart,553,293,52.98372513562387,1058.8668941979522,122.71672354948804,191.2484718388194,141.55262360262378,74.01503512243573,272813683.0
793,793,15,8,basic,576,456,79.16666666666666,474.9736842105263,119.00877192982456,570.0727677441179,258.3163794571435,45.31287829786162,433448262.0
794,794,15,4,smart,550,436,79.27272727272727,557.9151376146789,124.848623853211,570.3424939941942,262.3272360332068,45.99468543823375,597572982.0
795,795,20,8,basic,590,463,78.47457627118644,373.2526997840173,124.54427645788336,758.5445572278754,289.8011799209601,38.20489873133458,8501172.0
796,796,5,8,smart,550,270,49.09090909090909,901.6925925925926,121.8037037037037,191.25301437515216,136.48239173741172,71.36221731370719,350929302.0
797,797,10,4,smart,545,362,66.42201834862385,589.3480662983426,128.45027624309392,381.5676810783351,210.51318048095013,55.17060037318312,481403749.0
798,798,15,6,smart,521,405,77.73512476007679,447.5728395061728,130.29382716049383,570.1453554459116,249.71464789383515,43.7984183346601,110158532.0
799,799,5,6,smart,537,271,50.46554934823091,975.841328413284,124.98154981549816,191.4416521048484,137.0938832370117,71.6113143246008,530467456.0
800,800,20,4,smart,598,503,84.11371237458194,422.506958250497,127.81709741550696,759.5521864672326,304.9114482664388,40.14358113885738,358368805.0
801,801,15,6,basic,529,384,72.5897920604915,365.6875,119.00520833333331,569.3570466260105,225.0126963943709,39.52049030178656,268048516.0
802,802,15,4,basic,579,438,75.64766839378238,483.50228310502285,123.73059360730592,570.6916947775038,255.73207002985137,44.8108974372851,653495709.0
803,803,5,8,smart,571,278,48.68651488616462,971.3453237410072,126.85251798561151,191.28930742696457,142.77714677449546,74.63937670902419,447450854.0
804,804,15,8,basic,529,407,76.93761814744802,414.1351351351352,120.26289926289928,568.9162776046905,236.0872520882511,41.49771440575576,158944640.0
805,805,5,8,basic,580,293,50.51724137931034,977.0955631399318,124.2901023890785,191.18878921525027,142.39311910472594,74.47775556777671,481403749.0
806,806,10,8,basic,533,351,65.85365853658537,673.05698005698,120.5071225071225,380.88053150521137,198.2972043170016,52.06283543381593,783435377.0
807,807,10,4,smart,577,388,67.24436741767764,744.8376288659794,131.23969072164948,381.7218176084199,224.8773247795822,58.91131038526783,367405145.0
808,808,15,4,smart,569,438,76.97715289982425,549.8744292237443,135.96803652968038,571.220385157486,282.95276645323395,49.534780936647344,720265055.0
809,809,5,6,basic,575,290,50.43478260869565,1010.2310344827588,123.04482758620688,191.0821220754672,136.5652962073374,71.46942619435713,597572982.0
810,810,10,4,basic,546,361,66.11721611721612,617.8365650969529,132.24930747922437,381.4989828504913,213.7308779933024,56.02397060048339,110158532.0
811,811,15,4,smart,537,434,80.8193668528864,397.2857142857143,134.65668202764977,570.6816445532272,267.4842936992268,46.8710175370427,590926899.0
812,812,15,4,smart,506,392,77.4703557312253,528.9260204081633,128.78316326530611,570.7205289844675,243.43942330896644,42.65475148443307,655359215.0
813,813,5,8,smart,585,284,48.54700854700855,1056.3838028169014,129.1161971830986,192.13683079992745,147.49792773835858,76.76712846999573,534967818.0
814,814,20,6,basic,610,456,74.75409836065575,446.08991228070175,124.1140350877193,758.4094905099014,275.5604485204642,36.333992647586285,884281372.0
815,815,20,4,smart,566,454,80.21201413427562,367.8942731277533,135.81057268722466,759.7643051200209,312.65328969394346,41.15135280599333,8501172.0
816,816,15,8,basic,544,386,70.95588235294117,402.0621761658031,124.89378238341968,569.5813983561953,236.1884262664296,41.46701892794715,390126418.0
817,817,15,8,basic,553,420,75.9493670886076,479.49285714285713,119.95,569.7966238085162,246.186351537198,43.206003905690125,708741215.0
818,818,15,8,basic,533,404,75.79737335834896,481.2227722772277,122.79455445544556,568.8859879190836,236.1208735503539,41.50583395700351,805309175.0
819,819,5,8,basic,547,290,53.016453382084094,853.0862068965517,112.13448275862068,190.8930678405536,134.42237154750654,70.4176286064955,70952804.0
820,820,20,8,smart,576,467,81.07638888888889,311.65524625267665,127.07922912205568,759.2642018712644,294.0197038492795,38.724294273935946,878640559.0
821,821,5,8,basic,550,278,50.54545454545455,1040.7517985611512,120.29856115107914,191.48034594650997,143.09561006624818,74.73122599549824,158944640.0
822,822,5,6,smart,577,278,48.18024263431543,821.0539568345324,124.23381294964028,191.5946395263718,144.0053137241173,75.1614523663622,153354925.0
823,823,20,4,basic,554,444,80.14440433212997,440.731981981982,128.27477477477478,758.0058098345866,269.2571482453401,35.52177895629822,268048516.0
824,824,5,8,smart,556,281,50.53956834532374,940.6049822064056,125.08540925266904,191.3517941806356,142.7467773639558,74.59913191574427,708741215.0
825,825,15,6,basic,556,428,76.97841726618705,479.3200934579439,122.99532710280374,569.2898906921216,247.3400394794602,43.44711605167507,590926899.0
826,826,5,4,smart,559,290,51.8783542039356,1084.2793103448275,127.65172413793104,191.7629464276042,147.1862522684249,76.75427135971327,268048516.0
827,827,20,8,basic,619,485,78.35218093699515,417.77113402061855,125.71752577319587,758.3398361823471,288.00868727050374,37.97884187653969,456738583.0
828,828,15,8,basic,589,444,75.38200339558574,465.60135135135135,121.52027027027027,570.0588559096055,250.41422587042925,43.927784521627984,485221178.0
829,829,20,8,smart,578,487,84.2560553633218,372.5564681724846,127.35318275154005,759.6389741747645,307.1320057011899,40.43131226051736,534967818.0
830,830,15,6,smart,537,412,76.72253258845437,465.5121359223301,125.93446601941748,570.0601017747333,249.20394175777824,43.7153803576056,878640559.0
831,831,10,4,basic,585,354,60.51282051282051,664.9350282485875,123.85310734463278,380.8555047712407,201.4170727768889,52.88543036757976,390126418.0
832,832,10,8,smart,562,397,70.64056939501779,731.9219143576826,121.96725440806046,381.4852190610143,222.91652787630767,58.43385712950904,655359215.0
833,833,5,6,smart,568,274,48.23943661971831,1094.14598540146,120.82116788321169,191.1074781123644,138.56263612223282,72.50508326040644,720265055.0
834,834,10,8,basic,579,412,71.15716753022453,617.1820388349514,119.7621359223301,381.1662682706868,222.1725886611461,58.28757871705723,481403749.0
835,835,20,4,smart,547,446,81.53564899451554,342.1121076233184,133.94170403587444,758.6075453424902,292.261321361976,38.526023522482646,442685285.0
836,836,10,6,basic,576,361,62.67361111111112,710.7673130193906,121.47368421052632,381.0408821342364,198.9018314477824,52.19960397260247,738646825.0
837,837,15,4,basic,595,434,72.94117647058823,475.1082949308756,131.64976958525347,570.4841455903404,268.40388699462767,47.04843930708744,70952804.0
838,838,20,4,smart,557,467,83.84201077199282,456.644539614561,128.01927194860815,759.3367519460418,300.1188601708244,39.523815935640464,292906152.0
839,839,20,4,smart,566,473,83.56890459363959,393.1310782241015,132.32558139534885,759.734996003365,310.3565573765036,40.85063331413642,922285065.0
840,840,5,4,smart,580,283,48.79310344827586,1024.5936395759718,124.72084805653712,191.30428417317705,143.93213122296513,75.23727544578743,274970204.0
841,841,15,8,smart,533,421,78.98686679174483,417.37054631828977,124.54394299287412,569.9137123450398,253.79764584061803,44.53264421315813,805309175.0
842,842,5,4,smart,557,291,52.24416517055656,1012.8487972508592,126.86941580756012,191.43860917179472,143.39162181577976,74.90214353108982,597572982.0
843,843,10,6,smart,554,395,71.29963898916968,664.8759493670887,124.7113924050633,381.52474514622025,219.69452380769175,57.58329613024008,948896778.0
844,844,20,4,basic,533,411,77.11069418386491,323.9294403892944,130.4647201946472,757.9103040082964,263.3800321171288,34.75081823326757,485221178.0
845,845,20,6,smart,571,457,80.03502626970229,383.60831509846827,124.6805251641138,758.4154296408144,280.1225875268065,36.93524374358689,738646825.0
846,846,15,6,smart,543,405,74.58563535911603,416.9925925925926,127.1679012345679,570.1600716388912,252.293847320512,44.24965196094991,979009661.0
847,847,15,6,smart,560,424,75.71428571428571,549.627358490566,124.71698113207547,570.568351299371,252.48989552676943,44.25234854891045,274970204.0
848,848,10,8,smart,583,393,67.40994854202401,553.2798982188295,115.60050890585242,380.915880554893,206.9573994476936,54.331523050761696,153354925.0
849,849,10,8,smart,603,399,66.16915422885572,679.1027568922306,118.53884711779448,381.6856728802965,222.1027296422034,58.18995718811243,48265950.0
850,850,20,8,basic,592,449,75.8445945945946,421.1314031180401,121.58574610244987,757.0594433973774,260.583043031444,34.42042039156826,272813683.0
851,851,5,4,basic,549,272,49.544626593806925,951.2279411764706,127.69117647058825,191.3560393746784,143.49314145202487,74.98751642275731,187959148.0
852,852,5,8,basic,585,297,50.76923076923077,961.6127946127946,114.97643097643098,191.03477192274067,137.27311767421935,71.85766041050165,153354925.0
853,853,10,8,smart,591,393,66.49746192893402,605.941475826972,119.0,381.4169440107439,218.2488371362661,57.22054055629956,485221178.0
854,854,5,4,smart,521,262,50.28790786948176,978.709923664122,125.91603053435117,191.26504312929472,137.66389588598463,71.97546066634044,158944640.0
855,855,20,4,basic,557,457,82.04667863554758,367.6389496717724,128.9737417943107,759.0317596492288,289.3081937074392,38.115426664246186,460669441.0
856,856,5,8,basic,570,277,48.59649122807018,911.9638989169677,117.66064981949458,191.10296042329932,136.26704221852967,71.30556319833752,292906152.0
857,857,5,4,smart,534,277,51.87265917602997,950.7292418772564,127.043321299639,191.2922076255767,144.05201526220225,75.30469591535092,590926899.0
858,858,15,8,smart,544,404,74.26470588235294,434.0866336633664,127.57178217821782,570.7311719091247,248.89043456366937,43.60904867542424,390126418.0
859,859,5,6,basic,573,263,45.89877835951135,867.06463878327,120.79087452471482,191.33793158254983,136.5540936557002,71.36802019665716,460669441.0
860,860,20,6,smart,543,436,80.29465930018415,316.5550458715596,121.90825688073394,758.8339971207564,270.2283011897604,35.61099031080415,433448262.0
861,861,20,8,basic,556,435,78.23741007194245,380.07586206896553,122.85057471264368,758.1089319078304,264.5459074971548,34.8955006810707,533011683.0
862,862,15,6,smart,551,425,77.13248638838476,523.3623529411765,122.06117647058824,569.9570423061688,243.5517209142569,42.73159252999037,572435721.0
863,863,20,8,basic,564,445,78.90070921985816,406.1438202247191,123.43595505617978,757.9083284681238,265.20649086407184,34.991895576619974,292906152.0
864,864,20,8,basic,497,401,80.6841046277666,331.9002493765586,119.61845386533666,757.029757245452,240.4046178894345,31.756296973606023,755568905.0
865,865,15,6,basic,542,400,73.80073800738008,447.205,122.105,569.5515944893561,233.0526794081728,40.91862469757831,783435377.0
866,866,5,8,basic,582,300,51.546391752577314,1040.51,114.82,191.3880509711869,143.6222673623322,75.04244211356446,268048516.0
867,867,10,8,smart,593,401,67.62225969645868,734.279301745636,120.4139650872818,381.5284399840697,223.5174691606641,58.58474643987138,8501172.0
868,868,5,6,basic,548,281,51.27737226277373,1074.1138790035586,127.82918149466192,191.4033901233168,141.6738373071474,74.01845767510713,852052273.0
869,869,10,6,basic,599,378,63.10517529215359,560.9629629629629,114.47883597883596,380.9887863301224,204.48199238667715,53.67139394215552,367405145.0
870,870,15,4,smart,570,440,77.19298245614034,502.625,127.38636363636364,571.3018625297037,273.7750907878669,47.921266977075966,922285065.0
871,871,10,6,smart,534,363,67.97752808988764,741.0661157024794,123.89531680440771,381.73949708128265,208.4144684775435,54.59599283570241,549004394.0
872,872,5,6,basic,546,272,49.81684981684982,978.3272058823528,127.6875,191.37376454280616,141.43994351031515,73.90769777049461,8501172.0
873,873,10,6,smart,538,338,62.825278810408925,596.9082840236687,120.3905325443787,381.12269218188857,197.3573597764737,51.78315640210845,456738583.0
874,874,5,8,basic,581,277,47.67641996557659,877.8194945848376,113.23826714801444,191.0035052861732,138.35933953407417,72.4381153773988,173249261.0
875,875,5,6,basic,569,257,45.16695957820738,878.5136186770428,106.61867704280156,190.97712713335585,121.12129405073308,63.42188505441088,187959148.0
876,876,20,6,basic,585,446,76.23931623931624,343.69730941704034,123.57174887892376,758.0127094384164,269.6452573045309,35.57265649335894,770142391.0
877,877,15,6,basic,537,403,75.04655493482309,433.1563275434243,123.26550868486352,569.8972775492864,245.32833210728649,43.04781611911977,878640559.0
878,878,15,4,basic,558,423,75.80645161290323,576.4397163120567,120.66666666666669,570.0086249709318,245.49836220797,43.06923640330697,292906152.0
879,879,5,4,smart,570,277,48.59649122807018,1222.216606498195,127.2635379061372,191.48030535048105,144.45554829674583,75.44146539370607,153044519.0
880,880,10,8,basic,569,384,67.48681898066783,608.2734375,115.78125,380.6148338615362,202.84968792989807,53.295265944283386,367405145.0
881,881,20,6,basic,565,436,77.16814159292036,377.4426605504587,124.28899082568807,757.8973421406478,266.6501110136279,35.18287981595058,930593199.0
882,882,10,6,basic,554,363,65.52346570397111,638.4820936639119,119.17079889807162,380.7825420978781,202.9483300124017,53.29769818077295,948896778.0
883,883,5,8,smart,563,273,48.49023090586146,864.978021978022,119.7985347985348,191.19566676062016,133.85021938035726,70.00693145830536,783435377.0
884,884,10,8,basic,520,348,66.92307692307692,728.7068965517242,121.25862068965516,380.69863318551904,202.9593277074176,53.31233422330494,110158532.0
885,885,10,8,basic,567,397,70.01763668430335,735.4937027707808,125.36523929471032,381.2694131917857,222.68690727321007,58.40670653567335,653495709.0
886,886,20,8,basic,562,434,77.22419928825623,375.241935483871,122.1221198156682,757.953881913187,261.90785607639174,34.55458997258485,601135142.0
887,887,20,4,basic,548,421,76.82481751824818,358.83610451306413,123.41330166270784,758.2906711463241,263.1379812474592,34.70146623980853,708741215.0
888,888,5,4,smart,593,254,42.83305227655986,878.8582677165355,129.61417322834646,191.38654729399224,137.68863467263114,71.94269222126944,671082961.0
889,889,15,8,basic,545,433,79.44954128440367,457.2863741339492,119.91224018475752,568.8658982739701,243.61393629545603,42.8244929138167,549004394.0
890,890,20,8,basic,572,483,84.44055944055944,382.13250517598345,122.46997929606626,758.6075197177826,289.3290410977285,38.13949026043992,433448262.0
891,891,20,8,smart,567,475,83.77425044091711,330.6505263157895,125.0042105263158,759.4434117389083,298.515221946818,39.307105352761376,708741215.0
892,892,15,8,smart,585,472,80.68376068376068,449.364406779661,126.48305084745763,570.7725783921403,283.1863873347684,49.614574710737,456738583.0
893,893,5,6,basic,524,268,51.14503816793893,957.4888059701492,131.61567164179104,191.52267165954453,139.81479169162552,73.00169242634824,110158532.0
894,894,15,8,smart,546,436,79.85347985347985,463.8050458715596,121.67660550458716,569.722273808823,249.04580303255733,43.713545087080014,532925674.0
895,895,20,4,basic,572,439,76.74825174825175,364.489749430524,125.31890660592256,758.3998376788453,276.1227690943408,36.40860076387157,48265950.0
896,896,10,8,smart,541,393,72.64325323475046,656.6488549618321,123.59541984732824,381.0699811667865,217.12560446355255,56.97788206742036,228056230.0
897,897,5,8,smart,579,296,51.12262521588946,968.820945945946,120.0304054054054,191.26516538142852,145.15772333319424,75.89344512562701,720265055.0
898,898,20,6,smart,558,469,84.05017921146953,412.8720682302772,130.5501066098081,759.3517013323809,292.82747153665,38.562825502707945,274970204.0
899,899,20,6,smart,514,419,81.51750972762646,366.9498806682578,123.10262529832936,758.3116061514347,262.23049662864463,34.58083649273294,112043825.0
900,900,10,8,basic,589,381,64.68590831918506,546.1863517060367,111.35695538057745,381.0090027416449,209.5882681965254,55.0087443310738,922285065.0
901,901,10,8,basic,592,387,65.37162162162163,543.1421188630491,120.93023255813954,381.4758983265649,215.4411759655217,56.475697917117664,676261138.0
902,902,5,4,smart,571,260,45.53415061295972,965.623076923077,123.73076923076924,191.20087625134363,140.95840456646638,73.72267707663072,8501172.0
903,903,5,4,basic,542,264,48.708487084870846,1025.5416666666667,116.17045454545456,191.44614556793908,136.9496744849793,71.53430750914728,755568905.0
904,904,20,4,smart,582,476,81.78694158075601,417.0798319327731,132.42226890756302,759.6329256443559,308.38650657612936,40.596779861081146,481403749.0
905,905,20,6,smart,543,452,83.24125230202579,390.34513274336285,127.68141592920354,759.0277570221305,295.95145535271286,38.990860691815776,383864777.0
906,906,5,6,smart,537,278,51.76908752327747,967.6079136690648,114.25539568345324,191.13153646724385,133.81364925913783,70.01128737437364,34346284.0
907,907,10,6,smart,508,343,67.51968503937007,658.2478134110787,121.77551020408164,381.0092359226729,196.7831894654749,51.647879083281,572435721.0
908,908,15,8,smart,553,438,79.20433996383363,498.175799086758,123.65981735159818,570.6639646081544,265.63646146293803,46.54866575381836,708741215.0
909,909,10,8,basic,561,363,64.70588235294117,636.1790633608815,120.3030303030303,380.6792880534271,197.6984736173179,51.93307853133622,187959148.0
910,910,10,6,basic,518,358,69.1119691119691,545.5642458100559,118.4217877094972,380.4483896432534,195.12216705107812,51.28742093876235,112043825.0
911,911,20,6,basic,505,400,79.20792079207921,319.26,127.095,757.8223128955223,256.3277763296446,33.82425826843969,533011683.0
912,912,10,4,basic,531,337,63.46516007532957,598.053412462908,127.35608308605342,380.7899285394376,194.4207427190176,51.057217680294265,485221178.0
913,913,5,4,smart,556,273,49.10071942446043,1038.5274725274726,124.61904761904762,191.77200435156456,142.8052658241609,74.46616950530705,433448262.0
914,914,20,6,smart,582,472,81.09965635738831,387.0296610169492,129.0656779661017,758.6385693157347,288.5839229212654,38.03971147704209,470148314.0
915,915,10,8,smart,569,394,69.24428822495607,651.5609137055837,118.70812182741116,381.251363154955,214.7689190841584,56.33262981852426,367405145.0
916,916,5,6,smart,575,285,49.56521739130435,1070.621052631579,122.6140350877193,191.19611675207088,138.40529568465365,72.38917716311546,597572982.0
917,917,15,8,basic,595,446,74.95798319327731,452.670403587444,119.26008968609864,569.4981294402951,253.68958033176017,44.54616568821521,852052273.0
918,918,15,4,basic,562,402,71.53024911032028,446.2835820895522,124.43034825870647,569.9506771896578,248.55975931757808,43.61074901133363,805309175.0
919,919,5,8,basic,562,260,46.263345195729535,928.4615384615385,120.06923076923076,191.4922048887417,137.82446346123936,71.97392893424373,390126418.0
920,920,10,6,smart,509,337,66.2082514734774,634.3976261127597,122.33531157270028,380.774858777509,191.11235810779627,50.19038250617942,110158532.0
921,921,20,6,smart,528,448,84.84848484848484,341.77232142857144,126.91294642857144,758.1933427157071,271.59422647717554,35.82123597978,268048516.0
922,922,5,6,smart,570,295,51.75438596491229,997.6915254237288,124.3728813559322,191.26045695479075,144.56197871587003,75.58383003865819,930593199.0
923,923,20,6,smart,504,417,82.73809523809523,339.96163069544366,128.47002398081534,757.9327837983044,264.46923817758056,34.89349502105179,755568905.0
924,924,5,8,smart,587,288,49.063032367972745,952.3298611111112,115.62847222222224,191.22450284458145,143.28878207262767,74.93222884155503,62156218.0
925,925,10,8,smart,558,384,68.81720430107528,676.2890625,118.53645833333331,381.5349188271484,217.25599657811767,56.9426246085077,460669441.0
926,926,5,8,basic,593,296,49.915682967959526,1119.0101351351352,120.74662162162164,191.33487088424025,146.2047535665809,76.41302021471897,884281372.0
927,927,5,4,basic,578,266,46.02076124567474,946.312030075188,123.52631578947368,191.0365953067109,136.35122978362352,71.37440319469181,470148314.0
928,928,15,8,smart,582,445,76.46048109965635,440.3662921348314,118.6,569.818681864311,254.31860039717048,44.63149568299526,153354925.0
929,929,5,6,smart,513,255,49.707602339181285,1006.7450980392156,121.06274509803922,191.4250082060834,136.98872263609877,71.56260507436946,572435721.0
930,930,15,8,smart,576,441,76.5625,494.43990929705217,122.71655328798184,570.2422251366478,256.51961507084616,44.98432486464433,878640559.0
931,931,15,8,basic,587,446,75.97955706984668,449.05829596412553,118.26681614349776,569.7381340009638,258.2308021570372,45.3244721998195,922285065.0
932,932,5,4,smart,561,289,51.51515151515152,997.273356401384,124.5674740484429,191.381834470396,149.95747033415452,78.35512223462922,852052273.0
933,933,5,8,smart,577,302,52.33968804159446,936.566225165563,119.43046357615894,191.77328922934336,146.94970917248878,76.62678664115226,433448262.0
934,934,5,4,basic,548,255,46.53284671532847,825.9294117647058,118.0,190.8217453711573,132.84859974068578,69.61921424745853,878640559.0
935,935,10,6,smart,546,376,68.86446886446886,721.5744680851063,125.34042553191487,380.9571131378311,209.1490307189569,54.90093858499141,272813683.0
936,936,20,6,smart,502,420,83.66533864541833,324.7595238095238,128.69285714285715,758.1429824334664,269.81099382396457,35.588404835976014,158944640.0
937,937,5,6,smart,537,272,50.65176908752328,889.6801470588235,125.65073529411764,191.5553841265253,142.57885163473807,74.43218173421977,70952804.0
938,938,5,6,smart,519,275,52.98651252408478,1020.9236363636364,128.87636363636364,191.29367965380737,139.27570785826242,72.80727105585288,315111282.0
939,939,5,4,basic,579,281,48.53195164075993,961.3701067615658,119.88256227758008,191.35426996349224,137.86381713059606,72.04637615711349,884281372.0
940,940,10,8,smart,589,384,65.19524617996605,535.7760416666666,112.4140625,381.06990205787423,211.06013979059367,55.38620044532916,922285065.0
941,941,10,6,basic,540,352,65.18518518518519,632.6306818181819,124.58522727272728,381.1825921903831,202.8883312415433,53.22602222616975,676261138.0
942,942,20,4,smart,531,438,82.48587570621469,359.30593607305934,134.52739726027397,758.972264240379,289.87614868054607,38.19324662287495,676261138.0
943,943,10,6,smart,545,361,66.23853211009174,689.027700831025,127.93074792243767,381.04984513670667,207.72176164495517,54.513015631966,979009661.0
944,944,10,6,basic,538,332,61.71003717472119,589.2801204819277,120.8132530120482,380.5639584386826,193.31393442259895,50.79670056399894,456738583.0
945,945,5,4,smart,554,270,48.73646209386281,918.7851851851852,123.2,191.54000268088905,142.88820516628766,74.59966751924055,549004394.0
946,946,15,8,smart,561,430,76.6488413547237,415.4790697674418,120.65116279069768,570.2153755603852,249.2016886726992,43.70308121344388,930593199.0
947,947,5,4,basic,592,280,47.2972972972973,925.6392857142856,119.68928571428572,191.5959951281297,142.63485709188205,74.4456359834114,534967818.0
948,948,15,6,smart,544,418,76.83823529411765,414.4784688995216,123.44736842105264,569.1726405987803,238.4396920609466,41.892331966291216,948896778.0
949,949,20,6,basic,574,436,75.9581881533101,389.8669724770642,124.98394495412845,758.0344194310463,271.02754075945467,35.75398871239624,260244418.0
950,950,5,4,basic,569,279,49.03339191564148,1019.4444444444443,126.38709677419357,191.5831191005697,145.4716366258723,75.93134369500913,572435721.0
951,951,20,6,smart,522,437,83.71647509578544,288.4347826086956,127.83981693363845,758.5990482803123,282.4987653686064,37.23953595895092,315111282.0
952,952,5,6,smart,576,275,47.74305555555556,932.6145454545456,127.97454545454544,191.2037930141236,140.4438370174708,73.45243250854165,738646825.0
953,953,5,8,smart,545,271,49.72477064220184,990.8634686346865,121.07749077490774,191.3833009620901,140.5108716208287,73.41856416650563,442685285.0
954,954,20,4,basic,585,456,77.94871794871796,350.280701754386,128.2017543859649,758.6624841252698,284.08279280660173,37.44521427524472,533011683.0
955,955,5,8,smart,564,273,48.40425531914894,989.1611721611722,115.06593406593409,191.4300239183261,137.36078770404237,71.7550909164842,930593199.0
956,956,15,4,basic,595,412,69.24369747899159,434.2281553398058,122.36893203883496,569.5700839696503,243.9561435767202,42.831628704312266,260244418.0
957,957,10,4,smart,559,396,70.84078711985688,660.4015151515151,126.81060606060606,381.92509223840807,229.2477784056327,60.02427781375778,433448262.0
958,958,15,4,basic,593,443,74.70489038785834,472.9051918735892,124.8939051918736,557.1538349624141,266.31044052656665,47.798368029636215,316514901.0
959,959,20,6,smart,548,442,80.65693430656934,371.5633484162896,125.3710407239819,757.6480144010703,267.36271729388426,35.28851289938873,292906152.0
960,960,20,4,basic,547,426,77.87934186471664,376.1431924882629,129.03755868544602,758.0555291631955,265.47486202746006,35.02050335554088,442685285.0
961,961,10,4,basic,558,370,66.30824372759857,577.7162162162163,119.7891891891892,380.8512845004706,212.0238914441417,55.67104538513896,878640559.0
962,962,15,6,smart,595,433,72.77310924369748,497.5011547344111,126.83602771362588,570.5593711795178,253.33641903542005,44.40141233885923,922285065.0
963,963,20,8,smart,548,477,87.04379562043796,306.8406708595388,127.68972746331237,759.2597871819271,304.4562041242302,40.09908193007977,720265055.0
964,964,15,4,smart,557,433,77.737881508079,460.5773672055427,125.68591224018476,570.7805200543172,268.0594459621242,46.96366406068218,433448262.0
965,965,15,8,smart,524,406,77.48091603053436,420.14778325123154,122.28325123152707,570.4781825675193,248.0981599004956,43.48950888601806,48265950.0
966,966,15,8,smart,602,463,76.91029900332225,473.8034557235421,125.38444924406048,570.7547562305293,272.3939987846053,47.725226257174576,979009661.0
967,967,10,8,basic,545,336,61.65137614678899,472.7083333333333,107.44345238095238,380.0606624654495,184.22763919890744,48.473219512860055,292906152.0
968,968,10,4,basic,505,338,66.93069306930694,639.4112426035502,121.46153846153848,381.06945932320417,195.24901252804085,51.23711904774828,655359215.0
969,969,5,6,basic,559,272,48.658318425760285,1023.1139705882352,122.25367647058825,191.4137179088393,137.08622896343155,71.61776619830289,485221178.0
970,970,10,4,smart,565,383,67.78761061946904,613.2532637075718,125.37859007832898,381.6053426119069,221.3457608232124,58.00384221777557,194642212.0
971,971,10,6,basic,538,346,64.31226765799256,615.7601156069364,117.0,380.62227703906257,193.02460199965137,50.71290190927044,655359215.0
972,972,20,8,smart,555,447,80.54054054054053,315.93959731543623,125.40044742729306,759.2625879876792,288.4476658945696,37.99050163383663,460669441.0
973,973,10,4,basic,565,383,67.78761061946904,676.6083550913838,128.18798955613576,381.52105782634845,218.4543057393654,57.25878067752584,194642212.0
974,974,20,4,basic,554,456,82.31046931407943,424.890350877193,129.91228070175438,758.4940631489414,285.33577438361533,37.61872218208588,783435377.0
975,975,5,4,basic,521,254,48.75239923224568,867.2480314960629,115.64566929133858,190.95362827893803,127.85434768735504,66.95570481676846,158944640.0
976,976,20,8,basic,557,420,75.40394973070018,434.7857142857143,121.42142857142858,757.1729757440903,248.83975495384848,32.86432069360482,187959148.0
977,977,10,4,basic,599,357,59.59933222036727,698.3081232492997,126.0532212885154,380.675852648476,210.21323983254817,55.22105969423372,470148314.0
978,978,15,6,smart,529,409,77.31568998109641,442.1491442542787,128.55012224938875,570.4351552412671,248.64767556174183,43.58912196717182,48265950.0
979,979,20,8,basic,592,473,79.89864864864865,343.9429175475687,120.80126849894292,757.9779721231406,273.3635452434149,36.06484031161322,852052273.0
980,980,15,4,basic,556,415,74.64028776978418,488.9710843373494,128.3156626506024,570.0379104972126,245.19783152565893,43.01430255959405,268048516.0
981,981,15,6,smart,582,427,73.3676975945017,423.95316159250586,120.95550351288055,569.8788335423222,247.1822971496005,43.374535532954376,260244418.0
982,982,10,8,basic,602,385,63.95348837209303,567.3428571428572,119.52987012987012,381.16136254148944,211.0099316642056,55.35973800105124,62156218.0
983,983,15,8,smart,585,448,76.5811965811966,391.6986607142857,125.640625,560.9440086456722,264.2328242400269,47.10502655656906,676261138.0
984,984,10,6,smart,585,381,65.12820512820512,546.5984251968504,119.96325459317583,381.34734006337607,210.671675330346,55.24403954026125,153354925.0
985,985,5,8,basic,587,288,49.063032367972745,939.7604166666666,121.53125,191.0269385806561,141.2224665732881,73.92803738707285,62156218.0
986,986,5,8,smart,570,295,51.75438596491229,1051.3627118644067,116.70508474576272,191.1318182490865,144.038788485679,75.36096805083756,738646825.0
987,987,5,8,smart,597,284,47.571189279732,1035.2640845070423,114.16901408450704,191.16233628085615,139.68566723459895,73.07175145075252,272813683.0
988,988,20,8,smart,602,483,80.23255813953489,313.1304347826087,124.34782608695652,759.3692036696675,298.18549582217986,39.26752551738894,228056230.0
989,989,20,6,basic,543,441,81.21546961325967,335.671201814059,126.85034013605444,758.1871141340981,279.6380481217344,36.88245855260944,383864777.0
990,990,10,4,smart,541,369,68.20702402957485,631.1734417344173,124.88346883468834,381.23015842962633,211.67969500325785,55.525432687491104,755568905.0
991,991,5,8,smart,549,280,51.00182149362477,954.575,122.27857142857142,191.74660391621768,148.8415582570362,77.62409097063929,119596844.0
992,992,20,6,basic,565,473,83.71681415929203,328.4799154334038,128.1522198731501,759.1075215287628,293.8749512837601,38.7132182133997,532925674.0
993,993,15,8,smart,576,474,82.29166666666666,466.2362869198312,124.25527426160338,570.7696022709251,271.3387948371927,47.53911101039984,433448262.0
994,994,10,6,smart,549,364,66.3023679417122,665.1510989010989,127.49725274725274,381.58311174961983,210.23189922906096,55.09465507137199,442685285.0
995,995,10,8,smart,586,405,69.11262798634812,544.0098765432099,114.9851851851852,381.4829359531624,220.376402620384,57.76835130770864,34346284.0
996,996,5,8,smart,585,313,53.50427350427351,1075.182108626198,122.07987220447284,191.29355381951396,147.11123659990008,76.9033946322624,362523190.0
997,997,15,8,basic,544,404,74.26470588235294,457.0816831683168,119.29950495049503,568.6973847736475,229.94602755919144,40.43381132317223,194642212.0
998,998,5,8,basic,588,272,46.25850340136054,836.1507352941177,114.6654411764706,191.08954536903897,138.2895103191408,72.36895668576277,112043825.0
999,999,5,4,basic,555,270,48.64864864864865,899.6148148148148,120.94074074074074,191.387974245359,135.64787553900777,70.87586149227299,305489378.0
1000,1000,5,4,smart,561,255,45.45454545454545,865.3490196078432,123.89411764705882,191.31316721515665,137.08938936607098,71.65705913587017,228056230.0
1001,1001,10,4,smart,590,408,69.15254237288136,726.1936274509804,127.70098039215686,381.76063917328736,228.79827591581727,59.932390204313855,534967818.0
1002,1002,15,6,smart,544,410,75.36764705882352,527.5878048780488,126.22682926829268,569.8808368508404,237.59511356285992,41.69206932379228,362523190.0
1003,1003,5,4,basic,577,263,45.58058925476603,958.5133079847908,115.82509505703422,191.04584946893644,131.04079671577318,68.59128166355694,48265950.0
1004,1004,10,8,smart,562,405,72.06405693950177,566.9629629629629,123.32345679012346,382.1156803813533,230.9782628300308,60.44720870902584,534967818.0
1005,1005,10,8,smart,555,389,70.09009009009009,606.3316195372751,120.52442159383034,381.8643531866447,223.421611666971,58.50810891420617,383864777.0
1006,1006,20,6,smart,568,463,81.51408450704226,374.7278617710583,131.41900647948165,759.7512847718674,304.67898882137814,40.102464441750165,460669441.0
1007,1007,20,6,smart,514,413,80.35019455252919,330.51089588377727,129.97094430992735,758.4068150014386,267.0468209549684,35.21155343975408,601135142.0
1008,1008,5,8,basic,570,277,48.59649122807018,953.9025270758124,121.64620938628158,191.23464365533505,141.33917441014083,73.90877076900276,456738583.0
1009,1009,20,8,basic,566,472,83.3922261484099,402.8919491525424,124.760593220339,758.8879812302227,285.08668565503774,37.56637246947668,447450854.0
1010,1010,5,6,basic,545,272,49.90825688073394,1015.5772058823528,126.25735294117646,191.4550828494633,140.9656606163303,73.62858092786617,783435377.0
1011,1011,5,4,basic,547,258,47.16636197440585,1068.6705426356589,125.37596899224806,191.28208032607543,141.5239919485146,73.98706230466595,315111282.0
1012,1012,20,6,basic,561,434,77.36185383244207,393.7119815668202,120.98617511520736,757.2038082893563,254.5493102957533,33.61701400720905,34346284.0
1013,1013,15,4,basic,559,409,73.16636851520573,576.9682151589242,131.30073349633253,569.8663113181356,248.3418673737068,43.578969741039245,948896778.0
1014,1014,15,8,basic,598,452,75.58528428093646,486.77433628318585,121.84070796460178,569.819288906906,260.7945944698391,45.7679477593898,116942809.0
1015,1015,5,8,basic,545,266,48.80733944954129,954.015037593985,117.34586466165412,191.37114492478,138.12957404609577,72.17889306164142,442685285.0
1016,1016,15,4,basic,550,421,76.54545454545455,470.8456057007126,124.8289786223278,570.076406049062,256.0033486407937,44.90684861263343,481660159.0
1017,1017,20,6,basic,559,440,78.71198568872988,393.5,125.9431818181818,757.989494737101,265.9533895499253,35.086685421961924,350929302.0
1018,1018,20,8,basic,588,472,80.27210884353741,431.2351694915254,124.39406779661016,757.7193599178762,285.60165816404896,37.69227411518208,884281372.0
1019,1019,5,8,smart,531,248,46.70433145009416,898.3346774193549,122.14112903225806,191.30765945801693,128.39550726634732,67.11467153489697,187959148.0
1020,1020,5,4,basic,584,273,46.74657534246575,953.032967032967,119.65201465201466,191.25707536730764,139.70266277049942,73.04444162507536,532925674.0
1021,1021,20,4,basic,566,449,79.3286219081272,423.98440979955456,128.38975501113586,758.7230550900122,281.226080067129,37.06570904633514,922285065.0
1022,1022,15,4,smart,543,411,75.69060773480662,491.3114355231144,127.95620437956204,570.263891774433,255.43818303953407,44.792978605871866,442685285.0
1023,1023,5,6,basic,559,286,51.16279069767442,992.06993006993,122.8111888111888,191.25523253836695,140.22932541102955,73.32051706501608,590926899.0
1024,1024,15,8,smart,545,451,82.75229357798165,458.3436807095344,123.7361419068736,570.1112474805108,260.0782951688752,45.61886760140896,549004394.0
1025,1025,20,6,basic,533,445,83.48968105065666,425.0269662921348,131.02247191011236,758.7420893005229,288.30423833730873,37.99765986398536,70952804.0
1026,1026,10,4,basic,552,356,64.4927536231884,620.9831460674158,120.82865168539324,380.7449550901219,200.2341249879057,52.59009274082451,549004394.0
1027,1027,15,8,basic,562,435,77.40213523131672,427.6183908045977,116.75632183908046,570.0324830349981,249.2086958863628,43.71833242897181,884281372.0
1028,1028,20,8,basic,589,468,79.45670628183362,386.45299145299145,126.45726495726495,758.5192878744015,284.6972210616025,37.53328697275576,770142391.0
1029,1029,5,4,basic,554,263,47.47292418772563,1025.9847908745246,121.57414448669202,191.1043687168721,134.23801150612218,70.24329815557518,549004394.0
1030,1030,10,4,smart,565,394,69.73451327433628,638.494923857868,124.1548223350254,381.8407263368079,227.45497204455137,59.56802309346164,805309175.0
1031,1031,5,4,smart,542,287,52.952029520295206,1053.658536585366,128.3275261324042,191.58966157423967,147.48339900847455,76.97878778877939,930593199.0
1032,1032,15,8,basic,588,430,73.12925170068027,492.0837209302326,118.63255813953488,569.8513831608569,241.66820143817145,42.40898742715759,653495709.0
1033,1033,10,4,smart,517,362,70.01934235976789,658.9171270718232,124.70441988950276,381.06761702927207,208.61082866801615,54.74378282109223,158944640.0
1034,1034,10,4,basic,583,394,67.58147512864494,569.9289340101523,119.11421319796956,381.27618826328506,219.75328482272664,57.63624679099525,532925674.0
1035,1035,10,8,smart,579,421,72.71157167530224,569.2019002375297,117.9809976247031,381.8052637258192,232.5576981109055,60.91002932791129,481403749.0
1036,1036,5,8,smart,593,303,51.09612141652614,1045.3531353135313,120.45544554455444,191.5535816236233,150.61604015802172,78.62867344029189,884281372.0
1037,1037,10,4,smart,531,345,64.97175141242938,562.8985507246376,121.55652173913045,380.9519813638714,200.1367993331397,52.535964930964965,485221178.0
1038,1038,5,4,smart,537,279,51.95530726256983,1000.7598566308244,125.47670250896056,191.40546209729035,147.6351087732418,77.13212943641061,481660159.0
1039,1039,5,8,basic,565,265,46.90265486725664,960.2603773584906,113.19622641509434,191.08733727072968,135.92639497000263,71.1331252564497,948896778.0
1040,1040,10,4,smart,535,365,68.22429906542055,694.2328767123288,120.75068493150684,381.20215556832346,204.90541202855567,53.75242742871378,292906152.0
1041,1041,10,8,smart,589,410,69.60950764006792,657.7146341463415,117.3390243902439,381.12492640259154,220.70144327886172,57.907900530685694,433498721.0
1042,1042,5,8,basic,522,260,49.80842911877394,952.4269230769232,127.54230769230767,191.20734603542337,138.2513042277144,72.30438949877048,110158532.0
1043,1043,15,6,basic,532,375,70.48872180451127,462.66133333333335,122.37333333333332,569.0883155358463,224.97063006315344,39.53176052320174,549004394.0
1044,1044,20,4,basic,555,450,81.08108108108108,435.6133333333333,131.46,758.084502982984,277.4982338439607,36.60518487741589,350929302.0
1045,1045,15,4,basic,559,409,73.16636851520573,543.8361858190709,125.440097799511,547.3450055275183,242.6733717666725,44.336454944498776,979009661.0
1046,1046,15,6,smart,526,400,76.04562737642586,401.195,126.7,569.9982608668173,238.103826441348,41.77272858328633,119596844.0
1047,1047,5,8,basic,564,280,49.645390070921984,1019.7785714285716,117.47857142857144,191.2945803454097,138.87780981399573,72.5989254704613,930593199.0
1048,1048,10,4,basic,610,397,65.08196721311475,650.8740554156171,120.81108312342568,381.0284620047907,218.75159906035617,57.41082907806656,358368805.0
1049,1049,15,6,basic,543,397,73.11233885819522,433.8362720403023,126.26196473551636,569.3993287385583,239.3929846068153,42.04307460937198,979009661.0
1050,1050,10,6,basic,545,339,62.20183486238532,607.8672566371681,125.1976401179941,380.6765248345884,195.70172923978703,51.40893027875133,979009661.0
1051,1051,15,4,smart,605,476,78.67768595041322,404.077731092437,129.17016806722688,571.2827267030806,289.7974256562959,50.72749658102576,116942809.0
1052,1052,15,6,smart,562,405,72.06405693950177,449.241975308642,123.92592592592592,569.9638738043228,244.50027722369987,42.89750429123522,708741215.0
1053,1053,15,4,smart,573,442,77.13787085514834,506.9253393665159,129.37556561085972,571.3737429487563,274.3079114856824,48.008490917001005,572435721.0
1054,1054,5,4,basic,570,273,47.89473684210526,996.2527472527472,116.93772893772892,191.23999394743797,137.9736180746559,72.14684294153332,456738583.0
1055,1055,10,8,smart,595,416,69.91596638655462,661.2524038461538,114.63942307692308,381.89221685352754,225.4120947354408,59.02505596805505,358368805.0
1056,1056,15,4,basic,550,430,78.18181818181819,551.6255813953488,125.97674418604652,569.970462908113,253.62531679946292,44.49797547497665,597572982.0
1057,1057,15,8,smart,593,442,74.53625632377741,567.4389140271493,121.68778280542986,570.538600843526,260.7160500435965,45.69647867087956,481660159.0
1058,1058,15,6,smart,523,414,79.1586998087954,443.5265700483092,123.84299516908212,570.0003857275631,242.4014665737594,42.52654430476428,316514901.0
1059,1059,10,6,basic,508,343,67.51968503937007,644.4518950437317,120.85131195335276,380.8835772548167,194.911053558437,51.173393970735226,572435721.0
1060,1060,5,6,basic,530,261,49.24528301886792,1088.8659003831417,125.4904214559387,191.02378542239563,127.06336475170735,66.51703842573443,119596844.0
1061,1061,10,6,basic,561,376,67.02317290552585,716.8164893617021,123.21010638297872,381.0053345046832,205.71884761747916,53.99369221035158,274970204.0
1062,1062,15,4,basic,559,422,75.49194991055455,458.2037914691943,125.31042654028435,569.9599440159758,255.7940758719004,44.87930749476152,112043825.0
1063,1063,20,4,basic,571,450,78.80910683012259,454.6911111111111,131.12,758.7891216813344,279.54945512413803,36.84152119955395,362523190.0
1064,1064,20,6,basic,542,422,77.85977859778598,349.6350710900474,120.80568720379146,757.2984028085506,245.31238335993365,32.39309398384537,597572982.0
1065,1065,10,4,basic,540,365,67.5925925925926,607.7561643835617,121.11232876712327,380.9086783037565,203.12557050441453,53.32657985346072,930593199.0
1066,1066,5,8,basic,570,278,48.77192982456141,835.884892086331,121.55755395683454,191.58452019433105,144.32644188735514,75.33303929824793,676261138.0
1067,1067,10,6,smart,523,364,69.59847036328873,645.2005494505495,125.67582417582418,381.251781864071,213.7230597460416,56.058245472605016,671082961.0
1068,1068,20,6,basic,527,412,78.17836812144212,333.81796116504853,128.52184466019418,757.4461373874502,260.4929772671908,34.390957245576786,48265950.0
1069,1069,5,6,smart,563,282,50.08880994671403,961.5957446808512,124.11347517730496,191.4099681594418,142.10716534946954,74.24230133672886,194642212.0
1070,1070,15,6,smart,566,414,73.14487632508833,472.9154589371981,118.96376811594205,569.7049732830568,228.8075353313045,40.16246058249205,187959148.0
1071,1071,5,4,smart,561,276,49.19786096256685,935.2789855072464,132.80797101449275,191.4551965310751,142.030629527426,74.18478688530816,383864777.0
1072,1072,20,4,basic,549,456,83.06010928961749,362.62280701754383,128.51315789473685,758.7695455597942,280.21958965877803,36.93079029048822,34346284.0
1073,1073,20,6,smart,505,422,83.56435643564356,326.38862559241704,129.21563981042655,758.4435842239702,274.13714805679786,36.14469866434318,572435721.0
1074,1074,5,8,basic,540,270,50.0,995.7851851851852,114.77037037037036,191.1674897852838,133.50289513563348,69.83556424033279,597572982.0
1075,1075,15,4,basic,560,427,76.25,521.8548009367681,129.43091334894615,570.055307642052,252.0395639390404,44.21317731108656,601135142.0
1076,1076,15,8,basic,533,406,76.17260787992495,431.2980295566503,115.85714285714286,569.5469536302585,233.6775294632229,41.0286681324123,755568905.0
1077,1077,5,8,smart,564,283,50.177304964539005,1028.13074204947,131.21201413427562,191.42555928758543,148.26457387703883,77.45286179589826,655359215.0
1078,1078,5,8,basic,576,272,47.22222222222222,987.8823529411764,115.03676470588236,191.29963860838512,140.2614500756195,73.32029014584428,34346284.0
1079,1079,10,6,basic,521,362,69.48176583493282,636.0303867403314,126.22099447513811,380.894213840978,206.82303848273827,54.29933849535614,316514901.0
1080,1080,5,8,basic,597,286,47.90619765494137,902.479020979021,112.7132867132867,190.90071333344943,138.23023942931687,72.40949340397059,272813683.0
1081,1081,10,4,smart,547,379,69.28702010968921,716.7150395778364,128.23218997361477,381.8510228547027,224.50263264678847,58.793251611169175,187959148.0
1082,1082,20,6,basic,522,426,81.60919540229885,417.3896713615024,129.55399061032864,757.8294215362513,266.01358187340657,35.1020393658181,530467456.0
1083,1083,5,8,basic,585,294,50.256410256410255,971.0816326530612,125.73809523809524,191.64964870095764,145.850491377467,76.10266565374518,534967818.0
1084,1084,5,8,basic,547,284,51.91956124314442,1069.5457746478874,122.45422535211269,191.25852388707017,138.96667948598449,72.65907770366265,194642212.0
1085,1085,15,8,smart,564,461,81.73758865248227,452.7570498915401,121.75921908893709,570.556262393058,265.0322516519451,46.45155423241391,305489378.0
1086,1086,10,8,basic,565,377,66.72566371681415,577.8328912466843,116.23872679045093,380.7009799526263,205.9451692719846,54.096306580984376,305489378.0
1087,1087,5,4,smart,547,277,50.6398537477148,1019.8050541516244,134.27797833935017,191.77227854539944,148.55249502529423,77.46296605123064,110158532.0
1088,1088,10,6,smart,583,394,67.58147512864494,703.7791878172588,116.5228426395939,381.20407881753584,213.42737493343063,55.98769446420015,194642212.0
1089,1089,10,4,smart,576,384,66.66666666666666,673.5625,123.5390625,381.9110978901277,221.7254167484856,58.056814262117605,770142391.0
1090,1090,20,8,smart,578,475,82.17993079584775,379.7157894736842,124.87789473684212,758.7908012229931,279.2594080509236,36.80321474651812,153354925.0
1091,1091,20,8,basic,576,452,78.47222222222221,325.8008849557522,125.07300884955752,758.6091562772533,277.4207121626284,36.56964984762691,878640559.0
1092,1092,15,4,smart,556,440,79.13669064748201,486.1,131.45909090909092,571.1290924673949,272.2079548554823,47.66137086091833,268048516.0
1093,1093,20,4,basic,558,469,84.05017921146953,438.23027718550105,128.409381663113,758.4062975643374,279.1402574458559,36.80616291588426,549004394.0
1094,1094,10,6,basic,534,364,68.16479400749064,722.2197802197802,122.5412087912088,381.25709932145696,206.91470538558423,54.27169900674402,549004394.0
1095,1095,20,8,smart,560,485,86.60714285714286,344.37319587628866,122.21855670103092,759.1165965863092,296.74517233857847,39.09085556461542,305489378.0
1096,1096,15,4,smart,529,399,75.42533081285444,402.9749373433584,130.34837092731829,570.5316629748044,252.69780796482164,44.29163609382029,485221178.0
1097,1097,15,8,basic,585,462,78.97435897435898,487.1060606060606,122.65800865800864,570.6216703079419,274.5625716392726,48.11639408841624,456738583.0
1098,1098,20,6,smart,561,450,80.21390374331551,348.8177777777778,128.27555555555554,758.1539289816836,276.6673603152317,36.492241184694265,116942809.0
1099,1099,15,4,basic,543,406,74.76979742173113,497.5049261083744,125.33497536945812,569.7135686240097,244.46748546775527,42.9105955924836,315111282.0
1100,1100,15,8,basic,566,437,77.20848056537103,368.04805491990845,115.63386727688788,569.6173024652576,249.5799182450181,43.81536817172799,70952804.0
1101,1101,20,6,basic,536,414,77.23880597014924,395.6739130434783,125.40579710144928,757.5513233412172,260.2747632328127,34.35737688172177,878640559.0
1102,1102,15,8,basic,582,434,74.5704467353952,471.1405529953917,118.74193548387096,569.0482588396764,245.3151379485325,43.10972472681752,153354925.0
1103,1103,5,6,smart,583,267,45.79759862778731,879.7116104868913,113.625468164794,191.25038175284132,136.97654251407266,71.62157861263336,367405145.0
1104,1104,10,6,smart,535,371,69.34579439252336,756.8382749326146,127.28840970350404,381.1176930541083,211.79413991427063,55.57184664323671,852052273.0
1105,1105,20,8,smart,543,449,82.68876611418048,320.20712694877506,127.65033407572383,759.2084277533528,289.0180678454272,38.068342931951975,119596844.0
1106,1106,10,8,smart,594,381,64.14141414141415,654.3595800524935,119.21784776902886,381.7104370332501,214.05224667569223,56.07712703361227,481660159.0
1107,1107,10,8,basic,527,352,66.79316888045541,612.53125,116.88920454545456,380.6766201391748,193.8227721477544,50.91533388020865,572435721.0
1108,1108,10,4,basic,571,358,62.6970227670753,670.4050279329609,128.6927374301676,381.6019778288551,215.33559796999668,56.429371565409625,720265055.0
1109,1109,5,8,smart,582,298,51.20274914089347,1019.479865771812,116.01006711409396,191.79685710510643,148.40511364557835,77.37619681862199,268048516.0
1110,1110,15,6,basic,582,418,71.8213058419244,454.4162679425837,120.4688995215311,569.7399327438982,239.732981395334,42.07761605207609,260244418.0
1111,1111,10,8,basic,562,388,69.03914590747331,618.9201030927835,118.70618556701032,381.3250620560627,221.13415584333865,57.99098403105414,655359215.0
1112,1112,10,8,basic,564,406,71.98581560283688,660.948275862069,119.0,381.3209737675351,219.867679592115,57.65947711183414,884281372.0
1113,1113,10,8,basic,513,351,68.42105263157895,594.1794871794872,118.997150997151,380.835213085072,202.9054740711653,53.2790737567221,671082961.0
1114,1114,20,8,smart,557,454,81.50807899461401,353.0726872246696,127.8920704845815,759.63823875728,298.0253359369741,39.23253474239589,383864777.0
1115,1115,15,8,basic,581,442,76.07573149741825,470.9977375565611,119.05882352941175,569.6109567731025,247.9958312601892,43.53775648297005,362523190.0
1116,1116,20,4,smart,588,473,80.4421768707483,375.1374207188161,137.63213530655392,760.4680369166241,310.8479913723806,40.87587857508615,70952804.0
1117,1117,10,8,smart,575,404,70.26086956521739,608.3811881188119,118.06188118811882,381.6592866121159,229.38714173616123,60.10259668312216,456738583.0
1118,1118,20,4,basic,560,436,77.85714285714286,441.4793577981652,127.09633027522936,758.2624375475867,268.9678698719473,35.471606735770486,433498721.0
1119,1119,5,8,smart,581,293,50.4302925989673,940.0887372013652,116.42320819112628,191.2364376268401,141.7078362851652,74.1008554874254,153044519.0
1120,1120,5,8,smart,540,270,50.0,1025.862962962963,117.64444444444445,191.1976316877044,138.8814070864186,72.6376189184512,597572982.0
1121,1121,15,4,basic,556,425,76.43884892086331,519.4376470588236,126.65411764705884,569.9067036123399,253.0578861436208,44.403388228216905,350929302.0
1122,1122,5,6,basic,534,268,50.187265917603,979.3171641791045,130.5410447761194,190.90278624846255,130.38683759200163,68.30012288154947,274970204.0
1123,1123,10,4,smart,561,363,64.70588235294117,676.404958677686,126.01928374655648,381.2934220601241,216.2097923358133,56.70430692657485,948896778.0
1124,1124,15,4,smart,593,450,75.88532883642496,588.7822222222222,124.7,571.5411900429378,277.42536944518935,48.53987328968318,530467456.0
1125,1125,15,8,smart,581,456,78.48537005163512,485.609649122807,120.42324561403508,570.4201022081093,264.0180528617111,46.28484372126635,362523190.0
1126,1126,20,4,smart,584,491,84.07534246575342,430.5519348268839,133.65376782077394,759.8652008426733,317.10548216162533,41.73180740609816,274970204.0
1127,1127,5,4,basic,583,281,48.19897084048028,1114.2775800711745,126.64768683274022,191.02350796698607,140.6090866495543,73.60826326875711,530467456.0
1128,1128,20,4,basic,579,474,81.86528497409327,459.0822784810127,131.7594936708861,758.943617483216,298.6174010909014,39.34645396731402,530467456.0
1129,1129,10,6,basic,546,360,65.93406593406593,717.6361111111111,118.58055555555556,381.1532580254003,200.7097093009543,52.65853172572879,350929302.0
1130,1130,5,8,basic,571,279,48.86164623467601,1002.1146953405018,122.60573476702508,191.33773905620487,141.56106699784831,73.98491677392778,447450854.0
1131,1131,20,8,smart,556,457,82.19424460431655,383.5229759299781,123.96936542669584,758.8502463539767,278.22806640122616,36.66442328219824,653495709.0
1132,1132,5,8,smart,543,273,50.27624309392266,1047.4578754578754,113.83150183150182,191.3466767702912,139.19662716804228,72.74577720267688,228056230.0
1133,1133,5,6,basic,532,261,49.06015037593985,935.4367816091954,122.01532567049809,191.22071120843725,132.37520775766873,69.22639651380396,48265950.0
1134,1134,10,8,basic,555,383,69.009009009009,571.3446475195823,119.5195822454308,381.3668694439128,216.3813303002904,56.73836602948893,383864777.0
1135,1135,15,4,smart,577,464,80.4159445407279,480.5215517241379,129.23275862068965,571.3549107325157,286.1885991978546,50.08946170269919,274970204.0
1136,1136,15,8,basic,564,430,76.24113475177306,422.2348837209302,120.31162790697674,569.7948815489162,249.71775877939967,43.82590417459931,173249261.0
1137,1137,15,4,basic,532,385,72.36842105263158,461.94545454545454,122.9896103896104,569.1660968401305,227.76340223869545,40.01703606437234,48265950.0
1138,1138,10,4,smart,559,369,66.01073345259391,673.7235772357724,124.0921409214092,381.1226784028272,209.9185141262176,55.07898795367525,922285065.0
1139,1139,20,6,smart,529,435,82.23062381852552,316.79540229885055,128.29655172413794,758.8939539984028,275.2534139769963,36.270339554922266,549004394.0
1140,1140,5,6,basic,548,292,53.28467153284672,1017.7328767123288,119.24657534246576,191.12143057761705,137.26262170930187,71.81958679069098,532925674.0
1141,1141,20,8,basic,538,448,83.27137546468401,339.1674107142857,119.35491071428572,758.192950428684,268.64739755549994,35.43258973901116,532925674.0
1142,1142,20,6,smart,555,456,82.16216216216216,376.6030701754386,127.53070175438596,758.8680493155637,279.3012786930283,36.80498591882145,534967818.0
1143,1143,15,4,smart,559,438,78.35420393559929,571.5091324200913,130.3082191780822,570.6568111367334,265.9526875165628,46.60466366585408,979009661.0
1144,1144,15,8,smart,573,436,76.09075043630017,398.6422018348624,123.0,570.4497393369903,261.5268346374489,45.84572778338203,34346284.0
1145,1145,15,4,basic,580,434,74.82758620689656,555.147465437788,127.78110599078342,570.013321153892,265.9837801441089,46.662730549116176,671082961.0
1146,1146,20,6,basic,558,451,80.82437275985663,468.0975609756098,129.26607538802662,758.5421526312667,280.926073043893,37.03499826204825,274970204.0
1147,1147,5,4,basic,556,281,50.53956834532374,908.4199288256228,121.18505338078292,191.28968959946093,139.467134189508,72.90886115270324,738646825.0
1148,1148,15,4,smart,550,451,82.0,604.170731707317,134.67849223946786,570.9770281259644,274.66467023159925,48.104329369097655,272813683.0
1149,1149,5,6,smart,536,257,47.94776119402985,979.9571984435796,125.99610894941634,191.4975243050785,133.01726741988958,69.46161205090938,62156218.0
1150,1150,15,6,basic,574,400,69.68641114982579,387.4425,120.87,569.660369838566,234.6331159414541,41.1882462541577,153354925.0
1151,1151,10,6,smart,565,398,70.4424778761062,822.1331658291457,124.36180904522612,381.20810001375264,215.0011507679922,56.39994290788567,173249261.0
1152,1152,10,8,basic,580,379,65.3448275862069,557.7387862796834,114.03693931398416,381.1734736952069,209.93347931039983,55.07557419335701,268048516.0
1153,1153,15,6,smart,574,433,75.43554006968641,426.99769053117785,123.37182448036953,570.4484647562022,252.7607036518214,44.30912155401208,470148314.0
1154,1154,10,6,basic,567,374,65.96119929453262,616.6283422459893,120.1711229946524,380.8879449007768,205.70658527032737,54.00711364701106,597572982.0
1155,1155,5,8,basic,567,294,51.85185185185185,1044.4761904761904,116.97278911564626,191.3401551611311,143.0113874324363,74.74196271660998,305489378.0
1156,1156,10,6,basic,559,356,63.68515205724508,672.0926966292135,124.49719101123596,380.7553382447741,197.6377632136115,51.906760946463,358368805.0
1157,1157,15,6,smart,554,426,76.89530685920577,417.8286384976526,123.89671361502349,570.213425833662,248.6550353861334,43.607362457766655,485221178.0
1158,1158,15,8,basic,547,407,74.40585009140767,373.3832923832924,120.17444717444718,569.5503995411065,237.8412270598696,41.7594697943327,350929302.0
1159,1159,20,4,smart,565,472,83.53982300884955,450.6970338983051,135.2521186440678,759.4516647765332,303.79911014485407,40.00242862516421,447450854.0
1160,1160,20,6,smart,505,421,83.36633663366337,395.24465558194777,131.14014251781472,758.58660408182,274.8118570015953,36.22682703898031,533011683.0
1161,1161,15,8,basic,579,449,77.54749568221071,457.1714922048998,121.65033407572383,570.5046607672623,262.0171440123828,45.92725739698607,481403749.0
1162,1162,15,6,smart,545,435,79.81651376146789,432.1402298850575,126.62298850574712,569.7371622320193,256.2550734492321,44.97777052936473,852052273.0
1163,1163,15,6,basic,533,398,74.671669793621,536.2211055276382,125.00251256281408,569.808467393302,231.90511004681784,40.69878271688594,62156218.0
1164,1164,15,6,smart,523,414,79.1586998087954,455.2632850241546,127.40096618357488,570.1268161714814,245.55135139368892,43.06960213564706,530467456.0
1165,1165,15,4,smart,575,408,70.95652173913042,538.5490196078431,129.0906862745098,570.3424825394002,259.71045789606546,45.53587815161993,470148314.0
1166,1166,20,4,basic,560,444,79.28571428571428,367.740990990991,133.0045045045045,755.3823601810983,287.5469409663476,38.06640929467959,805309175.0
1167,1167,20,8,basic,581,448,77.10843373493977,363.7767857142857,117.20758928571428,757.9361809140719,258.81903314474823,34.14786622702352,153044519.0
1168,1168,10,6,smart,577,386,66.89774696707106,740.0777202072538,121.01813471502592,381.1366840387476,208.5604820174536,54.72065291837682,62156218.0
1169,1169,10,6,smart,540,353,65.37037037037037,651.9745042492918,124.73654390934844,381.4058982006248,202.69045883829287,53.14297964308745,676261138.0
1170,1170,20,4,basic,588,450,76.53061224489795,375.53333333333336,128.8711111111111,758.0595135943665,275.50226327136545,36.34309158196057,260244418.0
1171,1171,10,8,smart,547,396,72.39488117001828,758.25,125.35858585858584,381.5331740494364,218.4856445593692,57.26517624678669,549004394.0
1172,1172,5,4,basic,571,279,48.86164623467601,954.1397849462364,122.68458781362008,191.4876380819188,139.72382587205726,72.96754363447896,770142391.0
1173,1173,10,4,smart,568,366,64.43661971830986,687.3770491803278,125.6830601092896,381.3535892171173,216.8528292557378,56.86398014528093,447450854.0
1174,1174,20,4,basic,562,459,81.67259786476868,397.8235294117647,129.26797385620915,759.0839192413061,282.70142735569425,37.24244713789358,194642212.0
1175,1175,10,4,smart,561,392,69.87522281639929,652.0714285714286,123.5280612244898,381.7375807809368,229.36670047461376,60.08491487932327,112043825.0
1176,1176,20,6,smart,542,443,81.73431734317343,328.20541760722347,123.86230248306998,758.4796084053601,274.3290227910173,36.16827924586807,597572982.0
1177,1177,5,4,basic,553,285,51.5370705244123,1085.9719298245614,126.11578947368422,191.44308988570603,143.7611463481756,75.0934110152541,272813683.0
1178,1178,10,4,basic,578,377,65.22491349480968,688.5411140583554,123.16710875331565,381.3179820566369,216.6015134834749,56.80338291817123,119596844.0
1179,1179,20,8,basic,586,463,79.01023890784982,332.1663066954644,120.67818574514038,758.7435156100031,283.3431935000892,37.343738387311454,316514901.0
1180,1180,20,8,smart,524,447,85.30534351145039,327.09395973154363,122.74720357941834,758.0628368648062,270.1365338015805,35.63511105739075,572435721.0
1181,1181,10,8,basic,560,346,61.78571428571429,554.7427745664739,121.9884393063584,381.1804469960212,202.44496311821467,53.11000727178637,390126418.0
1182,1182,10,4,smart,552,394,71.37681159420289,810.0253807106599,123.5964467005076,381.1939465693569,216.0773809481504,56.68436838852997,597572982.0
1183,1183,20,4,smart,564,472,83.68794326241135,358.74152542372883,128.78177966101694,759.3376770486424,305.54686699077126,40.23860216950597,852052273.0
1184,1184,10,6,smart,581,369,63.51118760757315,594.1626016260162,122.6558265582656,381.0313560129241,208.2207608675729,54.64662096221558,260244418.0
1185,1185,10,4,smart,610,417,68.36065573770492,684.853717026379,129.16786570743406,381.5742883350511,233.94337098720968,61.3100458125705,358368805.0
1186,1186,15,8,basic,564,441,78.19148936170212,470.60770975056687,117.20861678004536,569.7079451946388,247.33321601047007,43.41403662993845,305489378.0
1187,1187,10,8,basic,566,377,66.6077738515901,658.3395225464191,117.08753315649868,381.104680604748,213.0522346153852,55.90386197233468,112043825.0
1188,1188,10,4,basic,545,324,59.44954128440367,603.6296296296297,118.4320987654321,380.6195629756507,190.82269034887076,50.13475630549189,315111282.0
1189,1189,15,6,smart,574,426,74.21602787456446,417.36619718309856,125.40610328638498,570.1299424835482,253.70143167084723,44.49887872327774,153354925.0
1190,1190,15,8,smart,579,464,80.13816925734024,400.0086206896552,124.3728448275862,570.8334327801225,276.7229737426095,48.47700885263312,481403749.0
1191,1191,5,8,basic,601,294,48.91846921797005,924.6020408163264,121.38095238095238,191.3626718702997,146.02178620781757,76.30630612577727,116942809.0
1192,1192,20,6,basic,581,452,77.79690189328744,443.83185840707966,124.08849557522124,758.1504900638095,272.849038688714,35.98877033842579,481660159.0
1193,1193,10,8,basic,562,392,69.7508896797153,569.2219387755102,115.3545918367347,381.8145082547565,219.65287848316157,57.528688338004045,534967818.0
1194,1194,20,8,basic,571,457,80.03502626970229,377.96498905908095,123.58862144420132,758.1119057436409,281.4237537546984,37.121663915651936,34346284.0
1195,1195,10,6,basic,546,358,65.56776556776556,604.6396648044692,119.7346368715084,380.9168729803406,193.71264186455247,50.85430853953012,433448262.0
1196,1196,15,4,basic,529,396,74.85822306238185,445.9419191919192,129.55050505050505,569.5362163307872,237.69972423129204,41.7356644609297,485221178.0
1197,1197,10,4,smart,562,356,63.345195729537366,720.0028089887641,122.56741573033707,381.3695017456181,207.59294616314725,54.433546786763344,260244418.0
1198,1198,5,4,smart,596,289,48.48993288590604,1059.6228373702422,133.14878892733563,191.4298447411713,145.60471890136932,76.06166065601667,62156218.0
1199,1199,15,4,basic,582,442,75.94501718213058,450.84615384615387,123.02036199095022,570.4874054670448,264.727549590131,46.40375003080124,532925674.0
1200,1200,15,6,basic,535,404,75.51401869158877,494.5222772277228,121.1509900990099,550.6677563326266,231.69712435356516,42.07566571477454,433498721.0
1201,1201,5,4,basic,563,260,46.18117229129663,1035.069230769231,126.68846153846154,191.5369137713981,142.9641941604678,74.6405438750556,948896778.0
1202,1202,10,8,basic,603,408,67.66169154228857,567.3480392156863,116.99019607843135,380.9412864584972,217.6553437211511,57.13619170676692,173249261.0
1203,1203,5,4,smart,556,279,50.17985611510791,1079.032258064516,138.08960573476702,191.6577974007133,147.24521260327606,76.82714431671127,738646825.0
1204,1204,20,6,smart,585,460,78.63247863247864,357.1521739130435,125.82608695652172,758.3457506814402,286.20531654882524,37.74074243729125,770142391.0
1205,1205,10,8,smart,592,406,68.58108108108108,624.2118226600985,121.58128078817734,381.4405238148037,224.61714254686345,58.88654417219684,676261138.0
1206,1206,20,6,basic,533,408,76.54784240150094,398.6936274509804,129.99019607843138,720.7836923443327,250.6285990319376,34.771680005241755,676261138.0
1207,1207,5,8,smart,576,285,49.47916666666667,920.7929824561404,116.6877192982456,191.64042356239148,144.70135349892763,75.5066967652667,34346284.0
1208,1208,15,6,basic,579,422,72.88428324697755,449.01421800947867,124.44312796208531,569.8829463450232,255.006868615232,44.74723629663479,805309175.0
1209,1209,20,4,smart,548,449,81.93430656934306,349.9576837416481,129.89086859688197,759.0125865120422,284.17817006907165,37.44050824966958,708741215.0
1210,1210,15,6,smart,565,441,78.05309734513274,461.7709750566893,127.4421768707483,570.3723573507535,262.33410745957923,45.993481990968135,653495709.0
1211,1211,20,6,smart,533,445,83.48968105065666,363.62696629213485,131.5752808988764,759.0293024975748,295.64332217823,38.95018561278464,70952804.0
1212,1212,5,4,smart,549,263,47.90528233151184,1032.3307984790874,129.52471482889734,191.4207740964932,142.21125671805808,74.29248857094836,187959148.0
1213,1213,20,8,smart,586,490,83.61774744027304,376.7040816326531,124.82244897959184,759.460362919511,302.3549096365893,39.81180906851796,316514901.0
1214,1214,20,6,smart,551,438,79.491833030853,325.851598173516,128.9794520547945,758.8427437747362,278.58344293442644,36.71161715913098,485221178.0
1215,1215,5,6,basic,534,282,52.80898876404494,1083.8156028368794,126.75886524822695,191.22352044779103,139.1024716957845,72.74339023256454,549004394.0
1216,1216,20,6,basic,573,453,79.05759162303664,414.8079470198675,126.06843267108168,758.2901617846934,273.03783731712565,36.00703939960271,805309175.0
1217,1217,20,8,smart,534,449,84.08239700374533,289.4053452115813,128.97550111358575,758.6430633680076,282.61770366213506,37.25305315617722,738646825.0
1218,1218,20,8,basic,588,457,77.72108843537416,377.2166301969365,123.5601750547046,758.6005241719058,277.0628777012274,36.522895631224536,48265950.0
1219,1219,5,4,smart,577,273,47.31369150779896,945.7912087912088,122.6080586080586,191.29739662458675,137.77669439367688,72.02225269382937,48265950.0
1220,1220,5,4,basic,553,262,47.37793851717903,1034.854961832061,117.06106870229009,191.34484296187787,132.11487832988746,69.04543455932546,708741215.0
1221,1221,15,6,smart,553,414,74.86437613019892,491.1062801932367,128.82850241545893,570.8890647325593,258.95091994171463,45.35923631030202,70952804.0
1222,1222,5,8,smart,585,297,50.76923076923077,920.8282828282828,116.28619528619528,191.09029845278536,140.09545275921957,73.31374428400633,153354925.0
1223,1223,5,4,basic,589,271,46.01018675721562,932.7675276752768,126.0959409594096,191.4317805970616,141.7084286853848,74.02555011681274,70952804.0
1224,1224,10,4,basic,562,355,63.16725978647687,718.0028169014084,124.18591549295776,381.2078666686861,205.7565174324696,53.97488756739008,260244418.0
1225,1225,10,6,smart,570,368,64.56140350877193,632.0271739130435,116.85326086956522,380.9735482112817,201.3920160044331,52.86246694816312,34346284.0
1226,1226,15,6,smart,577,453,78.50953206239168,450.6512141280353,125.73509933774834,571.0493309107244,265.83465327010606,46.55195950341909,390126418.0
1227,1227,20,4,basic,548,456,83.21167883211679,373.390350877193,131.00877192982455,759.0334683442745,290.91982390872784,38.32766749315136,173249261.0
1228,1228,10,4,smart,594,403,67.84511784511784,642.8734491315137,126.2059553349876,381.90507699993066,234.47991972093308,61.39743455701052,316514901.0
1229,1229,5,4,basic,560,249,44.46428571428571,1075.3253012048192,121.8835341365462,191.47389233534915,138.1894833647594,72.17144942284511,720265055.0
1230,1230,5,8,basic,541,289,53.41959334565619,880.0553633217993,115.401384083045,191.4602415833229,142.56837242479497,74.46369608948271,532925674.0
1231,1231,15,4,basic,562,419,74.55516014234875,520.0119331742244,123.87112171837708,570.1490111241178,246.90072705300284,43.304596208315466,770142391.0
1232,1232,20,8,basic,556,422,75.89928057553958,328.39336492890993,117.26540284360188,746.6087421961998,251.1793367640224,33.64269965888177,653495709.0
1233,1233,5,8,smart,588,278,47.27891156462585,979.5179856115108,110.3273381294964,190.9394850764481,136.33076349046058,71.39998488834127,112043825.0
1234,1234,15,6,smart,581,427,73.49397590361446,477.8758782201405,119.23653395784544,569.7789129836133,243.94738205828216,42.81439282841589,194642212.0
1235,1235,15,6,smart,556,437,78.59712230215827,473.3432494279176,121.8192219679634,570.3202135510992,251.67085881213472,44.12799210554119,534967818.0
1236,1236,20,6,basic,520,421,80.96153846153847,379.6603325415677,126.32779097387171,757.7272995798384,253.6855607019582,33.47979686658082,433498721.0
1237,1237,10,4,smart,559,368,65.83184257602862,641.1114130434783,127.16576086956522,381.56133184801513,216.1851896146102,56.65804461043287,228056230.0
1238,1238,15,8,basic,602,442,73.421926910299,510.8733031674208,122.789592760181,569.7539406047104,257.0689094695145,45.11928591431478,979009661.0
1239,1239,20,4,smart,560,449,80.17857142857143,365.0489977728285,136.1358574610245,759.3704684786268,293.7886852060928,38.68845279099259,948896778.0
1240,1240,10,6,basic,583,372,63.80789022298457,601.4543010752689,116.31989247311829,380.7198672728552,206.4357871079749,54.22248872555579,194642212.0
1241,1241,15,8,smart,564,435,77.12765957446808,448.5816091954023,122.34482758620688,570.1267581663725,260.4003833434337,45.67412064308768,173249261.0
1242,1242,10,6,smart,544,391,71.875,667.9897698209719,130.1764705882353,381.3901862338616,220.8920810533688,57.91761010806968,783435377.0
1243,1243,10,8,smart,533,359,67.3545966228893,623.958217270195,120.24512534818942,380.9219734377871,204.734724655333,53.74715530522438,783435377.0
1244,1244,5,6,basic,583,267,45.79759862778731,906.9288389513108,115.70786516853931,191.11867488933447,132.8044196959146,69.48793453743532,367405145.0
1245,1245,10,6,basic,536,358,66.7910447761194,689.5055865921788,118.3659217877095,363.3721222182245,195.76179970433677,53.87364295017967,433498721.0
1246,1246,10,8,basic,558,380,68.10035842293907,583.0342105263157,118.82368421052632,381.4987107439658,217.2435785318475,56.94477397006084,460669441.0
1247,1247,10,6,smart,579,384,66.32124352331607,678.9869791666666,131.984375,381.7563251437172,223.6607835435119,58.58731573322638,305489378.0
1248,1248,20,6,basic,525,407,77.52380952380953,362.10565110565113,124.44226044226043,757.523335424417,243.8711378056293,32.19321787215912,119596844.0
1249,1249,15,4,basic,569,423,74.34094903339191,493.0851063829787,133.55555555555554,570.7615971438923,267.0085812634787,46.781104860522746,720265055.0
1250,1250,10,6,basic,522,335,64.17624521072797,560.8,124.08955223880596,380.8120396956089,194.27170351430155,51.01511592689848,601135142.0
1251,1251,15,8,basic,524,396,75.57251908396947,390.7171717171717,120.4949494949495,569.5924028821264,236.7815755034768,41.570353520406286,48265950.0
1252,1252,10,6,smart,567,375,66.13756613756614,640.9653333333333,118.032,380.60464954003805,194.34793936879723,51.06294408217749,187959148.0
1253,1253,20,6,basic,544,408,75.0,310.953431372549,118.74509803921568,757.8319360357536,244.04124897573013,32.202555391412865,655359215.0
1254,1254,15,4,basic,580,429,73.9655172413793,430.86713286713285,122.7062937062937,569.9491472730448,254.8038220496472,44.70641341754279,456738583.0
1255,1255,20,4,smart,573,466,81.32635253054102,414.3218884120172,130.4420600858369,759.3493788735469,297.62150342241966,39.19427758852253,367405145.0
1256,1256,5,4,basic,533,241,45.21575984990619,931.9253112033196,115.18672199170123,191.20834381715557,127.83141583074678,66.85451757951869,485221178.0
1257,1257,5,6,smart,573,280,48.86561954624782,946.4107142857144,126.39642857142856,191.86121809657777,147.79536523483193,77.03243349598445,460669441.0
1258,1258,15,8,basic,595,444,74.6218487394958,432.8986486486487,125.33333333333331,570.8296430003886,264.271296118469,46.29600080497031,720265055.0
1259,1259,10,4,smart,552,379,68.65942028985508,685.2612137203166,124.35883905013192,381.2689122646423,210.7380317706983,55.27280745733161,549004394.0
1260,1260,20,4,smart,555,461,83.06306306306305,372.531453362256,134.25596529284164,759.4607719229247,293.6221673781869,38.6619267555778,350929302.0
1261,1261,5,8,smart,502,260,51.79282868525896,1064.6307692307691,118.08076923076923,191.23404315853776,135.0059605255257,70.59724215191247,755568905.0
1262,1262,20,8,basic,577,485,84.05545927209705,306.1113402061856,124.30103092783506,759.0165857429361,296.3554068025407,39.04465493497272,268048516.0
1263,1263,5,8,smart,577,298,51.64644714038128,963.5805369127517,122.05369127516778,191.55000814978348,142.41448808726645,74.34846360116296,530467456.0
1264,1264,10,6,smart,506,359,70.94861660079052,591.7855153203343,124.53760445682452,380.70991605553456,200.6605200533003,52.706932914253215,292906152.0
1265,1265,5,6,basic,548,268,48.9051094890511,906.8097014925372,121.88805970149254,191.26021833957304,132.73460396475076,69.40000650270464,433448262.0
1266,1266,15,6,basic,504,389,77.18253968253968,419.9023136246786,122.60925449871463,569.0013859253805,227.0456711308695,39.90248121480754,292906152.0
1267,1267,20,6,smart,554,438,79.06137184115524,371.365296803653,126.5662100456621,758.8941049503065,274.7683012087413,36.20640869607671,442685285.0
1268,1268,10,4,basic,606,382,63.03630363036304,629.1753926701571,121.67539267015708,381.0480215735013,215.42817119001265,56.535701274716665,116942809.0
1269,1269,10,8,basic,589,418,70.96774193548387,769.8325358851674,122.52392344497608,380.9652077976713,217.6594737079363,57.13368813026468,433498721.0
1270,1270,5,8,basic,581,279,48.02065404475043,1007.9928315412186,110.50537634408602,190.87606461294516,131.1973095995709,68.73429094717052,153044519.0
1271,1271,20,8,smart,572,475,83.04195804195804,367.88631578947366,126.23789473684212,758.9137410569062,291.6387531304859,38.428445467904325,358368805.0
1272,1272,10,6,basic,525,337,64.19047619047619,589.700296735905,123.02077151335313,380.6572094943576,194.38566291589075,51.065803580628646,530467456.0
1273,1273,15,8,basic,567,441,77.77777777777779,458.55102040816325,122.3424036281179,570.0745940168769,250.5033496555509,43.94220550865925,597572982.0
1274,1274,20,6,basic,572,451,78.84615384615384,319.05543237250555,127.5720620842572,758.3962451800273,279.9052660906595,36.90752266636234,590926899.0
1275,1275,5,4,smart,563,260,46.18117229129663,1007.9576923076924,130.5730769230769,191.59024404919344,142.05768025127048,74.14661480090562,948896778.0
1276,1276,10,6,smart,531,361,67.984934086629,605.4265927977839,124.7645429362881,381.3056000469239,214.6310730960558,56.28846601509212,48265950.0
1277,1277,10,6,basic,521,358,68.71401151631477,689.9357541899441,120.05307262569832,381.2691016662683,204.78460628256985,53.711304007483264,534967818.0
1278,1278,5,6,smart,557,290,52.06463195691203,1040.8896551724138,123.07241379310344,191.44489626157448,142.6799366592566,74.52793960321121,305489378.0
1279,1279,5,8,basic,549,289,52.64116575591985,993.9480968858132,125.78892733564014,191.4746606225598,147.7704927982936,77.17496002752182,119596844.0
1280,1280,20,8,smart,545,462,84.77064220183486,395.8333333333333,129.97186147186147,759.1962508001989,292.8210308304013,38.569873141729246,158944640.0
1281,1281,20,6,basic,559,429,76.74418604651163,396.6713286713287,126.64801864801863,757.9016833589574,259.0860958386868,34.184657657763566,456738583.0
1282,1282,5,8,basic,591,288,48.73096446700508,1038.1215277777778,118.70486111111111,191.6115444272806,140.22393305828754,73.18135944126509,590926899.0
1283,1283,15,6,basic,551,419,76.04355716878402,573.8377088305489,124.09069212410502,569.5221704863236,239.7871668537445,42.10321902815243,572435721.0
1284,1284,10,8,basic,599,388,64.77462437395658,571.0128865979382,117.20618556701032,380.8706708196917,208.0227282140563,54.61768105335065,260244418.0
1285,1285,10,8,basic,581,381,65.57659208261619,625.9790026246719,118.40682414698163,381.60893949029537,219.77912195270216,57.59276033896248,274970204.0
1286,1286,20,4,basic,571,444,77.75831873905429,403.4054054054054,129.11261261261262,758.5226156242167,275.9528155892297,36.38030164231,572435721.0
1287,1287,10,6,smart,564,387,68.61702127659575,699.3049095607236,123.74418604651164,381.6592054504284,215.73469473486784,56.525479185091584,116942809.0
1288,1288,15,4,smart,562,419,74.55516014234875,493.3007159904535,127.63484486873509,570.6027012113609,260.3284769419765,45.6234217590124,805309175.0
1289,1289,5,8,smart,581,279,48.02065404475043,988.6093189964158,120.62724014336918,191.3457417060781,140.6001345625297,73.47962557667074,878640559.0
1290,1290,20,8,smart,599,485,80.96828046744574,408.42886597938144,130.97525773195875,759.5943047548926,305.9160379669405,40.273608695059146,390126418.0
1291,1291,10,6,smart,531,380,71.56308851224105,639.9947368421052,121.84473684210526,381.4641326526179,214.69917739702004,56.28292649797744,268048516.0
1292,1292,15,6,smart,543,438,80.66298342541437,467.1803652968037,128.6917808219178,570.6380073340891,273.0285333228255,47.84618791839019,383864777.0
1293,1293,20,8,basic,581,452,77.79690189328744,355.3783185840708,120.16150442477876,757.7394677386402,271.8807562748692,35.88050614365601,173249261.0
1294,1294,5,4,smart,584,288,49.31506849315068,946.1875,127.55902777777776,191.5954812586297,147.22089026543526,76.83943759962985,532925674.0
1295,1295,15,8,basic,593,463,78.07757166947724,485.6522678185745,125.50539956803456,569.7887890671093,266.6599016528381,46.79978033429349,470148314.0
1296,1296,20,8,basic,556,456,82.01438848920863,387.1469298245614,120.27631578947368,741.3770608772676,262.00973795818686,35.34095560606531,590926899.0
1297,1297,5,8,smart,588,298,50.68027210884354,980.6812080536912,122.55704697986576,191.54071350989992,145.96539293578445,76.20593567865149,770142391.0
1298,1298,10,8,smart,538,369,68.58736059479554,587.5094850948509,116.19783197831978,381.28657308918827,207.8882251379304,54.52282870954976,597572982.0
1299,1299,15,4,basic,539,388,71.98515769944342,461.7474226804124,124.86340206185568,569.436488229549,229.5191832737349,40.306370950575975,755568905.0
1300,1300,5,4,smart,556,280,50.35971223021583,1058.7642857142855,125.41428571428573,191.64626863840311,147.04316671096583,76.72633949811247,194642212.0
1301,1301,10,8,basic,595,399,67.05882352941175,689.2907268170426,112.30075187969923,380.8514545611848,208.6191562203453,54.77704068656251,358368805.0
1302,1302,10,6,smart,567,381,67.1957671957672,585.4120734908137,120.72703412073491,381.2823447143247,212.90303996527027,55.83868304334616,597572982.0
1303,1303,10,4,basic,547,366,66.91042047531994,682.0737704918033,128.04918032786884,381.1587922453486,212.95262982667043,55.86979341922006,187959148.0
1304,1304,10,8,smart,573,400,69.80802792321117,664.15,123.72,381.5598093225454,225.69334348107108,59.15018772071063,447450854.0
1305,1305,20,4,smart,548,473,86.3138686131387,331.7420718816068,133.6723044397463,759.7395902346318,314.2977785129947,41.36914576426504,173249261.0
1306,1306,10,8,smart,574,404,70.38327526132404,656.6806930693069,115.2450495049505,381.0489104545582,212.89480565123276,55.870729402497886,770142391.0
1307,1307,15,6,smart,561,438,78.07486631016043,545.7534246575342,125.57990867579908,569.9891149729328,249.44054826530208,43.76233540479932,272813683.0
1308,1308,10,8,basic,589,392,66.553480475382,682.7066326530612,113.71428571428572,381.0014289145978,214.74107169204484,56.36227462553152,316514901.0
1309,1309,15,4,smart,593,472,79.59527824620574,494.3686440677966,129.42372881355934,571.1912985570715,287.0677803109962,50.257729947248734,316514901.0
1310,1310,10,8,smart,549,401,73.04189435336977,619.2443890274315,121.15461346633415,381.0417111106688,217.942596283486,57.19651941731579,158944640.0
1311,1311,5,8,smart,565,288,50.97345132743363,1032.5208333333333,123.71527777777776,191.00117965628115,139.4669590740443,73.01889932042515,601135142.0
1312,1312,10,8,smart,602,404,67.109634551495,603.0049504950495,126.9158415841584,381.7871241719391,224.0735011750754,58.69069096058964,62156218.0
1313,1313,15,8,basic,563,451,80.10657193605684,417.20177383592016,124.57649667405764,570.3931427064148,261.85546735349925,45.90789189909284,119596844.0
1314,1314,20,6,smart,563,446,79.21847246891652,384.3991031390135,126.6457399103139,758.2826341464034,275.52708704783703,36.33567150828887,720265055.0
1315,1315,15,8,basic,564,423,75.0,459.6264775413712,121.82742316784868,569.7125292179848,248.2398013069098,43.57281761867795,260244418.0
1316,1316,20,4,smart,542,447,82.47232472324724,420.3422818791946,132.5525727069351,759.1384071090648,285.96767094144377,37.67003069051136,315111282.0
1317,1317,20,6,basic,584,440,75.34246575342466,419.325,123.95,757.7672253460042,265.2568061154113,35.005051319591225,194642212.0
1318,1318,5,6,smart,547,260,47.53199268738574,947.1807692307692,120.80384615384617,191.31130130360344,133.19893504350418,69.62418536483777,358368805.0
1319,1319,10,6,basic,613,381,62.15334420880914,586.2073490813648,118.6246719160105,381.39085997181553,212.6990659097692,55.76931390686381,884281372.0
1320,1320,5,8,smart,567,283,49.91181657848324,912.512367491166,120.60777385159012,191.264711612737,141.42501270327176,73.94203118326496,305489378.0
1321,1321,20,8,smart,586,495,84.47098976109216,400.1030303030303,127.11111111111111,759.515903930153,305.78361861096374,40.260331222647366,442685285.0
1322,1322,5,6,smart,514,262,50.97276264591439,1044.7213740458014,131.95419847328245,191.2375450091862,140.7038860532054,73.575450911821,158944640.0
1323,1323,15,8,smart,587,460,78.36456558773425,457.9021739130435,119.8913043478261,570.4948078862986,265.28607195021067,46.50104931420918,316514901.0
1324,1324,20,4,basic,544,446,81.98529411764706,375.8497757847534,128.55829596412556,758.6282910322662,279.20120664213016,36.80342665078056,110158532.0
1325,1325,5,6,smart,530,260,49.0566037735849,990.0346153846152,125.94615384615383,191.3367764279904,140.1462821308218,73.2458677036225,173249261.0
1326,1326,15,4,smart,556,445,80.03597122302159,503.570786516854,131.4426966292135,570.9576199452391,266.7295945179601,46.71618088634008,350929302.0
1327,1327,15,8,basic,565,427,75.57522123893806,425.519906323185,118.51288056206089,569.5155301896117,245.47484072331167,43.10239628436199,292906152.0
1328,1328,15,6,basic,543,406,74.76979742173113,495.10591133004925,121.38669950738915,569.9544573296629,240.3319742255412,42.16687335888886,383864777.0
1329,1329,20,6,basic,539,426,79.0352504638219,353.2957746478873,122.93661971830986,757.4556984150014,258.55704263090763,34.1349392673322,153044519.0
1330,1330,10,4,basic,550,363,66.0,622.9504132231405,125.46280991735536,381.1736841188467,208.16433803281765,54.61141382675142,350929302.0
1331,1331,5,8,smart,555,297,53.51351351351351,1067.8720538720538,127.15488215488216,191.1515298958166,146.0634619805601,76.41239495188408,316514901.0
1332,1332,15,8,basic,558,401,71.86379928315412,375.1620947630923,119.2418952618454,569.4668393032332,236.24826935873224,41.4858694226677,8501172.0
1333,1333,10,4,smart,596,388,65.1006711409396,652.979381443299,132.08247422680412,381.7594746243597,232.8694921914632,60.99900792785825,70952804.0
1334,1334,5,6,smart,564,283,50.177304964539005,1101.8551236749115,122.26855123674912,191.0888943272063,138.57496604871878,72.51858698362312,272813683.0
1335,1335,15,4,smart,566,440,77.73851590106007,417.4227272727273,124.04772727272729,571.2351441380266,272.9656226491215,47.78515913285007,930593199.0
1336,1336,20,4,smart,573,484,84.46771378708551,426.7768595041322,134.97727272727272,759.7506322791492,315.5110578046887,41.52823892468482,720265055.0
1337,1337,10,4,smart,585,366,62.56410256410256,679.2377049180328,129.47267759562845,381.4696860471532,215.70942371657944,56.54693717652725,390126418.0
1338,1338,20,8,basic,560,439,78.39285714285714,392.71981776765375,124.35763097949886,757.4137456632778,257.9745399996696,34.05992318950559,481660159.0
1339,1339,10,4,basic,534,369,69.10112359550563,660.0623306233063,124.64769647696475,381.0532246953478,212.73568300864792,55.82833820097709,481660159.0
1340,1340,10,8,smart,589,417,70.79796264855688,706.1678657074341,120.45563549160671,381.8668432247815,230.26215364081628,60.2990696171218,316514901.0
1341,1341,10,8,basic,598,401,67.05685618729098,624.1820448877805,116.82044887780548,381.1386544178896,217.10805563030388,56.96301152185457,116942809.0
1342,1342,10,8,smart,564,418,74.11347517730496,662.8014354066986,119.98564593301435,381.5541570524572,226.84771624779705,59.4536088926976,884281372.0
1343,1343,5,4,smart,579,276,47.66839378238342,1010.2971014492754,116.5144927536232,191.3417336923985,137.39324280522078,71.80516249847227,884281372.0
1344,1344,10,8,smart,579,384,66.32124352331607,535.6588541666666,114.15364583333331,381.2891411454887,206.40926432882097,54.13457716333476,153044519.0
1345,1345,10,6,smart,522,353,67.62452107279694,600.6062322946176,125.53257790368272,381.4658634563593,207.620774995536,54.42709161819623,601135142.0
1346,1346,15,6,basic,565,404,71.50442477876106,508.0495049504951,119.00247524752476,569.0395490826103,230.2149940706774,40.45676516541312,597572982.0
1347,1347,20,6,basic,564,431,76.41843971631207,442.03480278422273,122.45475638051045,757.9340752671848,257.54012691788404,33.9792252811825,187959148.0
1348,1348,15,4,smart,548,412,75.18248175182481,423.69174757281553,129.98058252427185,571.0250078015443,266.56653587359017,46.68211238241136,8501172.0
1349,1349,15,4,smart,588,435,73.9795918367347,479.37471264367815,128.78850574712644,571.2619986198425,272.0525515191688,47.62307875833544,447450854.0
1350,1350,20,4,basic,567,438,77.24867724867724,342.7671232876712,128.95890410958904,758.4247678297504,272.9435060142065,35.98821103841855,884281372.0
1351,1351,10,6,smart,528,372,70.45454545454545,623.1129032258065,133.86827956989248,381.066572805762,205.00037831041507,53.79647361903567,119596844.0
1352,1352,5,4,smart,592,290,48.98648648648648,1095.8620689655172,122.22413793103448,191.7289593573235,148.32722933574107,77.3629762728253,534967818.0
1353,1353,20,8,smart,572,505,88.2867132867133,338.5128712871287,125.35841584158416,759.6133593332207,312.04243996684824,41.079114280027305,433448262.0
1354,1354,20,6,smart,543,443,81.58379373848987,326.9006772009029,127.99097065462756,758.0831830967006,282.13814459219776,37.21730687121818,852052273.0
1355,1355,20,6,basic,514,389,75.68093385214007,329.5655526992288,126.69408740359896,757.0989812106901,246.2191617505918,32.52139652293,601135142.0
1356,1356,10,6,basic,536,347,64.73880597014924,656.2363112391931,122.05475504322769,381.3278984177592,203.18123259729225,53.28255116930875,70952804.0
1357,1357,15,6,basic,566,421,74.38162544169612,526.0973871733967,123.4916864608076,570.4090117088327,249.7886805581101,43.79115256433144,433448262.0
1358,1358,5,6,basic,583,275,47.16981132075472,890.5345454545454,118.75272727272728,191.191078178572,135.77849407248482,71.01717055315103,260244418.0
1359,1359,15,8,smart,564,439,77.83687943262412,498.4829157175399,117.41913439635536,570.0672597676553,252.467145434286,44.287255777008674,112043825.0
1360,1360,5,4,basic,576,264,45.83333333333333,1050.253787878788,131.84848484848484,191.3664236430881,139.646601856288,72.97340839516276,367405145.0
1361,1361,15,4,smart,593,454,76.55986509274874,455.2687224669604,130.09911894273128,571.1669807985079,277.4845823916405,48.58204198073724,62156218.0
1362,1362,10,4,smart,543,380,69.9815837937385,601.5605263157895,125.59473684210526,381.9603895298985,228.3310129939395,59.77871508481813,383864777.0
1363,1363,10,8,basic,573,391,68.23734729493893,655.0485933503836,121.41176470588236,381.18554246441374,216.5243060543713,56.80286420479479,447450854.0
1364,1364,15,4,smart,552,429,77.71739130434783,508.1025641025641,125.23776223776224,570.7721615909136,253.7411104696797,44.4557614306954,305489378.0
1365,1365,20,6,basic,563,449,79.75133214920072,383.67037861915367,130.184855233853,757.8641233268721,275.1501162201942,36.30599572550553,720265055.0
1366,1366,5,8,smart,547,289,52.83363802559416,814.6574394463668,119.16608996539792,191.1789364968156,140.6346488707071,73.56179056527476,70952804.0
1367,1367,20,8,basic,548,466,85.03649635036497,368.9356223175965,124.82618025751071,758.4587236389351,289.5567430216886,38.17699421168928,720265055.0
1368,1368,5,8,smart,533,272,51.03189493433396,924.1286764705884,122.3345588235294,191.0382110159404,137.1271708451665,71.77997015148162,805309175.0
1369,1369,15,8,basic,584,426,72.94520547945206,525.1079812206573,121.73239436619718,569.6792930160391,248.7805849710761,43.67028747946291,62156218.0
1370,1370,5,4,smart,562,275,48.93238434163701,995.2836363636364,124.09454545454544,191.3273047085547,138.5282941371843,72.40382879390992,979009661.0
1371,1371,10,4,smart,545,369,67.70642201834862,716.5257452574526,125.4769647696477,381.397908387635,215.22574690677507,56.43076224949552,315111282.0
1372,1372,5,4,basic,598,273,45.65217391304348,932.117216117216,117.07326007326007,191.3155278656488,135.8851796791496,71.02673849588146,390126418.0
1373,1373,10,8,basic,572,368,64.33566433566433,485.4320652173913,111.85597826086956,380.5651955925931,198.28710464846503,52.10332078310639,878640559.0
1374,1374,10,6,basic,570,329,57.719298245614034,545.8480243161094,113.93313069908815,380.1095340443665,176.1087658412287,46.33105725274263,34346284.0
1375,1375,10,4,basic,583,377,64.6655231560892,560.4880636604775,123.50663129973476,380.9593385902507,213.73479937846216,56.10436015806648,153354925.0
1376,1376,20,4,basic,531,422,79.47269303201506,395.7109004739336,129.64218009478674,722.079936060498,267.4396219155772,37.03739829341697,676261138.0
1377,1377,20,8,smart,581,478,82.27194492254733,325.163179916318,121.11924686192468,758.770639647097,282.78361947475105,37.26865599415829,153044519.0
1378,1378,15,4,basic,572,417,72.9020979020979,530.1270983213429,124.66906474820144,569.8331207147664,241.3998257700632,42.36324934346829,367405145.0
1379,1379,15,4,basic,552,406,73.55072463768117,476.8497536945813,122.42364532019704,570.0756273381088,240.80070499362728,42.240133316699335,305489378.0
1380,1380,20,4,basic,599,475,79.29883138564274,363.3873684210527,127.46315789473684,759.0854934666315,293.92302941468165,38.7206753316255,316514901.0
1381,1381,10,6,smart,563,394,69.9822380106572,710.3197969543147,121.63451776649748,381.0300740801679,217.4651670210673,57.07296662764554,447450854.0
1382,1382,15,6,smart,516,401,77.71317829457365,422.8304239401496,123.22693266832918,570.0916508220722,238.8282262078105,41.89295280213632,112043825.0
1383,1383,20,6,smart,541,434,80.22181146025879,371.057603686636,128.78801843317973,758.8597286577968,276.4354404577917,36.42773888485635,8501172.0
1384,1384,20,8,smart,586,491,83.78839590443687,328.73116089613035,123.79633401221996,758.6679581211242,294.47660638610665,38.81495234297114,433498721.0
1385,1385,5,8,basic,580,284,48.96551724137931,991.4260563380282,117.54225352112675,191.7105127832846,144.2226641545288,75.22939773134011,274970204.0
1386,1386,10,6,smart,521,371,71.20921305182341,673.4582210242587,122.59029649595688,380.722719025334,211.2715092553503,55.49222536448946,316514901.0
1387,1387,5,6,smart,560,283,50.535714285714285,965.0106007067138,123.21201413427562,191.69551375958187,140.98065552465087,73.54405575785363,534967818.0
1388,1388,15,6,basic,561,425,75.75757575757575,475.64,124.68,569.2845574947288,240.42230382178136,42.23236001338532,272813683.0
1389,1389,10,8,basic,565,381,67.43362831858407,583.2782152230972,116.37795275590553,381.1514807509564,208.32625912700743,54.65707721154767,601135142.0
1390,1390,5,6,basic,553,255,46.1121157323689,968.3921568627452,127.2078431372549,190.7341140673839,123.2718721834837,64.63021719330887,292906152.0
1391,1391,15,8,basic,585,429,73.33333333333333,450.8275058275058,123.94172494172494,569.4909683158385,248.5992346215601,43.65288449731612,676261138.0
1392,1392,5,6,basic,557,268,48.114901256732495,980.5149253731344,115.8544776119403,191.45591364497227,135.87337978566956,70.96849462567523,305489378.0
1393,1393,5,6,basic,537,271,50.46554934823091,1008.5830258302584,119.05535055350552,191.01840795750812,127.42410537313232,66.70776221811967,34346284.0
1394,1394,20,6,basic,521,418,80.23032629558541,409.02153110047846,125.77990430622008,757.7551832580594,254.361473239608,33.5677642145515,316514901.0
1395,1395,10,8,basic,586,407,69.45392491467577,623.5528255528255,118.009828009828,381.20585512573865,213.7157944832634,56.06309336795743,34346284.0
1396,1396,5,4,smart,598,278,46.48829431438127,1007.6187050359712,123.50719424460432,191.5878939877397,143.33182620377266,74.81256942724414,390126418.0
1397,1397,5,8,smart,560,285,50.89285714285714,1108.2842105263155,120.79649122807018,191.37234593511957,143.109078160846,74.78043782217306,460669441.0
1398,1398,10,6,smart,546,366,67.03296703296702,681.9726775956284,121.3032786885246,381.0265858767293,205.7797157894568,54.00665555028519,153044519.0
1399,1399,5,8,basic,560,282,50.35714285714285,1030.0390070921983,117.2517730496454,191.5604503845809,141.43809445334762,73.83470552997422,460669441.0
1400,1400,5,6,basic,524,260,49.61832061068702,1029.2807692307692,128.58076923076922,191.55829419808927,135.50504389462057,70.73828072121776,601135142.0
1401,1401,20,4,basic,557,459,82.40574506283662,432.6470588235294,128.22657952069716,758.3675774894226,284.823229233632,37.557411166830185,292906152.0
1402,1402,5,8,basic,588,288,48.97959183673469,776.9444444444445,113.94097222222224,191.27509995083167,138.60238781433463,72.46232669592808,770142391.0
1403,1403,15,4,smart,550,432,78.54545454545455,477.71064814814815,127.83101851851852,570.061653185891,254.7510093655497,44.68832589279218,549004394.0
1404,1404,10,8,smart,565,396,70.08849557522124,691.0530303030303,122.06060606060606,381.00748945297886,213.1616976556426,55.94685237334408,601135142.0
1405,1405,15,8,basic,588,447,76.0204081632653,408.8165548098434,117.0178970917226,569.5612199554195,254.3742946782565,44.66144915873429,433498721.0
1406,1406,10,6,smart,525,368,70.0952380952381,732.9809782608696,134.3179347826087,381.4684897151816,214.65738534174844,56.27132807273794,530467456.0
1407,1407,10,6,basic,568,375,66.02112676056338,545.6026666666667,121.496,381.5866691357141,210.5511869009622,55.177815141670514,590926899.0
1408,1408,10,8,smart,588,421,71.5986394557823,668.0641330166271,118.71733966745845,381.2760592037118,218.1254820429516,57.20933081885674,70952804.0
1409,1409,10,6,smart,568,361,63.556338028169016,725.5817174515236,121.67036011080332,380.4849687129939,195.8278297425312,51.46795428080296,485221178.0
1410,1410,5,6,smart,545,290,53.21100917431193,1022.1586206896552,137.33448275862068,191.47125586788067,149.05810578557222,77.84881605854487,383864777.0
1411,1411,20,8,smart,562,466,82.91814946619218,349.5515021459228,128.8154506437768,759.007218071069,287.9294076231958,37.935002562286016,601135142.0
1412,1412,10,4,smart,561,373,66.48841354723707,765.3324396782842,120.70777479892762,381.1233374148667,205.0281972314584,53.7957603494319,979009661.0
1413,1413,15,8,smart,562,448,79.7153024911032,424.7075892857143,119.97321428571428,570.1364307705765,261.8980561831322,45.93603250877338,884281372.0
1414,1414,15,6,basic,538,412,76.57992565055763,505.1043689320388,127.47815533980582,570.1934082267671,246.82873406072932,43.28859830707918,601135142.0
1415,1415,20,4,smart,533,423,79.36210131332082,354.6099290780142,131.95744680851064,758.9009624320599,277.35596518934784,36.54705672008921,485221178.0
1416,1416,10,4,smart,570,382,67.01754385964912,565.9267015706806,120.434554973822,381.3974273080096,216.25639919777876,56.70106395949389,456738583.0
1417,1417,20,8,basic,578,470,81.31487889273356,373.5659574468085,122.42127659574469,758.1892311164902,277.7400515236391,36.63202273588695,534967818.0
1418,1418,5,8,basic,579,289,49.91364421416235,884.7231833910034,118.33910034602076,190.87118433147776,142.8836484967101,74.85867968869005,720265055.0
1419,1419,5,6,smart,565,273,48.31858407079646,1083.838827838828,125.82783882783885,191.20506120394967,136.4666365014223,71.37187459481503,708741215.0
1420,1420,5,4,basic,564,298,52.83687943262412,1044.3154362416108,127.3020134228188,191.34507541248468,146.55689871198436,76.59298176138061,601135142.0
1421,1421,20,4,smart,561,446,79.50089126559715,377.3340807174888,132.10538116591928,759.0096082447202,290.2986518974072,38.24703254663003,228056230.0
1422,1422,15,4,basic,588,452,76.87074829931973,610.0818584070796,127.79424778761062,570.3429542629959,265.50867901087645,46.55246058995679,534967818.0
1423,1423,15,4,smart,595,462,77.64705882352942,530.004329004329,132.66666666666666,571.8967661906802,291.058235087105,50.89349202405897,70952804.0
1424,1424,15,6,basic,515,377,73.20388349514563,407.9442970822281,125.16710875331565,569.0245095365449,223.8878116276356,39.34589949560981,315111282.0
1425,1425,15,6,smart,563,421,74.77797513321492,549.4465558194775,126.87410926365796,569.9445582226872,242.26882188261592,42.50743662473172,173249261.0
1426,1426,15,6,smart,553,406,73.41772151898735,489.192118226601,124.16748768472908,570.2121446447863,241.09732404735016,42.28203946752866,305489378.0
1427,1427,15,8,smart,575,450,78.26086956521739,444.74888888888887,124.38888888888889,570.2900046144673,269.07675736501227,47.18244317589189,442685285.0
1428,1428,15,8,smart,566,449,79.3286219081272,418.53229398663694,119.51224944320712,570.292431503281,263.98946724926424,46.29019300736511,70952804.0
1429,1429,15,8,basic,567,420,74.07407407407408,438.25714285714287,121.73809523809524,569.1578308143891,240.7734253150849,42.30345473250719,738646825.0
1430,1430,5,6,basic,615,299,48.61788617886179,1022.0969899665552,120.22073578595318,191.3737493387133,142.56067965135804,74.49333053460704,884281372.0
1431,1431,15,4,smart,533,407,76.36022514071294,514.2506142506143,130.1130221130221,570.5147565057754,253.9637592711652,44.51484494925492,676261138.0
1432,1432,10,4,smart,505,345,68.31683168316832,627.7362318840579,122.47536231884058,381.4019616938906,201.74806010616413,52.89644007339561,655359215.0
1433,1433,10,6,basic,578,382,66.08996539792388,536.8926701570681,119.13612565445028,381.0828065564602,205.6020835160797,53.95207550136961,390126418.0
1434,1434,10,8,basic,532,359,67.4812030075188,564.5153203342618,115.93314763231196,380.4844136292459,202.4761671785884,53.21536439489648,442685285.0
1435,1435,10,8,basic,559,361,64.57960644007156,610.8476454293628,118.59002770083104,380.7341786130756,200.63892426635627,52.69790198432837,533011683.0
1436,1436,15,6,basic,586,427,72.86689419795222,422.6393442622951,120.81498829039812,569.7603749789605,245.68296488590505,43.12040213308575,770142391.0
1437,1437,15,8,basic,585,441,75.38461538461539,526.3922902494331,123.63038548752834,563.1253523553506,256.2593059649549,45.5066185340643,770142391.0
1438,1438,10,4,smart,558,399,71.50537634408603,665.2080200501254,127.94736842105264,381.8802883091086,228.98763155045108,59.96319751521181,173249261.0
1439,1439,20,6,basic,594,451,75.92592592592592,373.980044345898,125.80931263858092,758.4755307896719,273.87897858060967,36.10913832585554,922285065.0
1440,1440,5,6,smart,519,266,51.252408477842,971.43984962406,122.95112781954889,191.0225241163269,133.25831023821812,69.76052214505752,112043825.0
1441,1441,15,8,basic,591,419,70.89678510998309,462.2386634844869,115.36515513126491,568.9108827012923,234.4926471273019,41.21781710588628,367405145.0
1442,1442,15,4,smart,559,435,77.8175313059034,515.5218390804598,126.10114942528736,570.5647264213002,264.4032155921008,46.34061717247968,460669441.0
1443,1443,20,4,basic,556,466,83.81294964028777,371.45064377682405,130.87339055793993,758.8974793355436,291.3252750638887,38.38796187845557,433448262.0
1444,1444,5,6,smart,545,277,50.825688073394495,1047.7184115523469,130.61371841155236,191.41630056045685,143.35157311625952,74.88995069726751,783435377.0
1445,1445,5,8,basic,595,290,48.739495798319325,904.3448275862067,118.89310344827588,191.39892356014388,145.28392107639004,75.90634177769398,8501172.0
1446,1446,10,4,basic,559,335,59.92844364937389,641.5641791044776,120.71940298507462,380.8283741191584,195.2161428824617,51.26092385683951,228056230.0
1447,1447,20,6,smart,544,438,80.51470588235294,307.0228310502283,124.23972602739724,758.0630970941878,271.3114464270716,35.790087588627415,655359215.0
1448,1448,10,6,basic,543,383,70.5340699815838,643.7075718015666,126.83289817232377,381.4964910991556,223.95681488243972,58.7048164551088,383864777.0
1449,1449,10,4,smart,568,377,66.37323943661971,669.9787798408488,130.89124668435014,381.4461538876897,220.9864310031191,57.93384695345093,153044519.0
1450,1450,15,4,smart,561,416,74.15329768270945,476.5817307692308,125.74278846153848,570.3814053716278,259.48929258167715,45.493995796130285,433498721.0
1451,1451,20,8,smart,560,454,81.07142857142857,357.568281938326,127.068281938326,758.293560314624,278.6526500791611,36.74733172777376,481660159.0
1452,1452,10,8,basic,584,393,67.2945205479452,711.2391857506361,120.83715012722648,380.89668135212594,212.2998834693657,55.73686877914847,362523190.0
1453,1453,5,4,basic,552,266,48.188405797101446,842.4097744360902,118.8984962406015,191.16361729724372,139.73181510201613,73.09540229338965,316514901.0
1454,1454,15,4,basic,550,392,71.27272727272728,460.734693877551,123.43622448979592,569.5963269027704,233.7990228887202,41.0464414614509,708741215.0
1455,1455,15,4,smart,559,435,77.8175313059034,432.52183908045976,129.42528735632183,570.9115724928838,270.58086851449923,47.39453210468455,738646825.0
1456,1456,10,6,basic,577,385,66.72443674176776,654.2675324675324,118.67792207792208,381.1334651377116,211.4357333590928,55.47550994576049,62156218.0
1457,1457,20,4,smart,556,471,84.71223021582733,342.68577494692147,131.54989384288749,759.7005333185257,306.2765795245231,40.3154356344394,878640559.0
1458,1458,15,4,smart,567,436,76.89594356261023,489.158256880734,128.204128440367,570.7490777343045,266.3599917729827,46.66849271668535,884281372.0
1459,1459,20,8,smart,577,479,83.0155979202773,309.86638830897704,122.0730688935282,758.7383682028053,297.73394346519945,39.2406600143908,481403749.0
1460,1460,10,8,smart,563,382,67.85079928952042,728.4947643979058,122.86387434554972,380.6584478109315,210.3060405961131,55.24796357614783,948896778.0
1461,1461,10,4,basic,577,361,62.56499133448874,779.6371191135734,129.5180055401662,381.1040750409176,206.48531269866817,54.1808199443941,367405145.0
1462,1462,5,8,basic,561,300,53.475935828877006,974.3966666666666,115.22,191.33207192810923,142.74724481757622,74.60706580923444,653495709.0
1463,1463,5,8,smart,581,286,49.225473321858864,903.2237762237762,115.38111888111888,191.30996016257103,142.05910975101534,74.2559925423102,173249261.0
1464,1464,5,4,smart,567,289,50.970017636684304,1037.131487889273,126.17301038062284,191.4509358325193,143.00476331606652,74.69525426669456,653495709.0
1465,1465,10,6,smart,518,366,70.65637065637065,512.188524590164,119.20491803278688,380.6034404753434,201.74992468996965,53.00790881921616,112043825.0
1466,1466,15,8,basic,576,434,75.34722222222221,483.8502304147465,120.83179723502305,569.4142284049641,246.51672706855703,43.293039543303394,878640559.0
1467,1467,20,8,smart,546,451,82.6007326007326,324.37250554323725,125.67849223946784,758.3767564984115,278.96114753727653,36.78397909045896,350929302.0
1468,1468,5,6,smart,569,276,48.50615114235501,934.2355072463768,112.9855072463768,190.81893275449397,124.80475791878598,65.40480869335893,187959148.0
1469,1469,15,8,smart,541,432,79.85212569316081,423.0787037037037,122.5023148148148,570.650636171601,260.80749486232475,45.703531781203,671082961.0
1470,1470,15,8,smart,560,450,80.35714285714286,510.1088888888889,126.94,570.8622082040533,272.33552720913195,47.706000378954194,383864777.0
1471,1471,20,6,smart,541,431,79.66728280961183,422.6009280742459,126.415313225058,758.2368795478226,267.2702491290652,35.248911829302315,362523190.0
1472,1472,20,8,smart,564,484,85.81560283687944,347.8326446280992,123.7190082644628,758.5010119850593,298.5601668815908,39.361867969066296,922285065.0
1473,1473,5,8,basic,556,277,49.82014388489209,989.5415162454874,121.18772563176896,191.446593322795,142.40357146617123,74.3829226702754,708741215.0
1474,1474,15,6,smart,548,437,79.74452554744525,447.9885583524027,124.20137299771169,570.2328798582782,255.41284729050548,44.79097160338844,532925674.0
1475,1475,20,8,basic,543,424,78.08471454880295,372.8938679245283,123.99292452830188,757.9887615806442,260.8519465326225,34.41369578998301,119596844.0
1476,1476,20,8,smart,595,479,80.50420168067227,351.21711899791234,124.3089770354906,759.3078835362502,296.89752988644096,39.10107300660823,260244418.0
1477,1477,20,8,basic,524,446,85.1145038167939,438.1278026905829,124.3340807174888,757.6438956307077,263.6881049300966,34.80369952833672,572435721.0
1478,1478,5,6,basic,541,266,49.16820702402958,934.8947368421052,127.57894736842104,191.3281382501157,141.06112656427732,73.72732931727673,676261138.0
1479,1479,10,6,basic,549,376,68.48816029143899,540.4574468085107,124.64627659574468,381.1943010686246,214.67077442076987,56.31531579012869,442685285.0
1480,1480,20,6,basic,560,419,74.82142857142857,420.7303102625298,124.854415274463,758.041403526629,264.6152708663714,34.90775960723309,708741215.0
1481,1481,10,4,basic,598,401,67.05685618729098,726.5561097256858,125.0349127182045,382.0561292750009,227.48329295597625,59.54185145194612,274970204.0
1482,1482,15,6,smart,541,423,78.18853974121997,522.4964539007092,132.31914893617022,570.4817078258046,257.7999357761112,45.18986888442527,676261138.0
1483,1483,15,8,smart,584,449,76.88356164383562,527.011135857461,127.37639198218262,569.9092477416209,267.326751871536,46.90689841073321,62156218.0
1484,1484,20,8,smart,588,485,82.48299319727892,357.2618556701031,128.58969072164948,759.5939536327543,306.24713500436417,40.31721599938214,48265950.0
1485,1485,15,6,basic,562,400,71.17437722419929,521.215,122.8975,569.571092904073,239.7510873610844,42.09326813596967,708741215.0
1486,1486,20,6,smart,610,484,79.34426229508198,395.8140495867768,129.8305785123967,760.1060967493524,312.643818984036,41.13160259088559,884281372.0
1487,1487,10,4,smart,540,390,72.22222222222221,713.2923076923076,123.64871794871794,381.5840455371123,219.6986887708732,57.575438842477936,930593199.0
1488,1488,10,6,smart,597,393,65.82914572864321,667.0763358778626,125.10687022900764,381.68352010087233,221.6440692109271,58.070117659874455,922285065.0
1489,1489,20,4,smart,544,452,83.08823529411765,358.6592920353982,132.98893805309734,759.2174586835737,293.7942303530124,38.696980291052526,383864777.0
1490,1490,10,4,basic,559,371,66.3685152057245,753.2291105121294,124.52021563342318,381.5145812621137,218.3540415692971,57.233472138062346,922285065.0
1491,1491,20,8,smart,558,455,81.54121863799283,378.84615384615387,126.55164835164835,758.3373029613809,274.9730873862806,36.25999753836241,783435377.0
1492,1492,5,8,smart,547,285,52.10237659963437,928.8877192982457,124.54736842105264,191.25748828441095,139.91287012249322,73.15419196263555,194642212.0
1493,1493,15,6,smart,533,422,79.17448405253283,458.90047393364927,127.93601895734596,570.5382884310438,259.2282776959129,45.43573725941859,62156218.0
1494,1494,10,4,smart,553,385,69.62025316455697,687.1558441558442,125.26233766233766,381.6423887377414,215.1631463441361,56.378209730783546,34346284.0
1495,1495,10,4,smart,547,376,68.73857404021938,611.313829787234,123.84574468085108,381.6598825853106,218.2472679414928,57.183706724195474,268048516.0
1496,1496,15,8,smart,578,443,76.64359861591696,510.0180586907449,119.9255079006772,569.6409818012346,242.95199228697967,42.65001993338905,187959148.0
1497,1497,10,8,basic,575,404,70.26086956521739,574.7797029702971,121.45049504950497,381.13651321693885,222.72116204590213,58.436060131329285,456738583.0
1498,1498,10,4,basic,568,363,63.90845070422535,634.0110192837466,123.55371900826448,381.13194590521454,212.60627172925544,55.78285263501095,153044519.0
1499,1499,5,6,basic,562,261,46.44128113879004,885.8352490421456,122.40229885057472,190.9767779155012,135.4709100626018,70.93580253120706,456738583.0
1500,1500,20,4,smart,574,475,82.75261324041811,402.9052631578948,128.31157894736842,759.3399652716296,301.9036812381967,39.75869769085581,979009661.0
1501,1501,10,6,basic,515,331,64.27184466019418,569.6918429003022,115.42900302114803,380.8210374702792,189.1652400376812,49.673001600507526,228056230.0
1502,1502,10,8,smart,545,349,64.03669724770641,485.20343839541545,109.44126074498568,380.48707408898247,189.92963533462915,49.917500033184126,292906152.0
1503,1503,20,8,basic,564,459,81.38297872340425,335.4052287581699,119.99128540305011,758.0716325889871,267.52237928475745,35.28985491398849,922285065.0
1504,1504,10,4,basic,545,348,63.85321100917432,576.4166666666666,124.6867816091954,381.3847426599797,200.4941267567006,52.57004392948394,481403749.0
1505,1505,15,6,basic,548,410,74.81751824817519,402.2317073170732,119.93414634146342,569.5989127999342,237.6092531742885,41.71518727209129,532925674.0
1506,1506,10,4,basic,565,370,65.48672566371681,614.3405405405406,124.4027027027027,380.9973213236234,205.09689312759184,53.83158401614594,653495709.0
1507,1507,10,6,smart,583,402,68.95368782161235,703.2835820895523,122.61940298507464,381.2631120672684,223.30473735802008,58.56972004116181,481660159.0
1508,1508,20,4,smart,537,455,84.72998137802608,414.91648351648354,130.55824175824176,758.8960675980729,288.1138655400073,37.9648647346264,930593199.0
1509,1509,20,6,basic,595,484,81.34453781512605,320.4814049586777,124.17768595041322,758.7589342304016,287.3785303734112,37.87481338389711,367405145.0
1510,1510,15,4,smart,539,397,73.65491651205936,442.7052896725441,128.53148614609572,570.0588426413703,248.70791957156192,43.62846446152341,755568905.0
1511,1511,10,4,smart,553,390,70.5244122965642,649.4846153846154,120.82564102564102,381.6594334201925,221.1344913370085,57.940266104610586,305489378.0
1512,1512,20,6,basic,551,420,76.22504537205081,340.5547619047619,123.9452380952381,758.2140354125679,256.6785875489477,33.8530514552241,485221178.0
1513,1513,20,6,basic,586,454,77.47440273037543,401.9295154185022,124.3546255506608,757.8521079752264,265.54877923978904,35.03965700501418,390126418.0
1514,1514,15,6,smart,566,451,79.68197879858657,580.9512195121952,127.69179600886918,571.173375990573,271.000001259506,47.4461893097725,433448262.0
1515,1515,15,4,smart,581,424,72.9776247848537,438.03537735849056,127.29245283018868,570.5394047440425,258.9481192546529,45.38654422490296,153354925.0
1516,1516,15,4,smart,559,428,76.56529516994634,495.9415887850468,130.72663551401868,570.5215981321395,269.7237583468965,47.27669543623926,948896778.0
1517,1517,10,6,basic,544,369,67.83088235294117,667.0460704607046,123.14634146341464,381.2872052530231,211.05743870106863,55.3539263298936,8501172.0
1518,1518,15,6,basic,571,389,68.1260945709282,467.2030848329049,120.41131105398458,569.6513200020286,232.2651407702916,40.773212071107714,460669441.0
1519,1519,20,6,smart,521,434,83.30134357005758,346.79953917050693,127.87096774193547,758.0059689165021,267.5606624472275,35.297962472469735,316514901.0
1520,1520,5,8,basic,533,259,48.59287054409005,965.7413127413128,118.35521235521236,190.8785371829387,129.67448321353982,67.93560194211847,805309175.0
1521,1521,10,6,smart,568,390,68.66197183098592,705.0512820512821,122.17948717948718,381.5884255321143,223.54022442902223,58.58150024265064,930593199.0
1522,1522,5,4,basic,574,267,46.51567944250871,919.1722846441947,123.4868913857678,191.0444399689881,138.61052010936612,72.55407178134392,153354925.0
1523,1523,5,8,smart,596,297,49.832214765100666,1119.6262626262626,119.64309764309763,191.41150796858048,143.6332046340073,75.0389598610676,481660159.0
1524,1524,10,8,smart,547,385,70.38391224862889,577.4493506493507,119.36883116883116,381.3795391019624,213.54669285343945,55.99322222589067,532925674.0
1525,1525,10,6,smart,585,395,67.52136752136752,603.8886075949367,122.46075949367088,381.1756063485765,218.9410197196245,57.43836071173135,470148314.0
1526,1526,20,4,basic,557,431,77.37881508078995,355.76102088167056,132.415313225058,758.7180835219826,285.49862893488194,37.629079250304976,158944640.0
1527,1527,10,6,smart,515,365,70.87378640776699,634.4082191780822,129.38630136986302,381.2642331673003,208.19466038631333,54.6063968961276,315111282.0
1528,1528,10,4,smart,575,373,64.8695652173913,557.798927613941,123.15013404825736,381.540590029227,212.47051234487532,55.6875252325315,48265950.0
1529,1529,5,6,smart,530,267,50.37735849056604,1001.5655430711612,119.59925093632958,191.25141353798043,134.1424503522144,70.13932491828363,533011683.0
1530,1530,5,8,smart,580,291,50.172413793103445,1204.274914089347,130.32302405498282,191.21529208487345,141.31471112243938,73.90345697859509,367405145.0
1531,1531,10,6,basic,531,360,67.79661016949152,592.0972222222222,121.01944444444445,380.7835602029076,196.51444526799497,51.607912159673766,268048516.0
1532,1532,15,6,smart,562,420,74.73309608540926,439.8809523809524,120.62142857142857,569.8503807353756,246.7729931942979,43.304874671812,34346284.0
1533,1533,10,8,smart,560,371,66.25,643.8409703504043,130.1967654986523,381.71447559016127,216.0720398529636,56.605670905956295,390126418.0
1534,1534,5,4,smart,562,279,49.644128113879006,926.5340501792116,122.34408602150538,191.53276424636053,143.5735608917316,74.96031368662283,460669441.0
1535,1535,20,6,smart,573,463,80.80279232111693,351.50539956803453,124.622030237581,758.4622973566369,280.97764237590184,37.045696714939446,805309175.0
1536,1536,15,4,basic,555,415,74.77477477477478,440.59277108433736,123.20722891566264,569.5826621259937,250.1549565645867,43.9189907275042,783435377.0
1537,1537,20,4,smart,544,430,79.04411764705883,342.40232558139536,132.44418604651162,758.3365697543258,282.7878898686173,37.29055160299477,62156218.0
1538,1538,5,6,smart,578,308,53.28719723183391,1041.9577922077922,130.91883116883116,191.7517974924804,151.92314581923998,79.22905954777177,805309175.0
1539,1539,20,4,smart,562,477,84.87544483985765,381.7400419287212,131.9308176100629,759.240473714844,304.2081631909623,40.067432351507776,194642212.0
1540,1540,5,6,smart,533,266,49.906191369606,934.8082706766916,129.04135338345864,191.48246367130312,137.86702908041818,71.9998199506558,268048516.0
1541,1541,10,4,basic,553,390,70.5244122965642,659.9641025641025,121.1974358974359,381.24861114826587,215.57263542166717,56.54384806082137,305489378.0
1542,1542,5,6,basic,537,261,48.60335195530726,960.7394636015324,128.11877394636016,191.56229721626448,136.56309761312627,71.2891313153095,70952804.0
1543,1543,10,4,basic,574,369,64.28571428571429,566.4444444444445,123.69647696476964,381.14705681113657,213.56646811605884,56.03256388829572,362523190.0
1544,1544,20,4,basic,542,434,80.07380073800738,435.2880184331797,130.13824884792626,758.1063164694713,279.3996717750776,36.85494576489641,315111282.0
1545,1545,15,6,smart,543,420,77.34806629834254,421.1619047619048,123.42142857142858,569.6677265737233,249.0008346012961,43.709836977937314,930593199.0
1546,1546,20,6,basic,504,402,79.76190476190477,404.6990049751244,125.18656716417912,757.1655189902633,243.33912272998143,32.13816749797221,755568905.0
1547,1547,5,6,smart,548,276,50.36496350364964,1013.786231884058,128.7463768115942,191.24834032003056,138.2363200592554,72.28105604887024,852052273.0
1548,1548,20,4,basic,560,439,78.39285714285714,449.2801822323463,134.2756264236902,757.8521152866045,275.64207525669065,36.37148590031293,948896778.0
1549,1549,20,6,basic,542,409,75.46125461254613,445.6112469437653,124.88264058679708,757.3394006793469,242.40620546945777,32.00760521003068,173249261.0
1550,1550,20,8,smart,561,485,86.45276292335116,299.47835051546394,125.4721649484536,758.9430406917712,290.57903626250703,38.28733128610631,597572982.0
1551,1551,15,6,basic,516,375,72.67441860465115,402.0773333333333,117.49333333333334,568.7864572803954,222.0294650389504,39.03564548645648,112043825.0
1552,1552,10,8,smart,575,407,70.78260869565217,660.5749385749385,123.3857493857494,381.86210809309193,223.1462324874852,58.43633808073088,530467456.0
1553,1553,15,6,basic,556,413,74.28057553956835,488.0314769975787,118.11138014527845,569.7672184161208,238.50659955356363,41.8603583787395,534967818.0
1554,1554,15,8,smart,589,452,76.7402376910017,503.8075221238938,123.29646017699116,570.4076841463225,263.2129975509843,46.144714537797896,485221178.0
1555,1555,5,8,basic,502,258,51.39442231075697,1033.240310077519,118.06589147286822,191.0792258657487,132.60347664765288,69.3971184187335,755568905.0
1556,1556,20,4,smart,548,463,84.48905109489051,391.3714902807776,133.82505399568035,759.2490647903039,299.1258556443471,39.39759290015883,272813683.0
1557,1557,10,6,basic,512,349,68.1640625,684.3008595988539,115.7134670487106,380.5682687811552,188.95995730783957,49.65205268243224,158944640.0
1558,1558,20,4,basic,588,455,77.38095238095238,391.4373626373626,131.87252747252748,758.9039267508539,284.7734817165816,37.524312587997976,70952804.0
1559,1559,5,6,smart,537,278,51.76908752327747,975.2086330935252,127.66906474820144,191.2012034433859,140.26196719457164,73.35830772430404,433498721.0
1560,1560,5,8,basic,561,273,48.66310160427808,922.2673992673992,118.0915750915751,191.427111368954,138.68156705011225,72.44614728726657,533011683.0
1561,1561,5,4,smart,550,271,49.27272727272727,1094.1328413284132,129.46125461254613,190.9481472930172,136.30938538970892,71.38555012033555,442685285.0
1562,1562,15,4,smart,550,447,81.27272727272728,502.6308724832215,129.7785234899329,571.4743493775384,284.45915728350656,49.77636486980479,481660159.0
1563,1563,20,4,smart,589,482,81.83361629881153,415.1576763485477,134.29253112033194,759.9726973672508,308.355962210414,40.57461054570008,390126418.0
1564,1564,15,8,smart,585,461,78.80341880341881,461.35357917570497,127.20824295010846,570.6504381941824,271.7587787792476,47.62263560845157,770142391.0
1565,1565,15,4,basic,567,406,71.60493827160494,528.4433497536946,130.20443349753694,570.1845550968869,255.4475740506577,44.80085820761166,153044519.0
1566,1566,5,6,smart,559,288,51.52057245080501,1056.7222222222222,128.70138888888889,191.34207642513192,143.8429892161483,75.17582745185217,590926899.0
1567,1567,5,8,basic,570,287,50.35087719298246,985.1149825783972,118.6411149825784,191.20394191334813,144.6599610980379,75.65741566332167,738646825.0
1568,1568,20,4,smart,532,464,87.21804511278195,310.6918103448276,131.9418103448276,758.6983665538318,301.21218508448067,39.70117748541493,481660159.0
1569,1569,15,6,smart,597,453,75.87939698492463,454.0022075055188,124.37527593818984,570.7438930587282,267.0981929408546,46.79825683450122,367405145.0
1570,1570,15,6,smart,542,417,76.93726937269373,420.1534772182254,127.84172661870504,570.2686473938234,255.3472585662061,44.7766609181769,783435377.0
1571,1571,20,4,smart,548,458,83.57664233576642,429.98908296943233,127.49563318777292,758.9979458697461,287.1246136991137,37.8294322483434,597572982.0
1572,1572,10,4,smart,572,386,67.48251748251748,642.0569948186528,123.55699481865284,381.5139676419333,221.21660866785365,57.983881962475,433498721.0
1573,1573,15,4,basic,566,428,75.61837455830388,450.27570093457945,122.77803738317758,570.2553058037071,262.32316729981113,46.00100422215236,930593199.0
1574,1574,15,4,basic,572,429,75.0,490.5081585081585,126.92307692307692,570.7294728910384,261.0688114906758,45.7430050297259,362523190.0
1575,1575,10,6,basic,539,345,64.0074211502783,606.4289855072464,126.46376811594205,381.1065331878687,204.7798102562784,53.7329571716712,878640559.0
1576,1576,15,6,smart,528,404,76.51515151515152,505.0816831683168,125.38118811881188,569.4500456624627,237.9362512023704,41.78351604583159,533011683.0
1577,1577,15,8,basic,572,450,78.67132867132867,435.62444444444446,119.78666666666666,569.8375726327896,254.81334891242727,44.71683882393486,601135142.0
1578,1578,10,4,basic,561,378,67.37967914438502,602.5793650793651,119.72222222222224,381.5860758683884,217.41515439978824,56.976700186192375,112043825.0
1579,1579,10,6,smart,565,389,68.84955752212389,593.388174807198,121.93573264781492,381.29915080936047,215.89993063457632,56.62219026092733,653495709.0
1580,1580,15,8,smart,547,419,76.59963436928702,440.1622911694511,124.66587112171838,570.2309802372216,244.9843088593603,42.96229376338768,350929302.0
1581,1581,5,8,basic,565,274,48.49557522123894,939.7810218978102,109.97810218978104,191.0676489442276,134.8404648294386,70.57210656776249,979009661.0
1582,1582,10,8,basic,549,345,62.841530054644814,474.4144927536232,112.0,380.8497966862449,194.23913120189687,51.00150581461822,350929302.0
1583,1583,20,6,basic,543,446,82.13627992633518,368.10762331838566,127.7780269058296,757.8626423050201,272.74827895509134,35.98914417070807,948896778.0
1584,1584,20,4,smart,585,486,83.07692307692308,368.27366255144034,132.86008230452674,759.8132853595988,308.62004574116617,40.61787964066787,533011683.0
1585,1585,15,6,smart,532,424,79.69924812030075,503.7995283018868,128.56132075471697,570.1898186933566,254.9362354288997,44.7107659714286,8501172.0
1586,1586,20,6,smart,581,486,83.64888123924268,377.8065843621399,126.2448559670782,759.2153581103092,299.6584015381858,39.469486271199386,481660159.0
1587,1587,15,4,basic,554,402,72.56317689530685,480.7537313432836,130.8955223880597,570.8860248232459,254.56929188024543,44.59196421195695,481403749.0
1588,1588,10,6,smart,574,408,71.0801393728223,620.2622549019608,120.15686274509804,381.8314535955244,226.2431866456849,59.25210836227893,532925674.0
1589,1589,15,8,smart,591,429,72.58883248730965,438.3543123543124,118.7995337995338,569.7875520830855,246.0792782901983,43.18790001476119,367405145.0
1590,1590,5,8,smart,550,279,50.727272727272734,1039.562724014337,127.88172043010752,191.63117823795173,146.8000489922419,76.60551395762842,158944640.0
1591,1591,20,8,smart,539,467,86.64192949907236,367.9850107066381,127.0642398286938,759.0392357724803,289.3222374053489,38.11690144197927,671082961.0
1592,1592,5,4,smart,566,284,50.17667844522968,1067.369718309859,126.443661971831,191.6931314143596,151.81511284942314,79.19694969209044,805309175.0
1593,1593,5,6,smart,562,285,50.71174377224199,959.8526315789474,134.71929824561403,191.16480204525573,142.7184014269917,74.6572590247053,456738583.0
1594,1594,15,6,smart,513,390,76.0233918128655,508.68461538461537,126.6948717948718,570.2602148345809,242.1557705948586,42.464082938891735,228056230.0
1595,1595,20,4,basic,610,498,81.63934426229508,325.1666666666667,126.37951807228916,758.6999405978784,307.63092584795083,40.54711347486444,116942809.0
1596,1596,5,4,smart,566,284,50.17667844522968,1086.4330985915492,129.79577464788733,191.2581725176884,144.6728510025059,75.6427027917596,260244418.0
1597,1597,20,4,smart,544,447,82.16911764705883,392.9440715883669,134.94407158836688,759.2968836797081,293.8828177269908,38.70459948456189,187959148.0
1598,1598,20,8,smart,564,460,81.56028368794325,339.454347826087,127.31739130434782,758.8035001083821,283.2363603424893,37.32670715172424,292906152.0
1599,1599,15,8,basic,546,406,74.35897435897436,420.9088669950739,116.60837438423646,569.1882272991728,233.83998616677707,41.0830679468477,532925674.0
1600,1600,15,6,smart,538,408,75.8364312267658,501.55392156862746,126.24754901960785,570.3081196819224,251.11763999271923,44.031924380241136,601135142.0
1601,1601,10,8,smart,581,389,66.95352839931154,626.9820051413882,122.29562982005142,381.52246039210064,223.6662405066796,58.62465876237324,274970204.0
1602,1602,15,8,smart,564,436,77.30496453900709,461.3463302752294,123.6559633027523,570.0303097781756,257.25327547890646,45.12975381590065,260244418.0
1603,1603,20,8,basic,581,470,80.89500860585198,332.8489361702128,121.72127659574468,757.5953671319767,274.8473396707507,36.27890977095575,362523190.0
1604,1604,15,4,smart,560,448,80.0,494.2477678571428,132.43526785714286,570.9754963176808,271.7004440022476,47.58530720748797,601135142.0
