,Number of Tricycles,Number of Sectors,Intersection Algorithm,Number of Passengers,Total Trips Completed,Completion Rate,Average Wait Time,Average Travel Time,Total Distance,Productive Distance,Efficiency Percentage
0,10,4,smart,555,342,61.62162162162163,675.093567251462,130.046783625731,379.8813071877266,198.52102747104158,52.25869862897415
1,5,8,smart,558,226,40.50179211469534,1166.4646017699115,122.07522123893806,189.94124901686794,112.47727174130306,59.2168748618234
2,10,4,basic,556,317,57.014388489208635,688.2712933753943,125.10094637223975,379.2173796622719,180.9617803058334,47.719801362215144
3,10,4,basic,557,331,59.42549371633752,649.785498489426,120.16918429003022,379.470507632236,185.0880710132358,48.77535072965776
4,15,4,basic,557,410,73.60861759425494,497.7390243902439,125.41951219512195,569.0460807708432,244.6994223221954,43.00168836778909
5,15,4,smart,558,401,71.86379928315412,562.2693266832918,128.47630922693267,568.2149593326723,239.1456607818264,42.08718141857543
6,5,4,basic,560,279,49.82142857142857,962.6881720430108,117.63082437275986,190.8194397897586,143.7291703907416,75.3220796314567
7,20,6,basic,549,433,78.87067395264117,440.93302540415704,126.71824480369516,757.2854548870712,262.91195196408006,34.717681459138326
8,10,8,basic,562,390,69.3950177935943,604.425641025641,118.89487179487179,379.5891910499319,207.0948756436951,54.55763244229297
9,15,4,smart,557,393,70.55655296229803,701.5165394402036,132.88295165394402,568.2669649418417,237.97908018315903,41.878042340102354
10,10,6,basic,544,298,54.779411764705884,677.493288590604,117.85570469798658,378.795182243356,164.38598512227648,43.39706332818856
11,10,4,basic,561,352,62.745098039215684,607.9005681818181,124.83806818181819,380.3448377043588,207.78716056386443,54.63125563054886
12,15,8,basic,554,407,73.46570397111914,472.2113022113022,122.2014742014742,569.192859205148,247.6927079179145,43.51648196426886
13,5,8,smart,562,233,41.45907473309609,955.2145922746781,115.23175965665236,189.98022949539387,115.25002940021372,60.66422264376094
14,20,4,smart,556,413,74.28057553956835,463.363196125908,129.49394673123487,756.4303339369412,253.60147128082374,33.52608428074553
15,10,4,smart,556,350,62.94964028776978,673.7057142857143,121.23714285714286,379.8172322778584,193.03612471154977,50.82342461237583
16,20,6,smart,540,387,71.66666666666667,530.4677002583979,130.1421188630491,756.1341761618928,236.9409110216253,31.335828810744676
17,15,4,basic,557,395,70.91561938958706,489.43291139240506,127.04303797468354,569.3292218458428,243.9825580993524,42.85438876794831
18,15,6,basic,546,382,69.96336996336996,465.29057591623035,132.25130890052355,568.2298729639508,234.3075378673654,41.23463918663603
19,5,4,smart,561,218,38.859180035650624,1009.5688073394496,134.5321100917431,189.7202242807862,115.11325573755788,60.67526863514039
20,20,8,basic,560,450,80.35714285714286,350.82666666666665,124.16,757.3787244370573,270.49420311413,35.71452357803982
21,15,6,smart,542,361,66.60516605166052,507.7617728531856,122.93351800554017,566.908845263121,208.32404708801215,36.74736226620739
22,20,6,basic,546,421,77.10622710622711,380.8479809976247,130.79334916864607,757.2436932773395,269.5529022815322,35.596585970219344
23,10,4,smart,553,337,60.94032549728752,665.919881305638,124.86943620178042,380.53605857601485,193.98708933856645,50.977321325205274
24,15,4,basic,551,405,73.502722323049,507.4641975308642,133.82716049382717,569.2483919998729,251.70272491906607,44.216677369046
25,5,6,basic,548,253,46.167883211678834,853.7312252964427,119.94466403162055,190.33987375819336,123.32680936987386,64.79294481751495
26,15,8,smart,556,394,70.86330935251799,603.2817258883249,125.10659898477158,567.7130978202619,224.13528699056337,39.480379764203484
27,20,6,basic,547,423,77.3308957952468,391.16075650118205,127.79905437352245,756.9256678855206,258.5249980293349,34.15460843751369
28,5,4,smart,557,230,41.292639138240574,1009.9739130434782,122.68695652173913,190.32529207563246,121.17121444843927,63.665324312381784
29,5,4,smart,559,249,44.543828264758496,988.2931726907631,125.2289156626506,189.73945537143618,119.79030012519578,63.13410138692183
30,20,4,smart,550,400,72.72727272727273,451.7525,128.645,757.0825143768773,252.20856019034193,33.313219550173365
31,20,4,basic,553,438,79.20433996383363,350.4178082191781,127.06392694063926,757.3972992833664,272.5138849036159,35.98030850670618
32,10,6,smart,540,312,57.77777777777777,790.7179487179487,129.79166666666666,379.0541439171293,172.6380611987459,45.54443315530377
33,15,4,basic,558,415,74.37275985663082,499.3686746987952,128.58072289156627,569.3887001610005,257.8081104462001,45.27805177259439
34,10,8,basic,561,349,62.21033868092691,555.5759312320916,121.67335243553009,379.76887943067396,195.22110471338524,51.405240209795146
35,5,6,smart,548,195,35.583941605839414,1090.0307692307692,131.97435897435898,189.4353204383932,99.11811981538797,52.32293512424599
36,10,4,basic,556,362,65.10791366906474,644.3259668508288,132.48342541436463,380.81110889652047,215.89391874899977,56.69317772125855
37,20,8,smart,563,413,73.35701598579041,338.2009685230024,117.29782082324455,756.4593717251175,244.86240842862944,32.36953861384741
38,10,4,basic,550,329,59.81818181818181,734.7112462006079,120.5775075987842,379.6676935416596,188.6875745660105,49.698085398279076
39,5,4,smart,558,238,42.65232974910394,903.453781512605,113.89495798319328,189.75180697179493,118.26321357976849,62.32521074086391
40,10,4,smart,563,346,61.45648312611013,536.2861271676301,119.01156069364161,379.7151224323063,193.31502169243515,50.910540632181004
41,20,6,basic,547,413,75.50274223034735,363.7457627118644,123.21065375302663,756.9079916375864,251.2147817401449,33.18960620254999
42,5,4,smart,563,240,42.62877442273535,978.0916666666667,118.17916666666666,189.78915290522428,114.33121750104497,60.24117593176622
43,5,6,smart,545,246,45.137614678899084,864.19918699187,124.14634146341463,189.8483496011965,118.68968868154164,62.518156692363256
44,10,8,basic,563,350,62.16696269982238,679.8828571428571,122.50571428571429,379.626658761389,196.4919218400404,51.75925275667841
45,15,8,basic,562,418,74.37722419928826,407.91148325358853,114.14593301435407,568.1525072177363,235.99206992827462,41.536747075875184
46,10,8,smart,558,356,63.799283154121866,589.8932584269663,114.7752808988764,379.94361283157207,198.50308207275498,52.24540573096851
47,10,6,smart,552,332,60.14492753623188,671.5240963855422,123.71987951807229,379.35571942129604,188.68094462053836,49.73720836695689
48,15,8,smart,559,396,70.84078711985688,445.8358585858586,117.8080808080808,567.7792907230464,232.00060054591324,40.861053641190196
49,20,6,basic,548,449,81.93430656934306,458.1358574610245,129.20935412026725,757.3947016184288,270.35582868455657,35.69550039191591
50,10,4,basic,561,365,65.06238859180036,660.3890410958904,123.8054794520548,380.11787932893765,197.616093094863,51.9881078584716
51,15,8,smart,563,397,70.51509769094139,427.34005037783373,117.59445843828715,567.3713518368669,222.4865038671272,39.21355971654654
52,5,6,smart,550,227,41.27272727272727,976.1674008810572,130.02202643171807,190.07493701542853,116.46725749978336,61.274389632090006
53,15,4,basic,555,409,73.69369369369369,505.62591687041567,128.45721271393643,569.3014126541265,251.3995133812089,44.15929906254146
54,15,8,smart,559,400,71.55635062611807,487.34,120.85,567.7943452165723,226.21981721125434,39.84185808066967
55,5,4,basic,552,225,40.76086956521739,972.7155555555555,112.88444444444444,189.6348870654234,110.606041375415,58.32578756315881
56,10,8,basic,557,357,64.09335727109516,542.9859943977591,112.03361344537815,380.43715474585395,201.5704502357538,52.98390226117906
57,10,8,basic,560,337,60.17857142857142,733.6172106824926,120.35905044510386,379.5262535547473,180.857855838679,47.65358236609841
58,5,6,basic,543,256,47.14548802946593,1313.64453125,137.71484375,190.34551237403238,126.1075126958874,66.25189694416532
59,15,4,basic,558,406,72.75985663082437,420.38916256157637,126.66502463054188,568.5449493899638,241.3301493661315,42.4469779610343
60,15,4,basic,563,418,74.24511545293073,503.67703349282294,127.1866028708134,568.6111400814541,247.47971462091132,43.52354309932437
61,15,6,basic,544,391,71.875,512.6061381074169,120.61381074168798,568.307841040639,228.862258450277,40.27082540884938
62,10,4,basic,555,349,62.88288288288288,634.78223495702,117.52148997134671,379.26012315230236,192.08518944010768,50.64734669270003
63,5,6,basic,545,201,36.88073394495413,1013.9751243781094,137.7860696517413,189.805550872256,105.81868219053031,55.75109985152594
64,10,8,basic,556,350,62.94964028776978,722.8657142857143,120.06571428571428,379.92717654027575,194.79792964051768,51.272438948538166
65,10,6,basic,546,296,54.21245421245421,676.9898648648649,123.50675675675676,378.91323355357486,165.0081329520492,43.54773556060522
66,15,8,smart,562,388,69.03914590747331,528.4974226804123,120.33247422680412,567.566035931505,223.82651068528858,39.43620592411566
67,10,8,basic,562,376,66.90391459074732,600.8191489361702,115.27925531914893,380.22771621580085,208.51254512161853,54.838860038092484
68,20,4,smart,553,411,74.32188065099457,481.345498783455,129.71289537712894,757.2777550469442,254.23718898236146,33.572515142294264
69,5,4,basic,563,225,39.96447602131439,1004.4444444444445,128.46666666666667,189.62603856435044,105.74269623762542,55.76380598265843
70,20,8,smart,562,406,72.24199288256227,379.628078817734,121.1256157635468,755.775507473425,241.9263122401479,32.01034035211238
71,15,6,basic,547,390,71.29798903107861,405.3871794871795,121.94358974358974,568.675320143714,230.16397523084163,40.473705659087734
72,5,6,smart,546,232,42.49084249084249,1016.9008620689655,122.32327586206897,190.56804472297145,125.34596243068795,65.77491132519265
73,20,8,smart,563,408,72.46891651865009,387.91421568627453,120.61764705882354,755.8217474129739,235.59898919876534,31.171237134307578
74,15,4,smart,561,378,67.37967914438502,574.7301587301587,122.96825396825396,567.8444543723317,227.61440981713034,40.08393637809222
75,10,6,basic,548,350,63.868613138686136,667.7971428571428,124.74285714285715,380.19156288460647,202.65413099687675,53.30316366288884
76,10,8,basic,562,372,66.19217081850533,617.008064516129,119.65591397849462,380.1696418325333,203.00872192061348,53.399508951332805
77,5,4,smart,557,268,48.114901256732495,990.7649253731344,124.82462686567165,190.36315740924195,140.46159900986945,73.78612590875747
78,10,6,basic,540,319,59.074074074074076,704.3667711598746,121.53291536050156,379.3533412545386,180.62362161453544,47.61355759177051
79,15,6,smart,546,371,67.94871794871796,596.644204851752,133.42587601078168,567.5327088753369,219.07734734088575,38.601712978803455
80,10,8,basic,559,382,68.33631484794276,542.9554973821989,117.79319371727749,380.49455787255215,212.8200750335009,55.93248855474713
81,20,6,smart,545,407,74.6788990825688,411.1449631449631,123.61916461916462,756.0213588132203,243.13070903309662,32.159238121890624
82,5,8,basic,563,237,42.09591474245116,957.1940928270042,109.24894514767932,190.02319897275603,113.30155705819593,59.62511823329538
83,5,4,basic,556,266,47.84172661870504,938.4812030075188,112.4812030075188,190.38217472654847,133.27211071018903,70.00241010042653
84,15,4,basic,556,431,77.51798561151078,522.1740139211137,127.0,569.3095716559072,255.93597245373735,44.95550139958405
85,20,6,smart,543,388,71.45488029465929,393.4819587628866,122.63659793814433,755.5054591098351,233.735364451779,30.937614233413317
86,5,8,basic,563,275,48.84547069271758,985.2618181818182,119.2690909090909,190.54655309264987,140.39029897101545,73.67769014575309
87,10,4,basic,553,356,64.376130198915,763.6713483146067,128.29494382022472,380.13536489621146,206.83945555338718,54.41205282488269
88,20,8,smart,557,439,78.81508078994614,383.14578587699316,125.5239179954442,756.7370486331324,258.65193636846124,34.179896020110974
89,5,6,smart,545,224,41.10091743119266,955.8080357142857,127.79017857142857,189.64394537869387,118.66402742568722,62.57200945104303
90,15,6,smart,540,359,66.48148148148148,529.7437325905292,126.68802228412257,567.3739782567587,206.60428005961194,36.41412683295734
91,15,4,smart,550,378,68.72727272727272,699.936507936508,136.65343915343917,568.7839348276395,232.50389335242423,40.87736645073857
92,5,6,basic,547,259,47.3491773308958,897.6138996138997,119.7915057915058,190.53950223414395,128.45941632681567,67.4187844623204
93,20,6,smart,546,397,72.7106227106227,417.1813602015113,126.04282115869017,755.8928298112826,238.10357164365584,31.49964680880769
94,5,8,smart,557,248,44.52423698384201,1049.092741935484,120.65725806451613,189.91209596644592,124.44137954609,65.52577860447424
95,10,6,basic,541,333,61.552680221811464,665.006006006006,125.74474474474475,379.71090919914695,183.68743376378933,48.375600835700716
96,5,6,basic,549,265,48.26958105646631,1073.3811320754717,122.12830188679246,190.53057592562482,125.46422617431003,65.84991703551351
97,5,4,smart,556,246,44.24460431654676,919.260162601626,130.3617886178862,189.92956409492686,120.56690683157875,63.47979968580319
98,10,8,smart,559,368,65.83184257602862,622.866847826087,120.37771739130434,379.8994133543917,200.66976182492098,52.82181408312017
99,10,4,basic,550,343,62.36363636363637,640.3644314868804,122.7930029154519,380.09132753892607,195.85061243590647,51.52725101728319
100,10,6,smart,543,335,61.69429097605893,689.3134328358209,123.72537313432836,379.45534518238964,191.7062500549173,50.52142564041928
101,10,6,smart,541,324,59.88909426987061,620.179012345679,122.84567901234568,379.29245505678887,182.0560597396154,47.99886138319239
102,5,8,basic,560,275,49.107142857142854,1110.3054545454545,117.23272727272727,190.7193709088252,133.8756826023587,70.1951154538775
103,5,6,basic,547,258,47.16636197440585,1044.9883720930231,124.17829457364341,190.76786141274053,131.96281587245875,69.1745532477021
104,10,4,smart,557,327,58.707360861759426,536.3516819571865,117.6697247706422,379.42335076495766,181.27353698263147,47.77606244243134
105,20,8,smart,558,425,76.16487455197132,480.3552941176471,130.3435294117647,755.6407513400832,252.07246326552087,33.35877039697576
106,15,8,basic,560,421,75.17857142857143,413.71496437054634,120.96912114014252,568.6060760561162,244.59036548184847,43.015784702538014
107,20,8,smart,562,425,75.62277580071174,423.4752941176471,122.96235294117648,756.0813775826334,250.52579078255732,33.134765411568004
108,5,8,smart,563,249,44.22735346358792,966.2128514056225,114.97991967871486,190.1620823730068,118.99155368874155,62.573754033328896
109,15,4,basic,556,400,71.94244604316546,470.36,133.6425,568.6530047011712,249.2159956967273,43.82567112745514
110,5,8,basic,562,271,48.220640569395016,972.8339483394834,118.28782287822878,190.38711416915876,135.59215043531444,71.21918467383298
111,15,4,basic,550,376,68.36363636363636,532.7473404255319,126.69148936170212,569.0040225571857,234.3003561140835,41.17727587603056
112,15,4,basic,557,387,69.47935368043088,472.66149870801036,124.6124031007752,568.5879399482696,233.46289125577613,41.0601201420165
113,10,6,smart,540,341,63.14814814814815,664.2140762463343,121.9882697947214,379.37372653901883,189.3229153907833,49.904066134983466
114,20,4,smart,550,424,77.0909090909091,401.5518867924528,125.02830188679245,756.8710539908948,262.67314089942147,34.705137620784406
115,10,6,smart,542,318,58.671586715867164,631.4088050314465,119.21698113207547,379.46632473833733,180.2351453862706,47.49700662122061
116,5,8,smart,563,248,44.04973357015986,920.991935483871,117.84677419354838,190.0698873053937,122.79860447848577,64.60708017424128
117,20,8,smart,563,433,76.90941385435168,433.2286374133949,119.29792147806005,755.7351116793606,254.76560842922433,33.71096624888787
118,20,8,basic,559,446,79.78533094812164,374.45515695067263,125.10538116591928,756.9062616073844,267.3765800854541,35.32492643377619
119,15,6,basic,546,390,71.42857142857143,478.6794871794872,133.4974358974359,568.8866837220397,238.43285049354,41.91218696376434
120,20,8,smart,557,402,72.17235188509873,410.1741293532338,114.58706467661692,755.1808664605238,227.28880574067574,30.097267533532907
121,10,8,smart,560,354,63.21428571428571,714.4209039548023,118.66666666666667,380.084856547865,193.3643057444593,50.873983115427926
122,15,4,basic,563,428,76.02131438721138,430.4766355140187,119.75700934579439,569.7047658070618,254.75748339652975,44.71745695081771
123,15,4,basic,558,415,74.37275985663082,523.0144578313253,125.78313253012048,569.4398682199787,246.39429955774625,43.269590576429806
124,10,6,smart,547,332,60.69469835466179,621.6084337349398,125.65361445783132,379.21805846587256,182.88803135688,48.22766935117856
125,15,6,smart,545,385,70.64220183486239,433.32207792207794,118.7116883116883,568.4423489859134,223.94266598658578,39.39584487082881
126,10,8,smart,560,349,62.32142857142857,579.4355300859598,118.79369627507164,378.64403251278793,184.1442345821147,48.63254634176643
127,5,8,basic,557,231,41.4721723518851,983.2554112554112,111.93939393939394,189.7147316151994,111.39831483968148,58.71885324416027
128,5,8,basic,563,255,45.293072824156305,1097.6392156862746,116.09019607843138,190.10337613930886,125.35258027172685,65.93916574099545
129,15,8,smart,558,387,69.35483870967742,486.68475452196384,120.18346253229974,567.8012378385984,223.37898244713713,39.341052389645235
130,10,8,basic,557,342,61.40035906642729,598.9590643274854,114.85380116959064,379.64991980791143,182.5323784621952,48.07912999284965
131,5,6,basic,548,209,38.13868613138686,1006.133971291866,133.14354066985646,189.7847436428053,105.15942675273637,55.409842084386604
132,15,8,smart,563,412,73.17939609236235,521.9902912621359,121.86650485436893,568.453454661906,241.235752662649,42.43720408140129
133,5,6,smart,546,240,43.956043956043956,1035.8041666666666,125.65833333333333,190.21178695291903,120.40819833712757,63.30217504708625
134,20,4,basic,559,430,76.92307692307693,444.7232558139535,134.1953488372093,757.1554978344387,259.5395702759572,34.278238884650975
135,5,6,basic,540,249,46.111111111111114,1043.289156626506,137.32128514056225,190.62904920363346,134.84582109472038,70.73728881198772
136,5,4,basic,564,261,46.27659574468085,1004.1877394636016,136.66283524904213,190.58329288720753,137.44797147505582,72.11963304485526
137,20,4,smart,553,422,76.31103074141049,426.5260663507109,128.2227488151659,756.2200580194701,255.76643468461262,33.821694091857516
138,10,4,smart,556,328,58.992805755395686,694.8048780487804,125.28658536585365,379.4325643600517,185.87731851304557,48.988235584508914
139,5,4,smart,558,236,42.29390681003584,951.9618644067797,140.53813559322035,190.64455987928548,128.70369945627925,67.50976767329388
140,10,6,smart,546,336,61.53846153846154,644.2291666666666,121.89285714285714,379.54028124977964,188.2748163866104,49.6060169862984
141,10,8,basic,558,351,62.903225806451616,699.4131054131054,123.23646723646723,379.71538279682824,196.3532200318528,51.710630890325085
142,15,8,basic,563,418,74.24511545293073,465.0023923444976,117.27990430622009,568.7231258100761,239.34326836391622,42.08432143901326
143,10,4,basic,560,387,69.10714285714286,591.3927648578812,120.22222222222223,380.3606111358593,217.0345298434793,57.06020115893592
144,10,6,basic,541,348,64.32532347504622,693.278735632184,123.83045977011494,379.9356029319828,202.7820169137689,53.372733523494375
145,5,4,smart,559,256,45.796064400715565,1011.12109375,129.44921875,190.9296591292531,134.56329329492172,70.47794140973498
146,5,6,basic,547,245,44.78976234003657,980.4938775510204,120.20408163265306,190.24869599087418,121.31947605387847,63.76888704650986
147,5,8,smart,562,252,44.83985765124555,963.8769841269841,117.32142857142857,190.4988569053781,125.72507517203495,65.99781080811596
148,5,4,smart,556,245,44.064748201438846,892.3020408163266,117.55918367346939,190.48263654829927,125.82880575026729,66.05788749588302
149,5,4,basic,559,256,45.796064400715565,955.30859375,121.14453125,190.40409802065372,134.21974985054237,70.49204888225839
150,15,6,basic,544,393,72.24264705882352,505.74300254452925,128.4910941475827,568.2082297168188,237.35531484609498,41.772593643071154
151,15,4,basic,559,415,74.23971377459749,490.1518072289157,128.710843373494,568.7026342595492,245.80945254107058,43.222844019548894
152,5,6,smart,545,247,45.321100917431195,1054.1133603238866,120.48178137651821,190.24860030074984,128.90908822025742,67.75823213231249
153,20,6,basic,545,439,80.55045871559633,409.12072892938494,129.71981776765375,757.1883914446969,278.71766083468907,36.80955281193661
154,15,4,smart,559,385,68.87298747763863,520.9012987012987,124.45974025974026,568.7629338637092,226.6148454493112,39.84346235607789
155,5,8,basic,558,269,48.2078853046595,1002.7360594795539,115.5539033457249,190.46731658763682,131.35162276734556,68.96281478660342
156,10,6,basic,549,365,66.48451730418944,697.9397260273972,118.55342465753425,380.0960375164089,189.59378463195776,49.880494906178264
157,20,6,smart,544,387,71.13970588235294,465.89405684754524,134.34108527131784,755.9892766233593,245.07091343255743,32.417247309005674
158,15,8,basic,559,414,74.0608228980322,395.7463768115942,120.26811594202898,568.561609350381,243.48203797897577,42.82421359000479
159,5,4,smart,559,150,26.833631484794275,1146.1866666666667,125.25333333333333,188.96459573791654,76.09198299860351,40.267851605461004
160,10,4,basic,550,336,61.09090909090909,618.6666666666666,128.54464285714286,380.2740788525359,196.33889406227178,51.63089071301354
161,15,4,basic,553,406,73.41772151898735,472.0615763546798,129.64039408866995,568.643509298812,243.97054997223412,42.90395405604321
162,10,4,basic,558,338,60.57347670250897,655.8372781065088,122.07100591715977,379.76015985365825,189.0674085492321,49.786004045840365
163,20,4,smart,562,401,71.35231316725978,508.0498753117207,127.18204488778055,756.54575085545,252.77410780797098,33.41160895056926
164,20,8,basic,563,453,80.46181172291297,356.5408388520971,126.24503311258277,756.8300475332466,277.9114233719702,36.72045319524155
165,5,6,basic,546,219,40.10989010989011,1267.2100456621004,136.88127853881278,189.83439160614415,113.42149143077721,59.74759919482695
166,5,6,basic,544,234,43.01470588235294,996.3205128205128,123.5,190.53832656002155,120.41835289801058,63.19901883890932
167,5,6,smart,546,248,45.42124542124542,996.9435483870968,125.7741935483871,190.38870929880412,128.3808425453608,67.43091174796214
168,10,8,smart,561,337,60.071301247771835,653.326409495549,116.30860534124629,379.4266576031326,184.0855004362659,48.51675462107701
169,15,4,basic,559,417,74.59749552772809,514.863309352518,134.57314148681056,569.3055601802497,252.5999533920974,44.36983775674365
170,10,4,basic,559,340,60.82289803220036,615.9,114.18823529411765,379.06534417127756,184.04831021498978,48.553188268202405
171,5,8,smart,557,271,48.65350089766607,1057.3948339483395,114.06642066420665,190.4810862783015,134.382093687391,70.54878587318252
172,20,8,basic,556,442,79.49640287769785,451.6131221719457,129.31900452488688,757.4275829730389,276.3904954288465,36.490682626577225
173,20,6,smart,544,402,73.89705882352942,426.31094527363183,128.00248756218906,756.3929096528124,245.07131003383336,32.4000009659427
174,20,4,smart,559,415,74.23971377459749,511.33493975903616,128.85542168674698,757.7088233617478,258.68242371352034,34.1400833325151
175,5,4,basic,556,258,46.402877697841724,953.468992248062,141.54263565891472,190.92472300084083,139.7688049061814,73.20623684003766
176,20,4,basic,560,445,79.46428571428571,405.7662921348315,127.48539325842697,757.7068634221221,275.3538569024293,36.34042004830414
177,15,8,basic,562,404,71.88612099644128,413.519801980198,117.73762376237623,568.5938499576895,233.08281111500187,40.99284772994751
178,10,6,smart,547,306,55.94149908592322,844.2908496732026,121.97712418300654,378.73924991511194,165.97330088319848,43.82257738546998
179,15,8,basic,560,406,72.5,392.8226600985222,121.35221674876847,568.6673202468995,235.071741528813,41.33730445891482
180,10,4,smart,557,332,59.60502692998204,739.789156626506,125.9487951807229,379.5586299555128,190.82655800661792,50.27591074111113
181,5,6,smart,545,245,44.95412844036697,848.6734693877551,120.77551020408163,189.96100761421093,121.88119559592873,64.16116503417139
182,5,6,smart,547,264,48.263254113345525,936.4962121212121,119.96212121212122,190.52833662950113,135.02273563134435,70.86753499239735
183,15,8,basic,554,412,74.36823104693141,524.5703883495146,119.55825242718447,568.9561511072147,239.56671143885083,42.1063575765273
184,10,6,smart,547,321,58.68372943327239,599.6915887850467,122.85358255451713,378.68465567625054,175.84144203317948,46.43479459688271
185,20,4,smart,558,421,75.44802867383513,503.8859857482185,128.81710213776722,756.3027523975064,251.03195786182496,33.19199316226799
186,20,8,smart,560,401,71.60714285714286,330.90274314214463,115.40399002493766,754.4212366479428,227.07341329428453,30.099021907604428
187,15,4,smart,556,378,67.98561151079137,457.7804232804233,124.86507936507937,568.4139096539012,231.79317620255802,40.77894158918339
188,20,4,smart,558,395,70.78853046594982,485.0759493670886,127.33417721518987,756.7119039977632,249.65968680026455,32.992699795165706
189,20,8,smart,559,423,75.67084078711986,367.12293144208036,121.22222222222223,756.3997270555117,256.38687244299064,33.8956854785029
190,10,4,basic,559,340,60.82289803220036,724.6735294117647,126.98823529411764,379.73423180709113,192.41490513407683,50.67094009892307
191,20,8,smart,561,434,77.36185383244207,414.8963133640553,123.71658986175115,755.7790754635599,262.17515676334335,34.689390759136494
192,20,4,basic,560,444,79.28571428571428,454.97072072072075,134.52702702702703,757.6872093001498,285.821442808404,37.72288080095845
193,10,6,basic,548,343,62.59124087591241,601.6851311953353,123.38775510204081,379.53933085334813,187.12337327136825,49.30276207491963
194,15,8,basic,556,406,73.02158273381295,495.4039408866995,122.77093596059113,568.7023298430964,235.64144933617368,41.43493651611847
195,20,8,basic,559,457,81.7531305903399,388.6542669584245,120.80962800875274,757.3586300224819,270.1414437616444,35.668893579997274
196,15,4,smart,562,387,68.86120996441281,543.5503875968992,122.22739018087856,568.4514226983263,227.192486807874,39.96691322003141
197,10,8,smart,562,347,61.74377224199288,703.8011527377522,112.91066282420749,379.2132706248961,183.79456257646066,48.46733403437864
198,20,8,basic,558,463,82.97491039426524,448.32613390928725,127.89848812095032,757.210214934165,281.2599551271445,37.14423677599205
199,15,8,basic,561,409,72.90552584670232,439.9046454767726,119.11491442542787,568.6955939024689,239.99367948329498,42.20072778064355
200,15,4,smart,560,405,72.32142857142857,557.120987654321,126.04197530864198,568.574507590503,240.43081407112248,42.286597598266724
201,5,8,basic,557,247,44.34470377019748,958.2631578947369,116.72874493927125,190.38752788221169,123.59245567929099,64.91625636094962
202,20,6,basic,548,406,74.08759124087592,410.26847290640393,132.10837438423644,756.4615109967605,248.45110321301775,32.8438525425627
203,10,8,basic,562,377,67.08185053380782,651.8753315649867,123.24933687002653,380.64908393117554,214.63992914762522,56.387874871763486
204,10,4,smart,554,323,58.30324909747292,696.3188854489164,128.8544891640867,379.6492321701639,187.03701593058543,49.26574323921006
205,10,4,basic,559,358,64.04293381037567,560.9525139664804,122.68994413407822,380.6477153585573,210.56160269478963,55.316660050474155
206,20,6,basic,546,426,78.02197802197803,399.30046948356807,126.30985915492958,756.9891045065883,257.4717205002037,34.012605857521
207,20,6,basic,546,429,78.57142857142857,418.4731934731935,129.002331002331,757.3305430214506,262.03760266924934,34.6001630442399
208,15,6,basic,548,405,73.90510948905109,564.5975308641976,120.03703703703704,568.3154545560882,232.00755664121868,40.823728227211426
209,20,6,smart,541,403,74.4916820702403,406.5682382133995,127.32009925558313,757.3336729696265,253.9584878991797,33.53323600459595
210,15,4,basic,558,400,71.68458781362007,534.6125,128.41,569.1926592923144,241.57273862846884,42.44129552352622
211,10,6,basic,542,355,65.49815498154982,575.8985915492958,125.06197183098591,379.87155623016054,199.0841486665023,52.4082799571019
212,5,6,basic,544,137,25.183823529411764,967.0583941605839,125.22627737226277,188.98362760545768,72.50250342752506,38.364436298624234
213,20,8,basic,561,424,75.57932263814617,357.96462264150944,123.21933962264151,756.9929563327325,260.42296569017884,34.40229707708286
214,10,8,smart,562,364,64.76868327402136,614.3241758241758,114.13736263736264,379.3423224276534,194.5102281086112,51.27564645669278
215,20,6,smart,546,389,71.24542124542124,436.293059125964,132.5835475578406,755.3795133154345,236.79842071822856,31.348271503803062
216,20,6,smart,547,404,73.85740402193784,442.4059405940594,125.81188118811882,756.5349937978616,240.56703672155953,31.79853393349265
217,5,6,smart,547,159,29.06764168190128,1020.7610062893082,115.67295597484276,188.6462094231977,70.64458032697246,37.448184378034654
218,10,6,basic,545,334,61.284403669724774,645.1796407185628,120.17065868263474,379.3410017508335,179.89389754668787,47.422740151050014
219,20,4,smart,551,405,73.502722323049,495.6666666666667,134.28395061728395,757.359885473351,255.92289440926308,33.79145097568917
220,15,4,basic,552,385,69.7463768115942,457.16103896103897,116.08571428571429,568.4011944688993,223.36308879203187,39.29673107051385
221,5,6,smart,540,233,43.148148148148145,1111.9356223175967,129.71244635193133,189.70649098761746,116.48675624022219,61.40367450464599
222,15,6,basic,550,396,72.0,499.1212121212121,123.37373737373737,568.9082658388419,237.35088092782382,41.72041349721919
223,15,4,smart,558,414,74.19354838709677,542.4468599033817,125.70289855072464,569.3187749995137,246.71302972588495,43.33477843341732
224,20,8,smart,558,432,77.41935483870968,460.5787037037037,125.48611111111111,756.2871015893661,256.112413228912,33.86444284064636
225,15,6,basic,543,403,74.21731123388582,469.54342431761785,121.85111662531017,568.4788902272819,237.05593506663803,41.7000418382926
226,10,4,basic,558,356,63.799283154121866,695.9887640449438,123.68539325842697,380.7453027040557,212.60649924319446,55.83955934144471
227,15,6,basic,547,408,74.58866544789763,507.2769607843137,130.7941176470588,569.236088030388,244.94978886364947,43.03131758761105
228,5,8,basic,556,212,38.1294964028777,1178.5943396226414,133.35377358490567,189.46122580684596,105.90406907802382,55.89748964571362
229,20,8,smart,561,413,73.61853832442068,459.0968523002421,124.72639225181598,755.9505605363208,251.06550977781643,33.211895444550514
230,10,6,smart,544,325,59.74264705882353,711.9046153846153,120.41538461538461,378.6132364908457,177.62990887169119,46.91592679591539
231,15,6,basic,545,393,72.11009174311927,454.74554707379133,125.23664122137404,569.002811143011,240.2916808947805,42.23031524432777
232,5,4,smart,558,229,41.03942652329749,963.8558951965066,130.51965065502182,190.14147013036828,119.56191310005687,62.88050314225542
233,5,8,smart,562,244,43.41637010676156,904.8524590163935,116.8688524590164,190.22222478412087,123.81319686206594,65.08871242704626
234,10,4,basic,556,340,61.15107913669065,664.2088235294118,121.63529411764706,380.16671756831676,192.68490717523534,50.684317766614974
235,20,8,basic,560,436,77.85714285714286,371.6215596330275,121.27752293577981,756.9011429039058,259.38194849617025,34.26893339082997
236,15,8,smart,560,396,70.71428571428572,508.1515151515151,126.15656565656566,567.8178821789712,229.93377470354483,40.49428204359928
237,5,6,basic,552,253,45.83333333333333,907.501976284585,133.85770750988144,190.62283380303066,135.87210847299505,71.27798163644489
238,15,4,basic,557,418,75.04488330341114,523.8755980861245,130.37799043062202,569.4281094711891,252.36666961798298,44.3193206342322
239,10,4,smart,557,346,62.11849192100538,753.6618497109827,129.40462427745663,379.8147699471173,191.85458468890332,50.51267087786391
240,15,6,basic,540,384,71.11111111111111,524.8723958333334,130.4296875,568.5667286886434,234.11097450521913,41.17563738651725
241,15,4,basic,559,408,72.98747763864043,508.20588235294116,131.98039215686273,569.6656643400604,256.62155215897434,45.04774786738503
242,15,4,smart,561,376,67.02317290552585,500.0558510638298,122.43351063829788,568.2872656152404,219.9671336632681,38.70703198410171
243,15,6,smart,540,350,64.81481481481481,411.8514285714286,116.08285714285714,567.417295350623,202.31978470718695,35.65625975185827
244,5,4,basic,554,237,42.7797833935018,938.9831223628692,126.14345991561181,190.55455997119665,127.39319255675805,66.85391972567552
245,20,4,smart,556,431,77.51798561151078,514.030162412993,135.04176334106728,757.6988359499277,275.23536409986167,36.32516654916051
246,20,4,smart,555,419,75.49549549549549,439.50357995226733,127.43436754176611,756.2294385463738,251.18994325990764,33.21610221135342
247,20,4,basic,559,445,79.60644007155635,422.4269662921348,125.96179775280899,757.1318058163399,275.97130934412144,36.44957287807623
248,20,6,basic,545,427,78.34862385321101,339.8711943793911,128.63466042154568,757.5450247492928,267.13110688896023,35.26273662444901
249,20,4,basic,555,440,79.27927927927928,365.27272727272725,133.30227272727274,756.9910501505465,276.5278117496932,36.52986540523812
250,15,8,smart,554,386,69.67509025270758,508.41709844559585,119.72279792746114,568.4289547051927,229.15135046478903,40.31310308315223
251,10,6,smart,545,324,59.44954128440367,627.0092592592592,122.18518518518519,379.53631192821615,184.99329110405722,48.741921468385364
252,15,4,smart,561,389,69.34046345811052,645.2776349614396,129.7969151670951,567.8497752216556,223.7013154565023,39.3944534660038
253,20,4,basic,556,434,78.05755395683454,413.5990783410138,128.93087557603687,756.6127680795339,263.7130598845388,34.854428977441955
254,5,6,smart,546,185,33.88278388278388,980.6216216216217,121.41081081081082,189.12189296253408,89.15427626733515,47.14117169131605
255,15,6,basic,547,381,69.6526508226691,512.005249343832,125.35433070866142,568.6373839597723,226.94975915509752,39.91115701445913
256,20,6,smart,543,384,70.71823204419888,430.6119791666667,124.921875,755.5789403062496,237.52529788954064,31.436198816402616
257,10,8,smart,563,342,60.746003552397866,659.9239766081871,113.73684210526316,379.7466449477514,185.771155535489,48.91976216433693
258,20,6,smart,543,409,75.32228360957643,435.11735941320296,128.1271393643032,757.0017672583871,248.7791401399285,32.86374628171942
259,15,4,smart,559,401,71.73524150268337,623.8154613466335,124.89526184538653,568.6078892708733,232.70080051043382,40.92465210231719
260,5,8,smart,559,232,41.50268336314848,926.25,109.1853448275862,190.06869697055453,113.06424659265251,59.48599027338438
261,5,4,basic,557,167,29.982046678635548,1081.6526946107786,125.33532934131736,188.84972111490396,80.4322708659745,42.590621998872955
262,10,8,smart,563,339,60.213143872113676,655.1946902654868,115.89380530973452,379.3086555372519,178.69055995549243,47.109539249083454
263,10,6,basic,547,365,66.72760511882998,603.1917808219179,119.63835616438357,380.37692905448625,203.32725691505632,53.454150707949786
264,5,8,smart,560,265,47.32142857142857,945.1547169811321,125.21132075471698,190.3445779552572,133.45342097211835,70.11149064802265
265,15,6,basic,547,379,69.28702010968921,396.05013192612137,116.49868073878628,568.1118257213128,213.89413840342237,37.650006340186295
266,10,8,smart,557,343,61.57989228007181,672.7172011661808,112.19241982507289,379.79577476812534,190.1380664062344,50.06323899267136
267,10,4,smart,562,321,57.11743772241993,663.3551401869158,118.58878504672897,379.47320136445103,178.0222711273186,46.91300215330454
268,20,6,smart,547,371,67.82449725776965,412.5067385444744,119.4366576819407,755.78979517534,218.44910419218942,28.903420711245538
269,15,4,basic,558,398,71.32616487455196,472.20100502512565,122.53517587939699,568.5381510731866,240.2341449872482,42.2547096503157
270,5,4,smart,558,228,40.86021505376344,1106.9254385964912,122.0219298245614,190.12867254777794,120.0707259244082,63.15235062414655
271,15,4,smart,559,365,65.29516994633273,583.5013698630137,129.91232876712328,568.3294904755365,223.77837220890393,39.37475988122006
272,5,4,basic,561,266,47.41532976827095,1044.454887218045,127.95112781954887,190.797649878286,138.2992029246412,72.48475178434603
273,5,4,basic,559,227,40.608228980322004,1041.9118942731277,125.01762114537445,190.40205551943,119.54778568235359,62.78702472839327
274,20,8,smart,562,427,75.97864768683274,463.24824355971896,125.56440281030444,756.2297682324701,254.27714668298415,33.62432389792115
275,5,8,basic,559,241,43.112701252236135,1203.0539419087138,127.33195020746888,189.93452204331163,118.4243567355824,62.35009594968606
276,5,6,smart,546,214,39.1941391941392,1056.9672897196263,116.99532710280374,189.6133824267528,102.1371976791248,53.86602800494852
277,10,4,basic,556,349,62.76978417266187,646.7736389684814,134.1002865329513,380.6208365000485,212.07090360872905,55.717103025362626
278,5,4,smart,553,228,41.22965641952984,1022.5701754385965,119.69736842105263,189.6163649139483,114.47355946271226,60.37113912328329
279,5,8,smart,564,218,38.652482269503544,1088.4357798165138,124.6743119266055,189.3305112687408,105.35700312041061,55.64713390060203
280,20,8,basic,561,431,76.8270944741533,364.2877030162413,124.83990719257541,757.060926393286,265.5826938606643,35.080755669946775
281,10,6,smart,548,332,60.58394160583942,546.8373493975904,116.55421686746988,379.8198133398088,183.88033945781157,48.41251904183882
282,5,8,basic,563,240,42.62877442273535,979.4166666666666,122.32916666666667,190.27291948881506,121.5683117702957,63.89154699307692
283,10,6,smart,547,315,57.586837294332724,581.8888888888889,120.02857142857142,379.1417299049611,170.29395435508877,44.915645238464286
284,20,8,smart,561,425,75.75757575757575,435.30117647058825,122.10117647058823,756.517874514405,250.213931392836,33.074424256458414
285,15,8,smart,562,397,70.64056939501779,568.0705289672544,121.70025188916877,567.4903856634196,223.5451423541511,39.39188187176381
286,5,4,smart,555,199,35.85585585585586,1115.0251256281408,136.77386934673368,189.5345701642158,102.90732587015495,54.29475255147089
287,5,8,basic,557,275,49.371633752244165,1065.88,114.76727272727273,190.41900079574572,135.01646140586234,70.9049311474377
288,20,8,basic,562,434,77.22419928825623,376.39861751152074,124.37096774193549,756.5465396676776,255.38011515731964,33.75603505760512
289,10,8,smart,563,346,61.45648312611013,827.0953757225434,125.30057803468208,379.41112899016633,193.8667800549612,51.09675632629792
290,5,4,basic,556,271,48.74100719424461,909.3726937269373,118.01845018450184,190.49223117375243,136.93407495785834,71.88433570971068
291,10,8,basic,561,345,61.49732620320856,578.9855072463768,113.2463768115942,379.36781071291057,186.67021251322834,49.20560132986412
292,5,4,smart,554,265,47.833935018050546,1000.2528301886792,121.98867924528302,191.2219670881052,134.56041463248468,70.36870119136792
293,20,4,basic,562,427,75.97864768683274,452.6112412177986,131.45901639344262,757.8055823107618,277.9233993072792,36.67476273529324
294,10,8,smart,560,329,58.75,650.6079027355623,125.0790273556231,378.6507482815511,179.58665456567851,47.42804692205291
295,10,4,smart,559,334,59.74955277280859,692.565868263473,124.14670658682634,379.8186722093035,188.1620671456777,49.53997286420632
296,15,6,smart,543,360,66.29834254143645,529.875,123.20833333333333,567.0390380529374,208.27838303980846,36.73087196165215
297,20,6,smart,542,398,73.43173431734317,429.85929648241205,121.20603015075378,756.5060690310893,232.30397000718122,30.707482664971785
298,15,6,basic,545,399,73.21100917431193,456.36842105263156,127.12781954887218,569.1749314452188,248.33704634956538,43.63105833192637
299,20,8,basic,562,425,75.62277580071174,355.20235294117646,120.79529411764706,756.4779982600287,262.38586639025914,34.68519467767358
300,20,6,basic,541,394,72.82809611829944,389.11421319796955,125.13959390862944,756.3193174393043,248.987977532605,32.921012565910914
301,20,6,basic,542,426,78.59778597785979,372.2112676056338,131.2394366197183,757.3102371886519,263.1065750013836,34.74224460217375
302,5,4,smart,563,272,48.31261101243339,972.7904411764706,122.37867647058823,190.5140195939327,134.82356274061598,70.7683156483617
303,10,4,smart,558,352,63.08243727598566,662.2869318181819,121.82386363636364,379.9740234903454,200.40360224493077,52.74139542594883
304,15,6,basic,541,383,70.79482439926062,484.0809399477807,121.32637075718016,568.418254872963,219.7325806578974,38.65684797667272
305,5,4,smart,558,261,46.774193548387096,1083.4061302681991,130.71264367816093,190.17269690416805,132.6020302973635,69.72716507469231
306,15,6,smart,552,382,69.20289855072464,544.937172774869,119.27486910994764,567.6591757718128,223.1188975520224,39.30508077292343
307,10,4,smart,550,333,60.54545454545455,649.5405405405405,122.85285285285285,380.0552135422486,192.574654359599,50.67017830507713
308,10,8,basic,557,353,63.37522441651705,641.5155807365439,113.16147308781869,379.50722872628324,185.30828403812575,48.82865727223814
309,5,8,smart,558,220,39.42652329749104,852.7181818181818,107.57727272727273,189.63046968559706,109.11147520747386,57.53899960717187
310,5,6,smart,540,215,39.81481481481482,1011.6883720930233,135.5581395348837,189.85935799521351,107.37976049685018,56.55752849409578
311,5,6,smart,547,257,46.983546617915906,928.7198443579766,124.08949416342412,190.72209260861467,130.14644389138786,68.2387877100659
312,5,6,smart,547,263,48.08043875685558,1004.8441064638783,137.1102661596958,190.4825351531247,134.07962276220385,70.38945730873448
313,15,8,smart,558,407,72.93906810035843,601.1228501228501,129.36609336609337,568.2985600655065,229.27406109390736,40.343945454917126
314,20,6,basic,548,430,78.46715328467153,400.34418604651165,131.78604651162792,756.9736103528962,272.81149571332986,36.03976307524735
315,10,4,basic,561,377,67.20142602495544,604.3527851458886,124.71087533156499,379.88698326073353,206.47750103870243,54.35234955049451
316,15,4,basic,558,438,78.49462365591397,593.1118721461187,130.1917808219178,569.5190600786541,262.2111601105613,46.04080503896539
317,15,6,smart,547,366,66.91042047531994,483.3224043715847,118.85245901639344,567.9268008013892,211.60865044420657,37.259845836754
318,10,6,smart,541,323,59.70425138632163,740.8730650154798,122.58204334365325,379.0136875444383,184.5211599146368,48.68456363940741
319,15,8,smart,560,394,70.35714285714286,466.4695431472081,123.53045685279187,567.5712051126427,223.29976129951007,39.34303912672825
320,15,6,basic,544,380,69.85294117647058,479.9947368421053,125.07894736842105,568.5761265980692,229.84020179509878,40.42382207819544
321,15,6,smart,545,352,64.58715596330276,449.2556818181818,113.80113636363636,567.2722427117787,201.55348463385,35.53029206406207
322,5,6,smart,546,208,38.095238095238095,1000.2403846153846,111.77403846153847,189.75749019182868,102.35628561474738,53.94057726589547
323,5,4,basic,562,225,40.0355871886121,980.9377777777778,129.68444444444444,190.4840572258328,124.4099274746386,65.31251448888528
324,10,4,smart,559,306,54.74060822898033,584.7647058823529,119.25816993464052,379.0690541739554,173.16642108115013,45.682025260147924
325,15,8,smart,557,402,72.17235188509873,483.7786069651741,118.73880597014926,568.2452993379561,234.81589891896712,41.32298132383029
326,15,4,smart,558,402,72.04301075268818,587.1094527363184,128.65174129353233,568.5626341681641,238.97053676682324,42.03064401452431
327,20,4,basic,563,449,79.75133214920072,396.0022271714922,131.18040089086858,757.5368062666628,287.10539657518655,37.899860996869066
328,15,4,smart,557,370,66.42728904847397,557.645945945946,126.66756756756757,568.6869256105874,225.43441635189419,39.641216669409076
329,5,8,basic,561,275,49.01960784313725,1114.56,136.74545454545455,190.5953544735508,144.36875057914983,75.74620639517428
330,20,4,basic,557,454,81.50807899461401,380.8612334801762,132.72466960352423,758.4277632502467,299.9916038281095,39.554406940813145
331,20,6,basic,544,423,77.75735294117648,458.64066193853427,128.65484633569739,756.759672099941,257.75980993746447,34.06098652458631
332,5,8,basic,561,233,41.53297682709447,828.5622317596567,111.18025751072962,190.23063687515113,119.7519863182136,62.950946432885644
333,10,4,smart,556,323,58.09352517985612,700.953560371517,130.75232198142416,379.6266636746964,186.38616269287638,49.09722644049877
334,5,8,smart,563,262,46.53641207815276,949.9236641221374,116.38167938931298,190.6003689967631,128.51888608594206,67.42845607404078
335,20,8,smart,561,425,75.75757575757575,425.66117647058826,121.67764705882352,756.3903927695933,254.47007470956342,33.642689957734355
336,20,4,basic,553,426,77.03435804701627,449.1431924882629,136.18779342723005,757.503512696482,275.80141443565907,36.4092588104166
337,5,6,basic,544,221,40.625,1053.0497737556561,140.50226244343892,189.88416358038043,115.46224803217719,60.80667595183657
338,10,4,smart,558,340,60.93189964157706,647.9705882352941,125.22647058823529,379.9577085125595,198.72753101184054,52.302539614161184
339,10,8,smart,557,336,60.32315978456014,584.7113095238095,108.53869047619048,379.25321460188474,176.18939382463867,46.45692825823265
340,15,6,basic,541,385,71.1645101663586,505.9038961038961,130.6883116883117,568.4459106858814,237.6127097086861,41.80040796176805
341,10,4,basic,562,332,59.07473309608541,681.6265060240963,116.45180722891567,379.9661700978639,189.82940010060693,49.959552991708335
342,20,6,basic,541,398,73.56746765249538,399.6005025125628,124.50753768844221,756.6033844506555,243.65734663222676,32.20410477137083
343,15,8,smart,562,379,67.43772241992883,483.8548812664908,116.08707124010554,567.4922414968008,221.74876520604192,39.07520649465866
344,20,8,smart,558,423,75.80645161290323,404.27659574468083,124.56501182033097,755.9033401200156,240.43658873700343,31.80784843454046
345,5,8,smart,559,273,48.837209302325576,1050.2747252747254,121.7948717948718,190.27652440174458,134.83489073686744,70.8625991360767
346,15,8,basic,557,420,75.40394973070018,481.5452380952381,122.02619047619048,568.6865241127838,240.25921194523744,42.248093063233625
347,10,4,smart,559,346,61.89624329159212,626.4537572254335,122.92196531791907,380.2541734256112,201.44219623364737,52.97567004167419
348,15,4,smart,558,371,66.48745519713262,571.6603773584906,123.79514824797843,567.8698112014046,220.893013292715,38.89853077862799
349,15,8,basic,561,410,73.0837789661319,450.190243902439,126.35609756097561,568.7634354145375,238.2054917668153,41.88129491713925
350,15,8,basic,560,400,71.42857142857143,382.0275,119.4075,568.2896861489401,234.78781461344136,41.314811853176415
351,20,6,basic,543,426,78.45303867403315,428.82394366197184,127.09389671361502,756.327985993626,249.54491483953802,32.994272255005654
352,5,8,smart,554,239,43.14079422382672,1026.6192468619247,123.39748953974896,189.74302986511498,115.32501925210245,60.779581381242295
353,15,4,basic,562,390,69.3950177935943,574.0282051282052,130.25897435897437,569.3274312528278,245.94953936296778,43.20001564332602
354,5,6,basic,540,241,44.62962962962963,1064.4439834024897,118.30290456431536,189.9283603373081,119.95801498833984,63.159611747975575
355,10,6,smart,546,331,60.62271062271062,634.3262839879154,118.10876132930514,379.50330268405315,178.85624804342459,47.12903597372045
356,10,8,smart,560,349,62.32142857142857,629.8309455587392,120.46131805157593,379.32940712751173,193.79736694403607,51.089465594448626
357,5,8,smart,560,214,38.21428571428571,1149.4252336448599,133.72429906542055,189.59546035991784,108.07563147232456,57.00328017725719
358,20,8,basic,559,466,83.36314847942755,341.7381974248927,127.10729613733906,757.6015383633564,279.83148401029996,36.936498916675745
359,10,8,smart,563,379,67.31793960923623,748.9973614775726,127.40105540897098,379.90306353653887,208.26628120632785,54.820900697026595
360,10,6,basic,547,357,65.26508226691043,611.0420168067227,120.0280112044818,380.0989172359654,197.0106495292957,51.831415612002786
361,10,4,basic,564,346,61.347517730496456,740.820809248555,128.99132947976878,379.70134630509375,196.64166926287052,51.78850988452041
362,10,4,basic,556,360,64.74820143884892,565.8083333333333,124.08333333333333,380.37645162748527,211.15396901389767,55.51184047026324
363,20,4,basic,559,447,79.96422182468694,330.7046979865772,127.99776286353467,757.9088059850237,281.8163471007776,37.18341110109048
364,10,6,smart,548,340,62.04379562043796,731.1911764705883,127.85,379.1399376260344,189.23184424501096,49.91081800294546
365,10,6,basic,547,330,60.3290676416819,646.2121212121212,122.98484848484848,378.91381577705,181.47010656191793,47.892185242644615
366,15,8,smart,562,411,73.13167259786478,444.2019464720195,118.37712895377129,568.1620030985583,233.3890189386947,41.07789990634221
367,10,6,basic,544,329,60.47794117647059,674.5623100303951,136.17325227963525,379.68340924731615,194.83299779628607,51.3145934352314
368,15,6,smart,546,372,68.13186813186813,585.494623655914,118.67204301075269,567.7663995060863,213.740575037071,37.64586548675813
369,5,8,basic,554,268,48.375451263537904,912.2985074626865,121.0223880597015,190.81971972646187,139.8195658873487,73.2731219225029
370,15,4,basic,559,410,73.34525939177102,485.35121951219514,126.49512195121952,569.1910700308682,249.39383740437273,43.815486667921135
371,20,8,smart,560,421,75.17857142857143,396.66745843230404,121.34679334916865,755.4508514409642,245.65849248270803,32.518130334241256
372,20,6,smart,546,393,71.97802197802197,428.4580152671756,123.91094147582697,754.7833115824859,232.1752472585694,30.76051678617384
373,5,8,basic,562,278,49.46619217081851,1134.8705035971223,122.5251798561151,190.41948254399793,136.84473507775013,71.86488128709786
374,15,6,basic,552,409,74.09420289855072,471.80684596577015,124.14669926650367,568.7133895355194,248.1937880423628,43.64127741832631
375,10,8,basic,565,379,67.07964601769912,709.9234828496042,122.45646437994723,380.56019677541605,213.69049349639332,56.15156164702656
376,10,4,smart,556,331,59.53237410071942,720.3957703927492,119.29305135951661,378.92204066897307,177.71545576035803,46.90026883804591
377,5,8,smart,558,191,34.229390681003586,1031.7434554973822,115.89528795811518,189.4890401479019,96.44652059335881,50.89820525666256
378,15,6,smart,545,377,69.1743119266055,483.9336870026525,127.04774535809018,568.5475509709953,222.17240914797017,39.07719042471162
379,5,6,basic,543,241,44.38305709023941,1141.1701244813278,120.74688796680498,189.780874617718,113.64479679939197,59.88211247751414
380,20,4,smart,550,425,77.27272727272727,497.08,128.24941176470588,756.5055895423703,262.8240318630567,34.74184929975808
381,5,8,basic,562,259,46.08540925266904,993.6447876447877,126.1969111969112,190.59938608929272,133.06169711400514,69.81223803715079
382,15,8,basic,562,430,76.51245551601423,469.5860465116279,119.84418604651162,569.1497991860236,249.51892815404264,43.840642395182265
383,20,6,basic,545,427,78.34862385321101,371.88290398126463,126.52927400468384,757.4593580711379,267.38608839558395,35.30038747906947
384,5,8,basic,564,259,45.92198581560284,1029.142857142857,119.10424710424711,189.88385738468293,123.69505114368205,65.14247859052603
385,20,8,basic,563,469,83.30373001776199,353.36460554371,130.58422174840086,757.8367722144045,286.5072269199079,37.80592832447701
386,10,8,smart,561,330,58.82352941176471,689.5242424242424,123.0969696969697,379.0165119182612,185.11272626912736,48.840280158836144
387,5,6,basic,546,231,42.30769230769231,963.1038961038961,117.6969696969697,190.05318583273984,110.21683050475792,57.99262454971761
388,20,8,basic,562,454,80.78291814946618,401.1211453744493,123.26431718061674,757.0640872795412,268.9962322586665,35.53150080401863
389,10,8,smart,562,358,63.70106761565836,544.7067039106146,117.72905027932961,380.05897778650547,205.5005236538247,54.07069314627865
390,5,6,basic,546,218,39.92673992673993,841.5733944954128,118.01834862385321,190.0199818926378,109.67578668365631,57.7180281732811
391,10,4,basic,552,340,61.59420289855072,664.7470588235294,117.67647058823529,379.7101884556109,191.41480376289667,50.410763151085035
392,15,8,basic,562,410,72.95373665480427,444.91951219512197,117.85853658536585,568.6214914275233,243.661021903357,42.851180543958414
393,15,4,smart,564,390,69.14893617021278,561.5512820512821,133.12307692307692,567.9919846748287,234.65853614464052,41.31370555853545
394,15,8,basic,562,410,72.95373665480427,518.780487804878,119.11219512195122,568.9200264026184,235.70517038032423,41.43028183956356
395,15,4,smart,550,390,70.9090909090909,540.074358974359,128.7846153846154,568.5988766909853,238.01094279490266,41.85920031710751
396,10,6,basic,546,355,65.01831501831502,784.1577464788733,128.04225352112675,379.94144442375335,202.8381607739677,53.38668990996934
397,15,6,smart,546,376,68.86446886446886,626.2260638297872,123.17553191489361,566.9083535416717,214.66983728981674,37.866762052225965
398,10,8,smart,554,346,62.454873646209386,655.849710982659,123.3699421965318,380.1042541320442,196.1409392248612,51.60187950875286
399,5,8,basic,558,254,45.51971326164875,1002.0590551181102,114.94094488188976,190.49087559481757,135.6411679883872,71.2061234244636
400,15,6,basic,541,395,73.01293900184844,511.9037974683544,124.41012658227848,568.3494266360622,235.61443768997415,41.455911917519686
401,20,6,smart,547,405,74.04021937842778,417.6296296296296,126.39753086419753,755.6030868533592,233.1578528249793,30.857186382859304
402,15,8,smart,557,373,66.96588868940754,476.75335120643433,116.58713136729223,567.6861049291788,207.56762639767592,36.563802530197705
403,10,6,basic,546,330,60.43956043956044,691.7060606060606,113.0030303030303,379.69539394617846,176.59540935001536,46.50975812865606
404,5,4,basic,563,204,36.234458259325045,1047.7843137254902,119.19117647058823,189.5214351776114,99.64011703805949,52.57458975270054
405,5,6,smart,544,280,51.470588235294116,1006.2285714285714,120.58571428571429,191.4774587587228,141.36721004631684,73.82968781952086
406,15,6,smart,545,362,66.42201834862385,522.8508287292817,120.73204419889503,567.5845632823653,210.48433821027845,37.08422529905302
407,10,8,smart,562,359,63.879003558718864,666.7743732590529,119.74094707520891,380.11451257072446,200.41729946138764,52.72550582348465
408,20,4,smart,563,436,77.44227353463587,467.36467889908255,127.9288990825688,756.9041334810197,265.1020038896693,35.02451528048328
409,15,4,basic,561,414,73.79679144385027,462.43719806763283,129.93961352657004,569.5199410868465,252.85247375471337,44.39747505103701
410,20,4,smart,561,407,72.54901960784314,427.54545454545456,126.987714987715,756.5104805551451,246.22895272908409,32.54798962578754
411,15,8,basic,558,398,71.32616487455196,405.3140703517588,117.70100502512562,568.194186730474,229.44806722423328,40.38198077043566
412,20,4,smart,556,405,72.84172661870504,417.5283950617284,127.73827160493828,755.9591946289013,258.2442612319642,34.16113767340786
413,5,8,smart,560,210,37.5,1113.5761904761905,122.5047619047619,189.46192747696506,100.13850832283406,52.85415896289189
414,10,4,smart,555,345,62.16216216216216,621.3014492753623,121.59710144927536,379.39523361787786,191.27316325196676,50.41527839662179
415,10,8,basic,560,365,65.17857142857143,624.0109589041095,119.16986301369863,379.74513696688933,195.9065874878153,51.588965444710034
416,10,8,smart,563,315,55.95026642984015,662.2952380952381,117.93015873015872,378.5954498374842,170.7497156132715,45.10083670751127
417,20,8,smart,559,422,75.49194991055455,460.4028436018957,123.6563981042654,755.9805680308032,248.90535066603513,32.924834472186234
418,20,4,basic,559,440,78.71198568872988,405.4159090909091,135.36136363636365,757.9735026504288,281.6351454503748,37.156331252421445
419,15,4,basic,558,421,75.44802867383513,498.22802850356294,130.14489311163896,569.0558830766524,258.05810383827117,45.348464274379616
420,15,8,basic,561,402,71.65775401069519,486.9303482587065,126.18407960199005,569.1172917660108,241.73526486009493,42.47547357241132
421,10,4,basic,563,341,60.56838365896981,645.6011730205279,118.17888563049853,379.55172451555313,185.36966053510517,48.83910375369909
422,20,4,smart,553,421,76.13019891500905,429.6508313539192,127.15439429928742,756.1657178018362,252.57929870246048,33.40263817258275
423,10,4,basic,554,321,57.942238267148014,599.4517133956386,126.93769470404985,379.4573100672892,183.97443505246673,48.483565916767425
424,15,8,basic,556,410,73.7410071942446,469.42926829268293,121.45365853658537,569.0939074954637,244.80429831047738,43.01650309135119
425,15,6,smart,543,364,67.03499079189686,444.0192307692308,119.82967032967034,567.2977530492834,205.42585989542198,36.21129447300593
426,15,6,smart,541,362,66.91312384473198,488.1574585635359,119.24309392265194,567.3926357890364,206.44390408903797,36.384663999374915
427,15,4,smart,556,364,65.46762589928058,471.3296703296703,129.47527472527472,567.7320629884794,219.6249259317762,38.684608506289855
428,20,4,basic,554,432,77.9783393501805,426.5740740740741,132.90740740740742,757.5273574137931,276.5426739397239,36.50596526095687
429,20,4,basic,562,438,77.93594306049823,397.1324200913242,126.4337899543379,757.7362304567645,278.4571724930733,36.74856253411809
430,20,4,basic,555,436,78.55855855855856,373.8463302752294,130.71100917431193,757.3357469676135,277.003629980395,36.57606696759299
431,15,8,basic,560,414,73.92857142857143,421.1811594202899,125.44202898550725,569.34606570511,249.9862098140213,43.90760292765427
432,5,4,basic,557,251,45.062836624775585,994.9760956175298,123.09163346613546,190.32773755636143,136.06578529867912,71.49025520170763
433,20,4,basic,558,426,76.34408602150538,379.3333333333333,131.75586854460093,757.3315337241053,268.50885430284524,35.45459846132099
434,20,4,smart,556,429,77.15827338129496,505.8811188811189,126.2051282051282,756.1107739875346,250.9490621476926,33.189457256937565
435,15,6,smart,541,376,69.50092421441775,604.1117021276596,122.35904255319149,568.0543125464385,221.21012489143624,38.941720889294764
436,10,6,smart,545,300,55.04587155963303,664.6366666666667,117.52666666666667,378.20500280262394,160.31627067009615,42.38872291008835
437,10,6,basic,543,348,64.08839779005525,766.5603448275862,132.18103448275863,379.70614624051893,190.33832273696976,50.12779609219255
438,5,8,basic,562,266,47.330960854092524,1110.906015037594,123.71804511278195,190.675067662463,134.8930164505231,70.74496844512129
439,15,8,basic,563,405,71.93605683836589,435.3407407407407,120.19753086419753,568.5651752281473,233.68273260181118,41.10043013240156
440,20,8,basic,562,448,79.7153024911032,363.18080357142856,123.50892857142857,756.9360212557735,268.8418551786241,35.517117382339606
441,10,4,basic,558,350,62.72401433691756,549.8571428571429,119.75428571428571,379.83964251207794,196.99647052359032,51.86306232302393
442,20,8,basic,556,446,80.2158273381295,343.6838565022422,121.80717488789237,757.5714640438856,269.0746025932601,35.51804883950497
443,20,6,basic,545,407,74.6788990825688,334.9115479115479,117.12776412776412,756.3253632534985,240.4555206089137,31.792603063652642
444,5,4,smart,557,259,46.49910233393178,922.6756756756756,116.74517374517374,190.38661025047762,127.80128340308482,67.127243473134
445,10,8,basic,556,358,64.38848920863309,569.2290502793296,118.40223463687151,379.6987449949043,200.2932825750496,52.75057798195715
446,5,6,basic,544,227,41.72794117647059,1227.0969162995596,124.40088105726872,189.82228535956355,111.65978366527723,58.823327015460805
447,15,4,smart,556,361,64.92805755395683,546.0304709141275,132.22437673130193,568.3341843176488,219.89744917410542,38.69157535158964
448,15,6,smart,549,378,68.85245901639344,510.79100529100526,119.27513227513228,568.1671393675014,211.22184839899631,37.17600574966973
449,20,6,smart,542,403,74.35424354243543,437.48138957816377,124.8014888337469,755.1109261270128,242.9674719085803,32.17639468611161
450,20,8,basic,557,446,80.07181328545781,391.8811659192825,124.23766816143498,757.2893634533843,272.14777775952655,35.93709233132242
451,20,6,smart,544,409,75.18382352941177,494.5452322738386,121.07823960880195,756.0559163696031,236.45538036881644,31.274853519329326
452,5,8,basic,559,234,41.86046511627907,1049.559829059829,129.27350427350427,189.69808744122733,117.25601059354915,61.81190974309514
453,20,8,basic,563,440,78.15275310834814,409.225,122.10681818181818,756.9638341770288,264.67997231302724,34.96599974301115
454,10,6,basic,545,354,64.95412844036697,613.6581920903955,119.41525423728814,379.9551823340365,201.13768264742276,52.937212597509244
455,15,4,smart,555,396,71.35135135135135,532.5984848484849,126.39393939393939,568.265712990486,232.4017146247765,40.89666318275081
456,20,8,basic,558,441,79.03225806451613,429.3809523809524,128.66666666666666,757.5945185627162,274.14113782434623,36.185734071101514
457,5,4,smart,556,259,46.58273381294964,942.1853281853282,120.4054054054054,190.14294441101362,133.36112493822492,70.13729873139603
458,5,8,basic,556,260,46.76258992805755,1029.9576923076922,120.82692307692308,190.7577530969254,139.32970171628554,73.04012521341197
459,10,6,basic,543,333,61.32596685082873,729.6516516516516,120.09009009009009,379.38095113850443,183.1064748347962,48.264541033307616
460,10,4,smart,563,356,63.232682060390765,600.3202247191011,120.67415730337079,379.56772663292634,198.81801028616087,52.38011462403242
461,5,6,smart,545,249,45.68807339449542,962.2971887550201,134.4417670682731,190.6944953909532,130.53789885420537,68.4539417808482
462,5,8,basic,560,283,50.535714285714285,1104.8798586572439,125.41696113074205,190.2297804757155,133.35885228821468,70.1040877799042
463,5,4,basic,555,260,46.846846846846844,994.8115384615385,128.41538461538462,190.2046646061364,131.39619813348727,69.08148041772483
464,5,6,smart,545,250,45.87155963302752,975.7,124.372,190.4571791851003,133.4176744902384,70.05127087415974
465,15,8,smart,561,388,69.16221033868094,570.1237113402062,120.37113402061856,568.0232626262784,218.8032030483215,38.5201130736576
466,15,4,smart,560,373,66.60714285714285,506.70777479892763,127.26809651474531,568.2334946066636,221.6722971420687,39.01077624709755
467,20,6,smart,546,409,74.9084249084249,424.7334963325183,121.60880195599022,756.2619703291689,239.99453599472287,31.734312369331942
468,20,6,smart,545,390,71.55963302752293,448.85128205128206,118.04102564102564,755.4726360130827,222.51369869624364,29.453574899884305
469,20,4,basic,558,414,74.19354838709677,376.7004830917874,130.2512077294686,756.759277751197,263.6893540201689,34.84454856024417
470,5,8,basic,559,227,40.608228980322004,962.2995594713657,111.66079295154185,189.83205273433018,111.81291141105844,58.900965248234726
471,20,6,smart,547,401,73.308957952468,537.2543640897755,126.63092269326684,755.9002170321126,234.874013405184,31.07209233612457
472,15,8,smart,563,405,71.93605683836589,519.4271604938272,115.80740740740741,567.7796893700428,222.57545745209026,39.2010249079251
473,10,4,smart,558,310,55.55555555555556,841.4935483870968,122.65161290322581,379.30941784631597,180.06198281337325,47.47100239054138
474,10,8,basic,558,344,61.648745519713266,663.4709302325581,121.67732558139535,379.79463084360856,193.71147983046689,51.004270228936754
475,5,8,smart,560,249,44.46428571428571,1004.570281124498,112.91566265060241,190.15913159108672,120.12442734087384,63.17047534650416
476,5,6,smart,545,181,33.211009174311926,1207.132596685083,139.51381215469613,189.31759716679633,91.07732056329807,48.108217052351094
477,20,6,smart,545,383,70.27522935779817,461.50913838120107,124.85639686684073,756.2292557705595,235.1855883760271,31.099773855797853
478,15,8,basic,559,413,73.8819320214669,459.29782082324454,118.7409200968523,568.661567079652,244.1612148069054,42.93612034672741
479,15,8,smart,562,395,70.2846975088968,479.6886075949367,117.50886075949367,568.0982126685137,230.11311608779243,40.50586869599321
480,15,6,smart,545,360,66.05504587155964,418.18888888888887,119.55277777777778,567.303228392328,213.37395435609238,37.611976043353316
481,5,8,basic,561,284,50.623885918003566,1023.7922535211268,117.57394366197182,190.6514867360679,141.3084393734215,74.1187188165202
482,15,4,basic,550,405,73.63636363636363,477.41234567901233,125.68148148148148,568.9358523201863,249.8913613261425,43.92258992064862
483,20,4,smart,559,419,74.95527728085868,452.82100238663486,124.86396181384248,756.1450381906371,254.43339155806433,33.64875502812164
484,20,6,smart,548,419,76.45985401459853,516.2863961813842,133.99045346062053,755.8190428647888,262.9623763766613,34.79171090740877
485,5,4,smart,556,260,46.76258992805755,952.6538461538462,121.76538461538462,190.2685070700971,131.6423634143769,69.18767873964468
486,20,6,basic,540,412,76.29629629629629,402.69417475728153,130.56553398058253,757.4238049745051,263.33666287665733,34.767413058204745
487,20,6,basic,546,431,78.93772893772893,392.5150812064965,130.68445475638052,757.6073683053633,266.8650429468548,35.22471587674574
488,20,8,smart,559,425,76.02862254025044,421.1623529411765,122.45882352941176,755.9896630351942,249.98417738078314,33.06714226450282
489,20,6,basic,545,433,79.44954128440367,392.18937644341804,127.42494226327945,757.1790400648432,266.63366287639343,35.21408395741639
490,10,8,smart,559,351,62.7906976744186,622.985754985755,124.02849002849003,379.3039209393212,194.56026146076022,51.294028540212445
491,15,4,smart,553,365,66.00361663652802,548.1342465753424,119.27397260273973,568.0790403051617,216.60466172239984,38.12931763967982
492,5,4,basic,558,179,32.07885304659498,1332.7541899441342,129.1731843575419,189.12178124063712,92.72728018062291,49.0304604643277
493,15,6,smart,547,378,69.10420475319927,475.64021164021165,130.31216931216932,568.6610667614248,225.22175825194313,39.60562300046336
494,5,6,smart,541,225,41.58964879852125,1039.7377777777779,127.88,189.88724209687376,110.91653143439429,58.41178702137798
495,10,6,smart,543,329,60.58931860036832,664.1884498480243,127.41033434650456,379.0376835629299,182.95987076556008,48.269572841873945
496,10,8,basic,563,361,64.12078152753108,705.775623268698,116.797783933518,379.36603642096304,192.62559539117,50.775656463200946
497,20,8,smart,554,423,76.3537906137184,441.03309692671394,125.03309692671395,756.5097648935719,252.4467122142472,33.369921173424935
498,10,6,smart,543,335,61.69429097605893,609.5641791044776,119.97313432835821,379.5555467913191,187.98966708463414,49.52889469640434
499,5,4,smart,555,244,43.96396396396396,1103.438524590164,112.8360655737705,190.12309224426815,122.45953765325724,64.41065954046367
500,10,4,smart,557,333,59.78456014362658,570.6846846846847,121.93093093093093,379.93592251699573,195.72579353839288,51.515474567856224
501,15,4,smart,550,368,66.9090909090909,547.4891304347826,128.70923913043478,568.3850659441568,225.13423032531043,39.60945559879112
502,20,4,smart,559,430,76.92307692307693,428.42790697674417,129.22558139534883,756.9045188152803,258.1237682030576,34.102553464349405
503,5,6,basic,541,237,43.80776340110906,1168.493670886076,126.23628691983123,189.9551151839448,111.67151168220326,58.78836775417452
504,10,6,smart,544,326,59.92647058823529,598.2546012269938,117.80061349693251,379.4630555057061,179.41569105961844,47.28146481098487
505,5,8,smart,559,233,41.681574239713775,1148.2274678111587,123.51931330472102,189.58223301424997,111.64637450384875,58.890737137512694
506,15,4,smart,556,402,72.3021582733813,579.5746268656717,123.11442786069652,568.370335091736,234.47342333482462,41.2536349732222
507,15,4,smart,557,393,70.55655296229803,634.7379134860051,128.04580152671755,568.5340815297872,227.8476254215434,40.0763354078019
508,10,8,smart,560,338,60.357142857142854,618.0029585798817,115.12130177514793,378.8863270455891,180.28506274678435,47.58288961034262
509,5,8,smart,561,252,44.919786096256686,926.0793650793651,118.03571428571429,190.11203031353773,126.30096286053933,66.43501868463584
510,15,8,basic,560,414,73.92857142857143,456.5990338164251,125.09903381642512,568.762843367515,239.6311921379985,42.13200544522158
511,20,8,basic,557,440,78.99461400359067,339.9340909090909,122.75454545454545,757.123158803396,260.9839681642716,34.47047750814368
512,10,4,basic,558,377,67.56272401433692,732.1114058355438,124.49867374005305,380.4042601200987,213.65698745443592,56.16577148399483
513,15,4,smart,563,385,68.38365896980461,479.36103896103896,118.1012987012987,567.8680675693456,221.1346932671039,38.94120939281374
514,20,8,basic,559,456,81.5742397137746,402.3092105263158,126.50219298245614,757.4977639736084,278.47128782511726,36.761994697428484
515,10,6,smart,544,331,60.845588235294116,776.4199395770393,135.66767371601208,379.0384655815367,192.4068807172538,50.76183506126617
516,5,8,basic,561,279,49.73262032085562,1041.7025089605734,115.48387096774194,190.63027540658743,139.18676739453946,73.01398851660565
517,5,8,basic,561,260,46.3458110516934,969.6807692307692,117.62307692307692,190.25827114497312,127.51781958945261,67.02353533544226
518,15,6,basic,544,383,70.40441176470588,468.92167101827675,127.23759791122716,569.1869264535426,235.6086990453611,41.39390560380196
519,15,8,basic,562,416,74.02135231316726,510.65625,119.00240384615384,568.7046351829654,243.22884101806528,42.768921856916634
520,10,4,smart,562,314,55.871886120996436,670.608280254777,124.9171974522293,379.60008610817437,184.42234672250902,48.58332583990887
521,5,4,smart,550,210,38.18181818181819,874.6571428571428,121.05238095238096,190.0924453178013,110.66607352512712,58.216976135013056
522,15,8,basic,565,423,74.86725663716814,514.6146572104019,119.33569739952719,568.6801159594112,242.11204817409543,42.5743825710579
523,10,6,basic,546,336,61.53846153846154,745.5059523809524,129.48809523809524,379.2651799439327,188.08398889551017,49.59168382484121
524,10,8,smart,557,334,59.964093357271096,597.8922155688623,115.02994011976048,379.74192084361937,184.6802643886317,48.633099021133475
525,5,8,smart,561,183,32.62032085561498,884.9071038251366,116.55737704918033,189.3532059808987,94.8468716391975,50.08992118610621
526,20,4,basic,558,441,79.03225806451613,379.51473922902494,129.15192743764172,757.3644071252977,277.47174580472415,36.636491389648775
527,15,6,basic,540,378,70.0,414.94179894179894,121.85714285714286,568.0554031761014,222.56530154327567,39.180210292670836
528,20,6,basic,547,434,79.3418647166362,438.7165898617512,126.98847926267281,757.5404065684172,261.7513294663933,34.552787837694474
529,20,8,smart,560,399,71.25,394.9172932330827,124.11027568922306,755.1739268067745,248.15908144952002,32.86118238997627
530,20,6,basic,548,441,80.47445255474453,361.48979591836735,123.55555555555556,756.8345099099294,261.6918801141679,34.5771600908251
531,20,8,basic,564,445,78.90070921985816,419.114606741573,121.11460674157303,755.904128437834,257.88693636931356,34.11635505977031
532,20,4,basic,557,461,82.76481149012568,419.3275488069414,134.31019522776572,757.9688095822473,302.04713615188575,39.84954688549233
533,15,6,basic,543,378,69.61325966850829,447.962962962963,124.24338624338624,569.1507742019423,234.6143391100296,41.2218255240017
534,15,4,basic,556,404,72.66187050359713,387.13366336633663,127.17079207920793,569.0206206019925,244.60006743396897,42.98615174529098
535,20,4,basic,550,430,78.18181818181819,456.2651162790698,132.66046511627906,758.2416573488456,279.62728242895577,36.87838563323712
536,5,6,smart,540,193,35.74074074074074,1024.8186528497408,133.82901554404145,188.86086393773695,93.75669167823104,49.643261035351635
537,10,6,smart,546,327,59.89010989010989,740.1590214067278,130.4678899082569,379.3563534966978,185.89476344470796,49.00267564553288
538,20,8,smart,561,411,73.2620320855615,353.79318734793185,123.83211678832117,756.4039118965686,249.50615943429582,32.98583673485992
539,5,4,smart,550,232,42.18181818181818,940.6637931034483,124.86637931034483,189.7651790641509,122.49478234707864,64.55071628587285
540,15,8,basic,562,404,71.88612099644128,435.6980198019802,123.67574257425743,569.0454306463887,238.19261365390807,41.85827718242828
541,20,4,smart,561,400,71.301247771836,381.6525,127.395,756.7195159299603,247.15016656538654,32.660736423806206
542,15,6,smart,540,366,67.77777777777779,576.4016393442623,122.81147540983606,567.9437498314963,213.95689108858392,37.672197493512854
543,15,6,smart,542,376,69.37269372693727,481.8058510638298,120.16755319148936,567.9658791685057,220.6024719215876,38.84079660639942
544,15,8,basic,561,390,69.5187165775401,403.95641025641027,116.26666666666667,568.0837401964976,224.69413520915325,39.552995326258156
545,10,6,basic,543,367,67.58747697974218,691.4523160762943,130.12806539509538,380.26520440786965,208.77874734417153,54.90345814555175
546,15,6,basic,544,394,72.42647058823529,526.0913705583756,125.1015228426396,568.2182873106568,227.28378734902608,39.99937918660567
547,5,6,basic,542,228,42.066420664206646,994.3991228070175,137.53508771929825,190.42355624433804,119.2379635113595,62.61723384598583
548,15,6,basic,545,399,73.21100917431193,458.6040100250627,126.74436090225564,569.3027951980605,240.8299329751846,42.302608560247776
549,15,8,basic,558,434,77.77777777777779,611.5552995391705,125.40783410138249,568.8490542337967,247.28251317312004,43.47067316587066
550,20,6,smart,541,388,71.71903881700554,401.41237113402065,126.45876288659794,755.8653328371283,248.28186412603407,32.84736755873061
551,20,8,smart,559,456,81.5742397137746,450.47587719298247,126.14912280701755,756.4663190218656,264.1376058313542,34.9172989185946
552,15,8,basic,562,431,76.69039145907473,465.2853828306265,121.96519721577727,568.8756322003833,252.3443716229484,44.358442749057936
553,10,4,smart,558,338,60.57347670250897,698.8520710059172,123.71005917159763,379.623592555124,190.88071263198358,50.28157268815331
554,5,4,smart,551,249,45.19056261343013,1007.5943775100402,126.42168674698796,190.4694207205827,131.25550429331594,68.91158895572367
555,5,4,basic,551,200,36.29764065335753,945.865,127.405,189.84408301320056,103.09745211931681,54.30638157532046
556,20,4,smart,558,439,78.67383512544804,433.91571753986335,135.64236902050115,757.3718841457282,278.93256960213364,36.82901035027905
557,15,6,basic,540,394,72.96296296296296,491.2994923857868,127.40862944162437,568.3172715715995,232.60927138847802,40.92947426095826
558,5,8,smart,556,242,43.52517985611511,1183.5454545454545,128.8181818181818,189.7132415854488,119.64425300100858,63.06584189966497
559,5,4,smart,550,213,38.72727272727273,1099.3755868544602,124.62910798122066,189.97861117995768,107.41439920663429,56.54025921101494
560,10,8,smart,562,363,64.59074733096085,716.8236914600551,114.22589531680441,379.2846006004455,194.90806873117856,51.388342269266815
561,20,6,smart,545,400,73.39449541284404,385.6175,124.91,756.1329998388082,249.29327987685608,32.96950138798336
562,5,6,smart,544,253,46.50735294117647,1149.7509881422925,131.63636363636363,190.2938543521848,134.86876661668987,70.87394759847714
563,20,8,smart,559,423,75.67084078711986,412.39716312056737,122.67375886524823,755.8673203750085,253.03149614401184,33.47564967069555
564,20,6,basic,541,412,76.15526802218115,292.41747572815535,123.97572815533981,756.8890493042031,249.26716957046392,32.93311877079098
565,5,6,smart,544,244,44.85294117647059,981.094262295082,132.47540983606558,190.27581565710832,127.92107938769219,67.2292897265598
566,20,8,smart,562,437,77.75800711743773,418.81464530892447,124.81006864988558,756.4805466526634,264.7586749468939,34.998742019000964
567,10,6,smart,544,301,55.33088235294118,722.8471760797343,123.34551495016612,378.75142595345073,167.21312322058574,44.14851318371975
568,20,8,basic,562,445,79.1814946619217,397.92808988764045,128.73033707865167,756.9152566704907,273.6059970167496,36.147507215046
569,15,6,smart,545,358,65.68807339449542,589.2625698324023,115.45251396648045,567.6258826857181,200.78911651191353,35.37349557808766
570,5,6,basic,543,237,43.646408839779006,962.0126582278481,132.74683544303798,190.71021874617432,127.21241016608137,66.70455888648247
571,20,4,basic,558,447,80.10752688172043,457.5212527964206,133.37807606263982,757.6872786232983,284.19645754019155,37.508410865307184
572,10,6,smart,540,314,58.14814814814815,691.7547770700637,127.87579617834395,379.2407459462243,180.9332256784288,47.70933176681517
573,20,6,basic,544,431,79.22794117647058,404.3897911832947,134.6983758700696,757.7820627767611,279.0083656124457,36.81907758413651
574,10,6,basic,548,334,60.94890510948905,667.5508982035929,128.03592814371257,380.1856575358309,190.51292580266704,50.11049786503637
575,5,6,smart,545,230,42.201834862385326,1046.1478260869565,116.8695652173913,189.34609696823694,111.1680331874057,58.71155253126463
576,10,4,smart,558,362,64.87455197132617,715.1049723756906,123.8232044198895,379.57323893429736,201.84961270231022,53.17804102023368
577,20,4,smart,557,396,71.0951526032316,433.1388888888889,126.10606060606061,757.5108166362565,248.42895932871474,32.79543392289354
578,15,4,basic,553,398,71.97106690777576,521.2613065326633,131.08040201005025,569.9113323555447,247.67533245620697,43.45857300863292
579,5,6,smart,544,214,39.338235294117645,1031.2056074766356,120.67289719626169,189.78686509181676,106.3936536150169,56.05954530285583
580,15,8,smart,559,397,71.01967799642217,515.1511335012594,118.64231738035265,568.0016879366766,222.65172028811298,39.19913004077819
581,5,4,smart,556,232,41.726618705035975,1097.1681034482758,119.95258620689656,189.4016865886274,113.51729492912396,59.93468008322377
582,5,8,basic,561,271,48.3065953654189,895.7527675276752,117.18081180811808,190.794680138773,139.01906494104352,72.86317670908284
583,15,4,basic,556,416,74.82014388489209,597.1730769230769,135.625,569.5240262621691,261.52829767932684,45.92050301999682
584,10,8,basic,564,374,66.31205673758865,564.9090909090909,112.72994652406418,379.9899224744211,199.5143211495652,52.50516115016062
585,5,8,smart,561,279,49.73262032085562,980.9462365591398,117.49820788530467,190.43967896949954,135.2745168855934,71.0327373043192
586,10,8,smart,563,333,59.14742451154529,583.6756756756756,119.17417417417417,379.4710547158897,180.673112723771,47.61182980320886
587,15,8,smart,554,392,70.7581227436823,519.4234693877551,120.10714285714286,568.1850687280981,224.87037535948917,39.576959645009545
588,10,8,smart,561,317,56.50623885918004,652.7287066246057,115.49842271293376,378.90974514873665,175.9715213875668,46.44154013998538
589,20,8,smart,556,407,73.20143884892086,326.33415233415235,118.13267813267814,755.6622330016714,240.27326901016113,31.79638448460474
590,15,6,basic,548,396,72.26277372262774,565.9545454545455,124.8030303030303,568.2651491696578,225.44135117692866,39.67185943152433
591,10,8,basic,554,342,61.73285198555957,625.2602339181286,116.12573099415205,379.9463541024256,189.41623142679936,49.85341466804461
592,5,4,smart,562,189,33.629893238434164,994.6137566137567,132.56613756613757,189.74658773206104,104.80214407818248,55.23268973151305
593,10,4,basic,558,369,66.12903225806451,622.4417344173442,128.93766937669378,379.8825818775896,212.76675229088494,56.00855697022856
594,20,8,basic,563,446,79.21847246891652,356.9035874439462,118.99775784753363,756.9825902368187,264.90419799959267,34.99475435976917
595,10,6,basic,546,339,62.08791208791209,741.4660766961651,125.33923303834808,379.1542327329671,181.451264465473,47.85684790001184
596,5,6,basic,547,218,39.853747714808044,964.9266055045872,129.9908256880734,189.58722020353525,104.82858522167776,55.29306517028778
597,15,8,basic,563,402,71.40319715808171,470.29353233830847,118.11691542288557,568.3057794534199,233.24480382047065,41.042131235195036
598,10,8,basic,559,350,62.61180679785331,567.5942857142857,111.47142857142858,379.6987121009824,193.8599052585191,51.05624514390274
599,15,6,basic,546,395,72.34432234432234,475.93164556962023,122.73924050632911,568.5511895566101,238.47816837033224,41.94488952812001
600,10,8,smart,561,341,60.78431372549019,568.1231671554252,113.95307917888563,379.283604475967,185.48761035514516,48.90472674436378
601,10,4,basic,557,325,58.34829443447038,663.6492307692308,118.84923076923077,379.2443656786889,181.32651764991556,47.81258050476686
602,5,8,basic,557,268,48.114901256732495,1000.1641791044776,117.31716417910448,190.6028095549039,135.45144336990126,71.06476745343248
603,10,6,basic,540,340,62.96296296296296,689.9794117647059,125.97058823529412,379.7162026562561,192.8965958924192,50.80020145125117
604,5,8,basic,561,275,49.01960784313725,1051.2181818181818,122.93454545454546,190.59732385967575,136.22388619877418,71.4720875614533
605,10,6,basic,545,330,60.550458715596335,742.0272727272727,126.72424242424242,379.67222661705404,186.66042004356115,49.16356977352232
606,15,6,basic,543,389,71.63904235727439,553.2879177377893,127.08997429305913,568.7089101764041,235.51693452816477,41.41256279158899
607,15,6,smart,548,353,64.41605839416059,617.5410764872521,116.34277620396601,566.7646386104542,195.5666981993444,34.50580450446209
608,10,6,basic,547,331,60.51188299817185,557.7039274924472,121.41691842900302,380.31518129373666,191.7996780144665,50.431770133922136
609,5,6,smart,541,150,27.726432532347506,897.0866666666667,119.5,188.94781875573454,76.05464901343709,40.25166816652062
610,20,4,basic,561,444,79.14438502673798,431.990990990991,127.2927927927928,757.9510149699474,277.0363302573364,36.55069058365478
611,15,6,smart,548,395,72.08029197080292,519.0126582278481,117.95443037974684,568.2591991983309,227.42716584487127,40.021730605630864
612,10,4,basic,559,358,64.04293381037567,678.1843575418994,127.44413407821229,379.8723102375108,203.88191623940548,53.67117074469857
613,5,6,smart,543,244,44.935543278084715,1112.6680327868853,123.18442622950819,189.6878986498305,115.29325760597604,60.7805023022638
614,20,4,basic,561,437,77.89661319073083,384.2379862700229,131.93592677345538,757.3502282371202,275.8801376423178,36.42702244699687
615,20,6,basic,552,413,74.81884057971014,400.25181598062954,129.58111380145277,756.751235452677,260.71012966512245,34.45123277653715
616,5,4,smart,561,255,45.45454545454545,1103.3921568627452,121.72156862745098,190.00050288026583,123.82712488684572,65.17199849985602
617,15,4,basic,560,419,74.82142857142857,527.3341288782816,127.74940334128878,569.1778075631732,250.47337122686167,44.00617309715849
618,20,6,smart,548,420,76.64233576642336,513.5690476190476,124.62380952380953,756.115292684814,250.69972333350893,33.156282614430985
619,10,4,basic,563,353,62.699822380106575,521.4844192634561,123.58923512747876,379.9290945179602,205.47066651328362,54.08131924562848
620,20,6,smart,548,400,72.99270072992701,442.0075,124.6425,755.3943661650242,233.5540433483352,30.918160607159308
621,5,4,basic,556,161,28.9568345323741,944.2111801242236,126.58385093167702,189.3382708100401,84.78107243022109,44.77756771914354
622,15,4,basic,558,407,72.93906810035843,565.8992628992629,127.14987714987716,569.1126951781433,249.03884627008287,43.7591444330949
623,20,8,basic,557,436,78.27648114901257,397.04357798165137,121.59633027522936,757.0141078596317,255.94328700037602,33.809579549848216
624,15,8,basic,561,401,71.4795008912656,368.3665835411471,120.34164588528678,568.4943467095723,236.08457392604356,41.52804250253214
625,10,8,smart,554,343,61.91335740072203,685.405247813411,123.71137026239067,379.4336928646051,187.51996606968447,49.42101073153722
626,10,4,smart,551,323,58.620689655172406,738.3219814241486,126.38390092879257,379.5594271447475,185.51174025230014,48.87554543113852
627,5,4,smart,558,218,39.06810035842294,1247.2477064220184,130.78440366972478,189.20402740060794,108.53840938651234,57.36580287305427
628,10,6,basic,541,330,60.998151571164506,560.3909090909091,117.69090909090909,379.64181187658875,187.53986117730926,49.39915870970329
629,5,8,basic,561,222,39.57219251336899,952.0585585585585,117.50450450450451,190.02708366301042,112.29696224101048,59.09524057115736
630,20,6,smart,544,412,75.73529411764706,443.59466019417476,127.59708737864078,754.7599232397628,246.20752263688223,32.62064069062529
631,10,8,basic,561,372,66.31016042780749,729.5456989247311,124.59408602150538,380.1310271926625,202.19548574354533,53.190997650677495
632,10,8,basic,561,356,63.45811051693404,516.9213483146067,116.08707865168539,380.12467503985715,201.38260227375676,52.978039968765835
633,20,6,smart,541,384,70.97966728280961,373.0807291666667,124.81510416666667,755.9417066633181,226.43875031677075,29.954525371573688
634,15,4,basic,561,382,68.09269162210339,581.6858638743455,123.81151832460733,568.360457622162,224.05857167562033,39.421914151630034
635,10,4,smart,552,327,59.2391304347826,671.5107033639143,114.42813455657492,379.1711702476279,180.01002587677405,47.47460777653894
636,15,6,smart,545,344,63.11926605504588,567.5,117.5436046511628,566.5482786134002,197.07183460773334,34.78464979013919
637,20,6,basic,543,401,73.84898710865562,350.2443890274314,131.07481296758104,756.5162570022968,249.2870239217796,32.951971833306246
638,5,6,basic,542,267,49.2619926199262,1018.9588014981273,132.58426966292134,190.77661483393402,140.5410553603765,73.66786305686038
639,10,8,smart,560,345,61.60714285714286,620.2376811594203,119.8840579710145,379.07862810401923,188.5474711422871,49.738354305363174
640,5,8,basic,558,246,44.086021505376344,975.0813008130082,117.4349593495935,189.99701468350693,119.3935399314443,62.839692576395244
641,10,8,smart,559,330,59.0339892665474,675.9909090909091,117.5909090909091,379.2810085484211,179.7221273686403,47.38495292882454
642,15,4,smart,558,389,69.71326164874552,553.6143958868895,125.88174807197943,567.8396283078762,229.08896002152122,40.343954278814756
643,10,4,basic,557,344,61.759425493716336,693.7819767441861,125.26162790697674,379.7737829065382,194.4559425005246,51.20309806861522
644,15,4,basic,556,415,74.64028776978418,541.9180722891566,129.20481927710844,569.6741379536618,251.09337508275743,44.07666740581118
645,15,4,smart,563,404,71.75843694493783,489.4975247524753,119.77722772277228,568.6199044070954,233.16340544954977,41.005143091617796
646,5,6,basic,545,264,48.440366972477065,888.2727272727273,125.43560606060606,190.67322744688934,142.05252064879758,74.50050673126898
647,15,4,smart,558,401,71.86379928315412,475.74563591022445,122.28428927680798,568.7775837704265,241.5315346813713,42.46502351239984
648,15,8,smart,562,404,71.88612099644128,579.6410891089109,124.53960396039604,568.0887914787268,231.18311911271175,40.694891816285526
649,15,8,basic,557,420,75.40394973070018,471.64285714285717,120.39047619047619,569.1778054939514,246.80007146123114,43.360803790838226
650,5,4,smart,559,231,41.32379248658318,932.2943722943722,125.23809523809524,189.78872810809023,116.52135242524795,61.395296541997816
651,5,4,smart,558,198,35.483870967741936,1114.5353535353536,115.39393939393939,189.5280722523669,98.73080274826549,52.09297048977529
652,15,4,smart,553,378,68.35443037974683,592.1349206349206,127.03703703703704,569.0240637302165,227.05157802758544,39.90192902197441
653,10,6,basic,543,358,65.93001841620627,633.522346368715,124.55586592178771,380.7326107422226,207.04505590499375,54.38069922651698
654,10,6,basic,545,336,61.65137614678899,595.6845238095239,125.93154761904762,379.74468975798715,190.8323826197242,50.252811366853464
655,15,4,smart,562,368,65.48042704626334,469.92119565217394,125.77445652173913,568.7979636317098,228.8375104759055,40.231773864801525
656,15,8,smart,560,379,67.67857142857143,485.9287598944591,122.2796833773087,567.6293779821941,221.27931643978283,38.98306272067619
657,15,4,basic,561,407,72.54901960784314,547.1277641277642,120.17444717444718,568.9933071121463,238.16451826679685,41.857173940335215
658,20,6,basic,546,443,81.13553113553114,397.9097065462754,132.7923250564334,757.7240095856398,279.87026974124706,36.935647570979526
659,10,6,smart,547,321,58.68372943327239,646.1682242990654,113.49844236760124,378.8245661737708,171.14529101936557,45.177981129359864
660,5,4,basic,558,248,44.44444444444444,1103.733870967742,116.1774193548387,190.1481264438795,121.71473785041735,64.01048494492548
661,15,4,basic,564,423,75.0,490.51536643026003,131.21513002364065,569.380265756327,256.4557896495992,45.04121499696521
662,5,8,smart,563,244,43.3392539964476,858.6024590163935,126.61475409836065,190.2395083451978,122.74151054972916,64.51946371045565
663,20,6,basic,543,396,72.92817679558011,382.80555555555554,127.08585858585859,756.9483140521677,249.48791195152506,32.95970244202575
664,15,6,smart,546,374,68.4981684981685,499.47860962566847,118.524064171123,567.8272558470364,219.9460538779373,38.734677071786635
665,20,6,basic,544,415,76.28676470588235,386.4024096385542,128.17831325301205,756.8393123736736,258.397101565352,34.141606724278326
666,15,4,smart,558,372,66.66666666666666,569.4059139784946,129.2768817204301,568.7555406305613,226.25869539506803,39.78136110009973
667,10,4,smart,553,330,59.6745027124774,598.1696969696969,117.64848484848486,379.0915480444268,182.18432866226306,48.05813519242913
668,20,4,smart,563,427,75.8436944937833,376.4777517564403,126.50351288056206,756.6801920886352,260.779133671631,34.463586651027875
669,15,6,smart,541,374,69.13123844731977,523.5427807486631,127.54010695187166,567.6550186071897,224.45189577974506,39.540194030251854
670,10,6,smart,542,339,62.54612546125461,649.1769911504425,120.05014749262537,379.86133462148183,186.28768033850682,49.04096925898915
671,5,8,basic,560,242,43.214285714285715,949.2231404958678,125.48347107438016,189.93586084545035,123.01557415377121,64.76690268293687
672,15,6,smart,543,376,69.24493554327809,461.7659574468085,124.20744680851064,568.0270290149755,220.49800309557136,38.81822375212327
673,20,4,basic,558,452,81.00358422939068,413.98230088495575,132.99115044247787,757.6101586885842,278.5363965306486,36.765134856796585
674,5,4,basic,550,220,40.0,1155.3363636363636,124.17727272727272,190.2036821924391,118.51603086488477,62.31006124527908
675,15,6,smart,548,370,67.51824817518248,505.36486486486484,121.38378378378378,568.41211997715,213.94762978015504,37.63952636843065
676,15,6,smart,550,381,69.27272727272728,503.38057742782155,125.53543307086615,568.5299878089598,227.59819624128684,40.032751327405
677,15,4,smart,559,385,68.87298747763863,535.2207792207793,128.72467532467533,568.074835052101,229.701124748569,40.43501147652526
678,5,4,basic,553,249,45.02712477396022,1084.566265060241,127.8714859437751,190.9924040337394,132.50720960174067,69.37826154506797
679,15,4,basic,557,420,75.40394973070018,586.8380952380952,134.29285714285714,568.9954422777383,260.21981633707503,45.73319872218878
680,20,6,smart,540,404,74.81481481481481,419.76237623762376,126.23019801980197,756.393282468732,239.4173283975709,31.652492684249612
681,5,8,basic,562,253,45.01779359430605,1156.189723320158,139.07509881422925,190.090769404167,126.89298185208197,66.753889339195
682,5,8,smart,562,252,44.83985765124555,1023.968253968254,125.75,190.2170551375072,121.38607165375926,63.81450473303233
683,20,4,smart,560,397,70.89285714285715,493.42065491183877,133.56423173803526,756.2623409969707,246.06394186075127,32.53684978368332
684,15,8,smart,563,398,70.69271758436945,447.1884422110553,118.95477386934674,568.2309889797452,227.66067513339337,40.06481159046896
685,20,6,basic,544,433,79.59558823529412,447.9076212471132,123.95842956120093,756.7795999200513,257.5522471057497,34.03266249948577
686,15,4,basic,555,399,71.89189189189189,554.9548872180451,125.77443609022556,568.6978974453851,237.17501285173591,41.704921702214136
687,10,6,basic,550,333,60.54545454545455,604.4324324324324,122.92492492492492,380.1186379472651,188.72591610632514,49.64921402578203
688,10,6,basic,548,348,63.503649635036496,681.1321839080459,119.65517241379311,380.0122213544192,197.76240954433837,52.041065637174555
689,10,8,smart,559,342,61.18067978533095,646.9298245614035,116.6140350877193,379.43714660532726,186.62766755079468,49.185397165374546
690,20,4,basic,558,454,81.36200716845879,425.295154185022,131.41189427312776,758.0822494955344,289.77027274252583,38.22412052720578
691,10,4,smart,550,327,59.45454545454546,709.3180428134557,130.25076452599387,379.73215895647246,188.49937945500335,49.64008841732324
692,15,6,basic,543,391,72.00736648250461,518.9718670076726,132.57544757033247,568.737234537368,234.3427030626249,41.2040374415169
693,5,8,basic,559,267,47.76386404293381,1017.0,115.67415730337079,190.56112971944833,134.17247630535837,70.40915243465045
694,10,8,basic,563,364,64.65364120781527,564.7335164835165,122.41483516483517,380.18820710292556,205.64499027784666,54.090312754538935
695,15,6,smart,541,362,66.91312384473198,448.8066298342541,119.77900552486187,567.9200835268797,212.01420949450565,37.33169782936036
696,5,4,smart,553,210,37.9746835443038,1224.5,125.66666666666667,190.0273829180491,106.83333759129094,56.219969959468266
697,20,6,smart,548,413,75.36496350364963,335.10653753026634,122.27360774818402,755.3871989971938,240.37327908239976,31.821201021344386
698,5,8,smart,559,239,42.75491949910555,1149.326359832636,120.34728033472804,189.89093644839397,117.34043714981037,61.793595494590434
699,20,8,smart,563,422,74.95559502664298,415.62796208530807,120.3436018957346,756.1937448717864,248.53658347183602,32.86678647599442
700,15,8,basic,559,415,74.23971377459749,413.50602409638554,114.30361445783133,568.4137053552201,238.5639638173194,41.97012872309844
701,5,8,smart,559,264,47.227191413237925,973.1969696969697,111.7159090909091,190.7031271129703,135.9899669296149,71.3097729378376
702,15,8,smart,559,381,68.15742397137747,573.8766404199475,121.45931758530183,567.0979102411221,220.20342700963613,38.82987805686124
703,10,8,basic,559,379,67.79964221824687,579.3905013192613,123.78100263852242,380.29074201613855,211.14916187851296,55.52308761425287
704,20,4,basic,550,441,80.18181818181817,340.1156462585034,127.15419501133786,757.8199674362877,281.5551823474155,37.153307440541504
705,20,8,smart,562,435,77.40213523131672,365.93563218390807,120.55402298850575,755.9360095892323,256.70988324012325,33.95920818477965
706,15,8,basic,562,403,71.70818505338077,467.424317617866,120.53101736972705,568.4303321076385,236.172557510831,41.548197583887756
707,10,8,smart,562,347,61.74377224199288,616.342939481268,115.21325648414985,379.708365237149,189.40329969894339,49.88125546843049
708,10,8,basic,562,341,60.67615658362989,733.3782991202346,114.46041055718474,378.8359173113479,178.82507949172793,47.20383451518399
709,20,6,basic,540,401,74.25925925925925,333.9551122194514,124.75062344139651,756.2883284320799,245.1701534780966,32.41755085476169
710,20,4,smart,559,418,74.77638640429338,462.8612440191388,127.5,756.2877988927489,250.3241222735205,33.09905602602741
711,15,6,basic,541,411,75.97042513863215,488.5985401459854,127.35279805352798,569.8765044810331,256.19479636622475,44.95619565848439
712,5,6,smart,548,217,39.5985401459854,1078.8755760368663,131.12442396313364,189.52207922640318,103.74522876938605,54.740444592448746
713,20,8,basic,559,451,80.67978533094812,408.4988913525499,126.06651884700665,757.2326516744629,277.56422427757786,36.65507868206716
714,5,4,smart,554,223,40.25270758122744,908.896860986547,129.08520179372198,190.30281775970005,121.4350761942877,63.81149665772511
715,20,6,smart,548,401,73.17518248175182,460.6832917705736,132.10224438902742,755.9292319105623,243.5284991576629,32.21578011240025
716,15,8,smart,561,393,70.05347593582889,457.70737913486005,118.64885496183206,567.9386635289233,228.53045478168985,40.23858023007295
717,10,6,smart,546,319,58.42490842490843,759.5047021943574,112.04702194357367,378.9166035816959,168.3887417178399,44.43952577589666
718,10,8,smart,561,340,60.60606060606061,713.8470588235294,114.10588235294118,379.53751354871594,178.9244734604353,47.14276377780751
719,5,6,smart,542,222,40.959409594095945,1014.4459459459459,145.55405405405406,190.0712459842208,117.15101083630476,61.635314815598306
720,20,8,smart,559,436,77.99642218246869,395.68119266055044,119.14678899082568,756.0323775457316,249.35542710141573,32.98210956399582
721,10,4,basic,559,323,57.78175313059034,683.2352941176471,128.13003095975233,380.10327422671065,194.1455411049122,51.07705044106383
722,10,8,basic,560,343,61.25000000000001,612.7638483965014,117.84256559766764,379.5650107476401,196.0724999766645,51.657158701339426
723,15,4,smart,563,419,74.42273534635879,577.8854415274463,127.56563245823389,569.010457102296,245.5647565171551,43.15645757508597
724,20,8,smart,557,419,75.22441651705566,341.4200477326969,119.05011933174224,756.16588188358,244.9064381099395,32.38792492196117
725,20,6,basic,548,408,74.45255474452554,370.27450980392155,127.92401960784314,756.5493491271031,248.9221565628809,32.90230265217782
726,10,8,basic,563,367,65.18650088809946,588.2506811989101,116.8283378746594,380.35811139357065,209.44760662316835,55.065897202977
727,5,8,basic,558,241,43.18996415770609,894.9294605809129,111.77178423236515,190.18400084393292,121.44385056195205,63.85597632979139
728,10,4,basic,555,354,63.78378378378379,652.7033898305085,133.94350282485877,380.4998062706326,212.02065721231904,55.72162027896491
729,15,6,smart,544,378,69.48529411764706,514.2116402116402,124.86507936507937,567.5644788280392,225.8983161511493,39.801348494818676
730,20,4,basic,561,449,80.03565062388593,422.0623608017817,124.57906458797328,757.3263835492992,267.4216319344521,35.31127896022177
731,10,8,smart,559,320,57.24508050089445,617.165625,114.446875,379.10609797243023,176.91930097648606,46.6674901624379
732,10,8,basic,558,355,63.620071684587806,586.9154929577464,114.79718309859155,379.5846187842207,194.22476179315674,51.16771127745986
733,15,4,smart,552,379,68.65942028985508,507.2348284960422,117.52770448548813,568.1719703414241,219.1391904529772,38.56916600818812
734,15,8,basic,563,428,76.02131438721138,475.4626168224299,120.02570093457943,568.3608840004792,243.1437513455891,42.77981792733366
735,5,8,smart,562,236,41.99288256227758,1096.0381355932204,133.15254237288136,189.41415983637938,114.43403912614411,60.41472254502781
736,10,4,smart,561,310,55.258467023172905,714.3161290322581,119.93548387096774,378.76360541911475,171.7688708264498,45.349887995807244
737,5,4,basic,559,233,41.681574239713775,1100.236051502146,125.1716738197425,190.27626763915887,118.54183799703617,62.299854557710624
738,10,6,basic,545,308,56.513761467889914,687.3149350649351,119.77272727272727,379.73641802286363,176.7871512889659,46.555226967544016
739,20,8,basic,561,431,76.8270944741533,402.42227378190256,126.70301624129931,756.8165841472736,262.676310745795,34.70805426941849
740,5,4,basic,563,252,44.760213143872114,1128.3055555555557,122.26190476190476,189.9798157894926,126.77439645276795,66.73045550967399
741,20,6,smart,549,399,72.6775956284153,426.11779448621553,120.95488721804512,755.833504330905,229.6621387093121,30.38528159883816
742,5,6,basic,546,255,46.7032967032967,1096.4705882352941,128.41176470588235,190.43219582985685,132.5438671141058,69.60160624967439
743,15,6,smart,543,373,68.69244935543279,554.0402144772117,128.84450402144773,568.3356686843675,217.39727755126387,38.251563209909705
744,5,6,smart,543,215,39.59484346224678,1238.074418604651,149.27441860465117,189.63524315368375,104.73436071105407,55.22937559985909
745,20,4,basic,556,439,78.9568345323741,439.8952164009112,136.44419134396355,758.1329243970746,284.61108343113955,37.5410530623616
746,15,6,smart,547,371,67.82449725776965,444.52021563342316,122.53369272237197,567.1911195311303,209.71909904404484,36.97503219327721
747,15,6,basic,545,385,70.64220183486239,458.94025974025976,123.11428571428571,568.9068214633882,230.0225112004782,40.43237003360158
748,10,8,basic,559,366,65.47406082289802,508.655737704918,115.94262295081967,380.11442914652815,198.51004700011256,52.22375994666334
749,5,6,smart,548,228,41.605839416058394,987.2631578947369,131.76754385964912,189.87896743403934,118.63718520097007,62.48042466429704
750,5,4,basic,557,230,41.292639138240574,1097.4478260869564,127.26521739130435,190.43459298827608,124.1398758432462,65.18767094531441
751,5,4,basic,559,229,40.9660107334526,805.3449781659389,113.71615720524018,189.7661466135062,110.46827806182881,58.21284777775345
752,10,6,smart,543,323,59.48434622467772,649.3126934984521,120.3374613003096,379.69157600525523,185.99415560111845,48.98558918740514
753,5,8,smart,557,226,40.57450628366247,932.8539823008849,117.72123893805309,189.39936095363683,110.8674434389419,58.53633448429703
754,5,6,smart,547,218,39.853747714808044,998.6192660550458,123.44495412844037,189.4857102566067,102.48211097966723,54.08434801805539
755,10,4,basic,557,332,59.60502692998204,602.5030120481928,121.91867469879519,380.3024806200078,194.36222369102663,51.10727213089894
756,10,8,smart,562,349,62.09964412811389,617.3209169054442,112.53581661891117,379.3724666420538,185.62619922369936,48.92980264665378
757,10,4,smart,560,333,59.464285714285715,691.2042042042042,131.43843843843842,379.79401002093283,191.1986048216334,50.342712043061255
758,5,4,basic,557,247,44.34470377019748,869.9109311740891,120.73684210526316,190.5917596223497,127.75825573969506,67.03241314988809
759,20,6,smart,546,389,71.24542124542124,471.6092544987147,120.68637532133675,755.9363915784546,226.69920880690503,29.989191065869875
760,5,8,basic,563,270,47.95737122557727,1103.088888888889,119.31481481481481,190.52426014326454,130.58623806065324,68.54047771263305
761,10,8,basic,560,337,60.17857142857142,632.8041543026707,115.78338278931751,379.22312506182027,186.506816696304,49.18128784100389
762,15,8,smart,562,409,72.77580071174377,421.559902200489,113.91442542787286,567.8779866577275,228.7087045433657,40.274268402168836
763,10,8,smart,558,337,60.39426523297491,668.4629080118694,120.71216617210682,379.0574718498519,183.6727320821963,48.45511452019358
764,15,4,smart,561,398,70.94474153297683,581.1834170854271,120.64070351758794,568.4568306323091,226.47418931816307,39.8401738028638
765,20,8,smart,558,423,75.80645161290323,509.9243498817967,119.51536643026004,756.1022571631731,244.62965079417708,32.35404318352458
766,20,6,basic,546,429,78.57142857142857,427.55011655011657,124.66433566433567,757.0434233663241,253.65927520172391,33.506568761113364
767,5,6,basic,548,233,42.518248175182485,1048.6309012875536,140.32618025751074,190.11446738237825,117.98138815493594,62.05807994487833
768,10,4,basic,558,365,65.41218637992831,655.1232876712329,132.06027397260274,380.77767821864325,217.3771820308923,57.08769039399256
769,15,8,basic,557,396,71.0951526032316,486.5353535353535,121.0909090909091,568.7593942293214,232.63684572935463,40.90250606666137
770,10,4,basic,562,343,61.032028469750884,606.6530612244898,124.13702623906705,380.900249817191,210.4042695570484,55.23867985332897
771,15,8,smart,558,388,69.53405017921148,543.9226804123712,124.97938144329896,567.7552626246422,226.85779265069377,39.95696871253404
772,15,8,basic,559,442,79.06976744186046,458.66968325791856,123.49547511312217,569.759546183798,256.5388390860028,45.02580795780932
773,20,8,basic,560,442,78.92857142857143,428.86199095022624,126.64932126696833,756.6538844793027,267.94336541976634,35.41161565623278
774,10,8,basic,563,364,64.65364120781527,550.6071428571429,118.8076923076923,380.22271105033894,201.6775536684573,53.041953520171646
775,20,6,smart,540,379,70.18518518518519,378.7968337730871,122.1108179419525,756.681900225954,230.83678594234007,30.506450051654404
776,15,4,smart,556,382,68.70503597122301,503.62041884816756,124.26178010471205,568.172758779096,219.45240534793524,38.62423918730285
777,10,4,smart,559,339,60.64400715563506,747.1710914454277,119.69911504424779,378.7939521381713,179.12485768750943,47.288204227234
778,10,6,basic,546,366,67.03296703296702,629.5081967213115,119.13934426229508,380.50427722266625,200.77192758840312,52.764696642533124
779,5,8,smart,562,237,42.170818505338076,977.5949367088608,117.72573839662448,189.9990090410689,115.0079742737006,60.53082847860605
780,5,6,smart,543,194,35.727440147329645,1058.9381443298969,113.1082474226804,189.14771252170502,90.11104463429919,47.640568015835136
781,10,4,basic,558,349,62.54480286738351,571.1833810888252,126.75071633237822,379.6844647337016,201.6201683647965,53.10203263286171
782,20,4,smart,559,411,73.52415026833631,567.2822384428224,135.19221411192214,756.5808873634164,261.61586524991617,34.57870395875484
783,10,4,smart,561,360,64.1711229946524,634.3861111111111,124.02222222222223,379.95934911837645,196.06963054000371,51.602791455177
784,5,6,basic,545,250,45.87155963302752,985.752,123.144,190.69592456403478,131.41798125926897,68.91493961379307
785,20,8,smart,560,405,72.32142857142857,402.36543209876544,123.52592592592593,755.9061081432591,245.7707227947045,32.513392886636936
786,5,6,basic,548,198,36.13138686131387,839.6818181818181,112.78787878787878,189.66235027922392,96.52423561911132,50.892670831615675
787,5,8,smart,560,252,45.0,935.452380952381,115.0079365079365,190.03272714204178,120.62268658310248,63.47469112146241
788,10,6,smart,546,319,58.42490842490843,712.5579937304075,126.31661442006269,378.9581539066236,177.8462526477213,46.930314287825865
789,5,8,smart,561,260,46.3458110516934,927.5846153846154,133.58461538461538,190.2915030521899,134.74342824641664,70.80895682949202
790,20,4,basic,561,427,76.11408199643493,393.6393442622951,128.97892271662764,757.6165332682943,266.0044599415609,35.11069891704184
791,10,4,smart,559,343,61.35957066189624,732.8804664723032,123.04373177842565,379.59745773323374,190.4206756489183,50.163843769137806
792,5,8,smart,562,238,42.34875444839858,969.6176470588235,118.3109243697479,189.92852519853008,120.4531755090264,63.4202657989989
793,5,4,basic,558,275,49.283154121863795,1090.3163636363636,130.7418181818182,190.8085608289322,142.53381953744542,74.69990807447728
794,10,4,smart,561,327,58.288770053475936,588.8256880733945,120.03669724770643,379.24837867095357,182.129225250801,48.02373206948404
795,15,8,basic,558,408,73.11827956989248,409.4852941176471,121.31617647058823,568.2061671656544,242.60183447031804,42.696093159367294
796,20,8,basic,560,442,78.92857142857143,469.59502262443436,129.0452488687783,757.2958899257119,269.34929763738904,35.567246728859345
797,20,8,smart,564,443,78.54609929078015,374.7336343115124,122.05643340857787,755.5277954573005,258.2057026187193,34.17553982410857
798,10,4,smart,558,364,65.23297491039428,627.9862637362637,126.77197802197803,380.3193352983631,209.40232821893736,55.0596061740221
799,15,8,smart,556,404,72.66187050359713,553.5693069306931,123.73762376237623,568.1386924541631,236.45187468729935,41.61868885674884
800,15,8,smart,560,405,72.32142857142857,495.6839506172839,117.41728395061729,567.871265237276,228.8239640679013,40.29504186521761
801,5,4,basic,558,231,41.39784946236559,1081.1948051948052,135.2034632034632,190.11046720960877,117.17659005097251,61.636053906373256
802,15,4,smart,556,362,65.10791366906474,525.3011049723757,126.12154696132596,567.9363231904033,211.55022959479084,37.248934599991706
803,10,6,basic,546,344,63.003663003663,569.5232558139535,119.99709302325581,380.425031793862,201.02054600322026,52.841040731553576
804,20,8,smart,562,423,75.26690391459074,383.40425531914894,119.37588652482269,755.6954348216989,243.37665672489481,32.20565395929881
805,5,8,basic,563,259,46.00355239786856,1015.976833976834,121.7992277992278,190.34563215783675,124.88984036510831,65.61213879683262
806,20,8,basic,565,459,81.23893805309734,330.10675381263616,121.09368191721133,757.2613976038202,277.98063771589125,36.708676633392
807,5,4,smart,552,249,45.108695652173914,1017.4056224899598,121.19277108433735,190.31614092760978,127.86925749014458,67.18781542485247
808,5,8,smart,558,252,45.16129032258064,869.5714285714286,118.81349206349206,190.5843466455018,128.8163569178119,67.59020831727486
809,20,4,smart,556,393,70.68345323741008,580.6793893129772,134.49872773536896,756.8704146804671,240.99759440093226,31.84132841322326
810,15,4,smart,553,394,71.24773960216999,606.4746192893401,125.58883248730965,568.2982663289984,233.60138409484108,41.10541909688053
811,10,6,basic,540,336,62.22222222222222,508.0684523809524,118.51785714285714,379.977943171488,193.87853801482578,51.02362952876093
812,20,8,smart,561,419,74.68805704099822,434.83054892601433,129.34844868735084,755.3022642763631,257.7272956348977,34.12240474107674
813,5,8,smart,561,266,47.41532976827095,1019.2781954887218,115.2406015037594,190.4593124340396,130.08663012089957,68.30153299327463
814,15,8,basic,559,410,73.34525939177102,508.7829268292683,122.66829268292683,568.6084160257782,237.24853466116303,41.72441490039557
815,20,6,smart,543,419,77.16390423572744,396.6515513126492,127.32219570405728,756.1762349628325,250.63513857492117,33.145069493917696
816,10,6,basic,547,338,61.79159049360147,668.5710059171597,118.7396449704142,379.8149270279309,188.44386021873558,49.61465356122714
817,5,8,basic,560,224,40.0,1084.3660714285713,131.79910714285714,189.74813696208417,115.27432432171757,60.751228532352805
818,5,4,basic,558,244,43.727598566308245,1028.75,125.3688524590164,190.43828970008303,127.04445173244943,66.71161137422989
819,15,6,smart,544,380,69.85294117647058,538.3605263157895,125.07105263157895,568.5612345481693,223.71741611603872,39.347989718965806
820,20,6,basic,541,414,76.52495378927911,443.2487922705314,127.32850241545894,757.4952225808706,261.0694624575941,34.46483286958581
821,15,8,smart,562,401,71.35231316725978,466.3965087281795,124.41645885286783,567.8722326618957,230.91338534294837,40.662911842078294
822,20,4,basic,550,413,75.09090909090908,440.33898305084745,131.03874092009684,757.5680024682969,262.7638054790076,34.68517738643586
823,5,8,basic,562,279,49.644128113879006,957.5483870967741,108.87096774193549,190.48562438162858,132.60966339100793,69.61662530781378
824,20,4,smart,556,408,73.38129496402878,419.1078431372549,132.8578431372549,756.6086300465299,260.1248851686911,34.38037511582361
825,5,4,basic,558,257,46.0573476702509,1019.7587548638132,127.78988326848248,190.23251898856785,130.23448492607787,68.46068464977031
826,10,6,basic,544,339,62.31617647058824,600.8259587020649,129.3716814159292,380.24680399319965,200.3387609205012,52.68650750423771
827,20,6,smart,552,406,73.55072463768117,366.7857142857143,124.16502463054188,755.1968467547943,245.58124498327103,32.51883876880237
828,20,8,basic,554,436,78.70036101083032,366.1651376146789,125.10091743119266,757.5509394504895,272.7931059315921,36.00986966361234
829,5,4,smart,558,264,47.31182795698925,1035.5984848484848,127.15151515151516,190.536631998109,137.09464168670524,71.95185526742482
830,10,6,smart,545,312,57.247706422018354,589.8814102564103,110.3525641025641,379.15794631417765,168.32625425921267,44.39475841018884
831,20,8,basic,562,465,82.74021352313167,337.72903225806454,124.16344086021505,757.2840435052103,285.9511721328722,37.76009472077366
832,20,4,smart,559,403,72.09302325581395,459.1389578163772,128.9305210918114,756.534749580766,243.43459799101268,32.1775831349336
833,20,4,basic,557,439,78.81508078994614,370.44419134396355,126.83371298405467,757.1850973189077,272.7290777973053,36.01881214553785
834,15,6,basic,545,376,68.9908256880734,472.1755319148936,120.61702127659575,568.2745413717203,216.14177870588946,38.0347460549894
835,5,6,smart,541,256,47.31977818853974,1050.56640625,125.31640625,190.5453417571819,134.55256265673154,70.61445922314714
836,20,8,smart,563,415,73.71225577264654,371.48915662650603,124.14698795180723,756.0545797380967,250.4874778441367,33.130872367826605
837,20,4,basic,551,435,78.94736842105263,492.2528735632184,135.57011494252873,757.845210669365,276.4861401288734,36.48319422440734
838,15,8,smart,560,382,68.21428571428572,529.6492146596859,118.31937172774869,567.7141709174894,214.61957064223995,37.80415949374503
839,5,6,basic,545,233,42.75229357798165,949.3862660944206,119.62231759656652,190.05207483362838,117.85678983766681,62.0128930141061
840,20,8,smart,562,418,74.37722419928826,451.7224880382775,123.73205741626795,756.342332023036,252.97782281413896,33.4475292606568
841,15,8,smart,563,397,70.51509769094139,423.6448362720403,118.26952141057934,568.363980775788,228.6406860750075,40.22786344815949
842,5,6,basic,547,260,47.53199268738574,1102.803846153846,131.1346153846154,190.76767970778945,129.48299215935535,67.87470097539185
843,5,6,basic,545,260,47.706422018348626,926.8807692307693,122.2,190.61248727328052,133.27484715287562,69.9192634540254
844,5,6,smart,543,253,46.59300184162063,1052.7707509881423,127.8695652173913,190.47743422235195,126.86326628078209,66.6027799034134
845,15,8,basic,558,418,74.91039426523297,501.04545454545456,126.66028708133972,569.1696592049399,248.92478756905393,43.73472540977875
846,20,8,smart,557,416,74.68581687612208,465.2932692307692,127.21875,756.5905411184858,252.64890148419943,33.39308222261179
847,15,6,smart,545,354,64.95412844036697,471.8135593220339,122.66101694915254,567.2861846138104,201.03984649570054,35.438875817601975
848,20,4,smart,550,411,74.72727272727273,553.7688564476886,133.71289537712894,756.9116244477246,261.09964796721744,34.495394116549214
849,20,6,basic,545,425,77.98165137614679,332.3435294117647,128.0964705882353,757.0930663263845,270.1449269233009,35.68186514164176
850,10,8,basic,562,388,69.03914590747331,598.9432989690722,114.31443298969072,380.13795884146896,209.23301997861805,55.04133831209307
851,10,8,smart,558,353,63.261648745519715,741.6033994334277,125.41926345609065,379.60943010220427,202.40574725728837,53.31947291267068
852,5,4,smart,562,209,37.18861209964413,1091.3349282296651,132.99043062200957,189.49969198731722,105.8244203395683,55.844112056208985
853,5,4,basic,550,259,47.090909090909086,1024.2277992277993,138.54054054054055,190.96211540351914,140.54262006662105,73.59712148644907
854,15,8,basic,560,396,70.71428571428572,488.550505050505,124.66161616161617,568.1143673993005,236.48044823790062,41.62550039360117
855,5,4,smart,559,228,40.7871198568873,1207.5043859649122,129.78508771929825,189.89175381992064,113.23582826048094,59.63177756937538
856,5,8,smart,556,248,44.60431654676259,1058.7701612903227,122.83870967741936,190.33634052965044,129.87920683581692,68.23668379585371
857,10,6,smart,540,313,57.96296296296296,708.4313099041534,120.48562300319489,379.31465434453236,172.18799834452992,45.394501997840344
858,5,4,basic,553,266,48.10126582278481,1036.751879699248,120.04135338345864,190.43833065994943,135.2835637224526,71.03799075198664
859,15,6,smart,546,343,62.82051282051282,535.7113702623907,113.34402332361516,567.0767616206006,185.29807065834976,32.67601199682422
860,5,4,smart,561,223,39.750445632798574,956.5201793721973,119.71300448430493,190.0620138373242,117.56102389833542,61.85403465153062
861,20,8,basic,560,434,77.5,374.7834101382488,126.70506912442396,756.965883112964,269.0072050746162,35.53756002428336
862,15,8,smart,561,378,67.37967914438502,389.8174603174603,117.35449735449735,567.5803028638146,221.14316136915042,38.96244465379405
863,15,4,basic,556,395,71.0431654676259,491.72658227848103,125.84050632911392,568.5515897182331,235.64358999527298,41.44629867485815
864,10,4,smart,561,359,63.992869875222816,659.4763231197771,123.34540389972145,379.3224595574434,194.71184046042737,51.33148210828281
865,5,6,basic,545,253,46.42201834862386,1026.798418972332,139.2608695652174,190.86346672138146,138.33494190048145,72.47848122889852
866,15,8,smart,560,407,72.67857142857143,489.93857493857496,119.29729729729729,567.7057649048332,229.41920742106842,40.41163955055606
867,20,8,basic,559,430,76.92307692307693,400.19302325581396,125.32558139534883,756.8013169993142,258.35892853331796,34.13827681454102
868,15,6,basic,540,388,71.85185185185186,499.2087628865979,128.09278350515464,568.8314733271523,231.67983248954974,40.729081169582834
869,15,8,smart,561,405,72.19251336898395,546.4296296296296,123.07901234567902,568.3974452735215,230.62655702782965,40.574875722189184
870,15,6,basic,548,409,74.63503649635037,552.0440097799511,132.9437652811736,569.0537254423452,242.9230554581733,42.6889491443608
871,20,4,smart,558,420,75.26881720430107,488.5761904761905,134.01190476190476,757.3754047985158,261.7527980386614,34.56050940924011
872,15,8,smart,562,404,71.88612099644128,495.75,117.63118811881188,567.4028922196434,222.1238462231747,39.14746457393627
873,10,6,smart,545,331,60.73394495412844,735.963746223565,121.0,379.5079371367915,185.42288123258186,48.85876238360392
874,20,6,basic,545,420,77.06422018348624,376.29285714285714,129.96190476190475,757.3116952352173,263.79901505822636,34.833611671121986
875,20,6,basic,543,420,77.34806629834254,386.93095238095236,126.37857142857143,757.1555508553995,262.6781038896907,34.69275284225667
876,10,8,smart,565,357,63.1858407079646,596.6582633053222,113.58543417366947,379.81640133145777,197.62889457976897,52.03274368536349
877,15,4,basic,554,418,75.45126353790613,512.8038277511962,132.32057416267943,569.7701615927763,261.7833657827445,45.945432637422876
878,20,6,smart,546,428,78.3882783882784,418.70327102803736,127.65420560747664,757.0136140846197,259.70322229100105,34.306281612257926
879,15,8,smart,565,401,70.97345132743362,463.21695760598504,117.65835411471322,567.9297046522101,228.709642186929,40.27076596160551
880,15,8,smart,561,386,68.80570409982175,495.3626943005181,117.30051813471502,567.9566086939041,220.6413040674677,38.84826775321153
881,20,4,basic,559,438,78.35420393559929,434.4086757990868,129.7123287671233,757.5441688603092,271.80133746221435,35.87927260678768
882,15,6,smart,546,371,67.94871794871796,428.5660377358491,122.5256064690027,567.9708004617039,217.39239720339742,38.27527700837419
883,20,8,smart,560,434,77.5,438.073732718894,123.24193548387096,756.2612483913323,253.8298673043023,33.563780749606295
884,20,4,smart,558,433,77.59856630824373,499.9838337182448,130.5311778290993,756.8686177193696,260.899181398948,34.47086790110298
885,15,6,basic,547,389,71.11517367458866,456.2827763496144,124.5629820051414,568.1817130277826,229.79605047733048,40.444112369046636
886,15,6,smart,548,388,70.8029197080292,509.02319587628864,127.22680412371135,568.1709905905211,229.3906143888973,40.373517512832386
887,20,8,basic,557,428,76.84021543985638,347.7383177570093,125.2803738317757,757.2472867724082,261.9375431458851,34.59075360472184
888,5,6,basic,544,223,40.99264705882353,1158.0403587443946,135.2645739910314,189.9172369289433,114.064648973799,60.06018769980093
889,15,8,smart,558,388,69.53405017921148,598.3324742268042,120.68298969072166,567.5031428870273,211.93793350529938,37.345684541431666
890,5,4,basic,561,276,49.19786096256685,965.7028985507246,123.77173913043478,190.58386512982042,136.16977620009163,71.4487431070498
891,5,8,basic,558,255,45.69892473118279,1031.2,119.21176470588236,190.4831989461611,130.6609708558247,68.59448580174003
892,5,6,basic,541,214,39.55637707948244,1137.03738317757,128.47663551401868,189.87512141827378,102.51682459528321,53.991709829878154
893,5,8,basic,562,256,45.55160142348754,1249.76953125,122.484375,190.27049492973106,127.08648208835952,66.79253246032388
894,5,8,smart,562,259,46.08540925266904,1165.6254826254826,114.52895752895753,190.028725435073,126.70143418875941,66.67488501997526
895,5,4,smart,560,250,44.642857142857146,893.296,119.384,189.84547504136003,125.22496952855063,65.96152449842111
896,20,4,smart,557,428,76.84021543985638,603.5280373831775,131.20093457943926,756.7825652805925,257.151700912607,33.9796016332991
897,10,8,smart,561,366,65.24064171122996,608.0655737704918,115.53005464480874,379.6003450078352,199.00612805076952,52.42517048994302
898,5,6,basic,541,200,36.96857670979667,932.78,125.58,189.62673071233394,104.58367996673282,55.152393111384455
899,5,4,basic,556,263,47.302158273381295,1016.5893536121673,136.57794676806083,190.9345597464953,141.87792392787443,74.30709459630901
900,5,4,smart,563,195,34.63587921847247,1149.2410256410255,122.42051282051283,189.09429940016332,94.6865961310058,50.07374438646035
901,10,6,smart,544,318,58.45588235294118,699.3490566037735,129.72955974842768,379.6726805225686,185.52182977629192,48.86362366682426
902,5,4,basic,562,229,40.74733096085409,1152.240174672489,124.08733624454149,190.17589191084352,117.84068026217129,61.96404763933814
903,20,4,basic,556,439,78.9568345323741,360.50341685649204,133.01594533029612,757.8150209802693,285.61830703233124,37.689713073102006
904,10,4,basic,556,352,63.30935251798561,571.7301136363636,122.10227272727273,380.637041613944,207.88804240875956,54.61582023843261
905,5,4,basic,559,217,38.81932021466905,1220.8248847926268,127.83870967741936,189.96135782941056,114.98970169481723,60.5332068630929
906,5,6,basic,545,185,33.94495412844037,1057.464864864865,113.99459459459459,189.3129258003081,94.96306552470418,50.16195546249891
907,10,4,smart,550,349,63.45454545454545,671.9312320916905,121.88252148997135,379.4753064037711,200.61513689208448,52.86645362863875
908,10,8,smart,561,361,64.349376114082,560.8365650969529,111.53462603878117,379.63090651218204,197.40428472448622,51.99900254120951
909,20,4,smart,563,434,77.08703374777976,349.2764976958525,121.32949308755761,756.7788565611208,262.52533364736104,34.68983460244945
910,10,4,basic,551,302,54.80943738656987,745.6920529801324,125.93708609271523,379.04545527538806,169.54870550517734,44.73044146697262
911,10,6,smart,545,313,57.43119266055046,734.9169329073483,121.27476038338658,379.5301994937391,179.89517873012937,47.39943724375404
912,15,8,smart,558,386,69.17562724014337,434.56476683937825,119.7720207253886,568.1402314812425,221.42687341203936,38.97398232734552
913,20,4,basic,559,431,77.10196779964222,420.62645011600927,133.37819025522043,757.0810416710644,268.80661330528227,35.50565903908514
914,15,8,basic,559,410,73.34525939177102,495.93658536585366,120.94390243902438,568.4617259302499,236.33936542449368,41.57524678336787
915,5,6,basic,543,267,49.171270718232044,956.7191011235955,125.68913857677903,190.29203472630525,134.68425940358284,70.77766528551633
916,15,6,smart,543,356,65.56169429097606,513.2247191011236,122.49719101123596,568.1114124198157,217.10323382594538,38.21490452043819
917,10,6,basic,544,337,61.94852941176471,631.8991097922849,116.17804154302671,380.2109014834029,186.61047467131638,49.08077962605772
918,10,8,smart,558,340,60.93189964157706,749.0529411764705,116.20588235294117,379.2507322745957,181.15922696241364,47.76766701962376
919,10,6,smart,547,342,62.52285191956124,588.0438596491229,117.4093567251462,379.5206819124289,184.68920058507328,48.66380394723486
920,10,6,smart,546,308,56.41025641025641,575.2792207792207,117.58441558441558,379.24537602847033,171.53723809146368,45.23120094115168
921,15,8,smart,561,412,73.44028520499108,472.11650485436894,124.89805825242719,568.4556905698325,232.86970717129282,40.96532254569553
922,20,4,smart,555,411,74.05405405405405,438.54987834549877,131.87591240875912,756.6368481685531,255.89123515660387,33.819557661775406
923,20,6,smart,540,394,72.96296296296296,415.96446700507613,125.4771573604061,756.1993862147896,244.70278683771892,32.359559039395194
924,20,8,smart,562,428,76.15658362989323,417.41121495327104,120.29439252336448,755.7196028605408,245.46291302996553,32.4806862361175
925,5,4,basic,561,222,39.57219251336899,1113.8153153153153,124.25675675675676,189.98574409872987,108.72145137669371,57.22611024972192
926,5,4,basic,559,197,35.241502683363144,1068.0812182741117,127.80203045685279,189.70572093046903,102.04988029826583,53.793781124644724
927,15,4,smart,558,404,72.40143369175627,495.33663366336634,126.29702970297029,568.6901014889353,242.12173307918917,42.575338034769715
928,20,4,smart,561,396,70.58823529411765,416.23737373737373,125.15151515151516,755.8709171709255,244.6076734604778,32.361037831167735
929,10,8,basic,561,357,63.63636363636363,714.1820728291317,123.77591036414566,379.9609177479637,199.22605157408438,52.433300970768606
930,10,8,smart,564,347,61.52482269503546,578.749279538905,110.3314121037464,378.8305029627319,183.24058449539032,48.37007132802528
931,10,8,smart,559,358,64.04293381037567,566.8296089385475,112.82122905027933,379.78582180388827,196.18771986332263,51.657462864590286
932,20,4,basic,564,457,81.02836879432624,357.5361050328228,131.89277899343546,758.0504661452902,289.2992509692339,38.16358723982184
933,15,4,basic,550,388,70.54545454545455,481.2061855670103,125.50773195876289,569.222918758617,237.9547779619915,41.80344292547678
934,15,8,smart,561,362,64.52762923351159,558.7016574585635,115.18508287292818,566.9066814750679,202.8285031392099,35.77811124248147
935,10,6,basic,552,328,59.42028985507246,565.045731707317,121.64939024390245,379.76749961453316,189.61629902209557,49.92957512545374
936,5,6,smart,546,198,36.26373626373626,1135.1060606060605,133.68686868686868,189.62281260201578,104.91616098424322,55.328870795964505
937,15,8,basic,557,393,70.55655296229803,378.2875318066158,115.46310432569975,568.3755408202829,222.61647699843107,39.16714584113695
938,15,6,smart,546,387,70.87912087912088,538.8785529715763,126.85788113695091,568.3833784103459,229.89189142805589,40.44662461295355
939,20,8,basic,561,444,79.14438502673798,412.963963963964,121.93468468468468,757.4185405778219,266.9950382682581,35.25066049539427
940,15,6,smart,544,371,68.19852941176471,530.7681940700809,123.09973045822102,567.9298713956713,218.93051529600154,38.54886427403195
941,20,8,basic,562,438,77.93594306049823,349.0068493150685,125.9337899543379,757.1890523455336,267.88876202098874,35.379376021239814
942,15,6,basic,543,400,73.66482504604052,472.4275,125.17,568.7238845727343,233.68110728739265,41.088674772811856
943,5,4,smart,550,241,43.81818181818182,1031.4896265560167,123.70124481327801,189.81663538757493,124.44885030449105,65.56266791389837
944,5,4,basic,553,254,45.931283905967454,1033.4094488188975,121.78740157480316,190.35049878863958,128.09812304978766,67.29592192559716
945,5,6,basic,546,229,41.94139194139194,998.8995633187773,142.42794759825327,190.31719732972581,125.29599861498454,65.83535296492855
946,20,4,basic,556,434,78.05755395683454,409.96082949308754,130.7188940092166,757.781293281901,283.99994472386766,37.477824702412825
947,15,4,smart,559,355,63.50626118067979,474.9464788732394,122.01408450704226,567.6718795317233,210.51805414985407,37.08446053792764
948,20,6,basic,547,432,78.97623400365632,329.1759259259259,125.26620370370371,757.4305977461054,264.0542053290919,34.86183501364229
949,5,8,basic,554,239,43.14079422382672,1098.9623430962342,129.44769874476987,189.83807067885496,118.41962574862455,62.37928215618695
950,20,6,smart,546,407,74.54212454212454,398.5872235872236,133.25798525798527,756.1666433002197,250.4494326838395,33.12093106762499
951,10,6,basic,545,351,64.40366972477064,674.0911680911681,124.80341880341881,380.0985183930399,201.35739828093057,52.975054765332565
952,15,4,basic,561,404,72.01426024955437,488.03712871287127,127.81188118811882,568.9152884305125,250.2605081258553,43.98906361195849
953,10,4,smart,559,322,57.60286225402504,711.3571428571429,126.7111801242236,379.9393624809057,188.54019941537,49.62376053490518
954,5,8,basic,560,275,49.107142857142854,1013.7963636363636,128.79636363636362,190.52146815939415,137.14319124937325,71.9830644673788
955,20,6,basic,544,408,75.0,424.4264705882353,129.6936274509804,756.3633135231149,255.2907049497868,33.752391262956856
956,20,4,basic,556,452,81.29496402877699,432.9004424778761,138.67920353982302,758.3978730290612,293.11523609658803,38.649269271533946
957,10,4,basic,559,318,56.88729874776386,654.2547169811321,116.4119496855346,379.43023244161975,182.99814177061032,48.229720808756845
958,5,4,smart,559,225,40.250447227191415,1086.8355555555556,135.88888888888889,190.3534168115196,125.7073605316241,66.03893044698775
959,15,6,smart,547,381,69.6526508226691,483.0262467191601,118.36745406824147,567.9158046292123,213.099259762291,37.523037398373134
960,10,6,basic,544,338,62.13235294117647,691.9378698224853,121.43491124260355,379.89184092756665,186.08410731497446,48.983444040445924
961,10,8,smart,562,357,63.52313167259786,577.3921568627451,110.78991596638656,379.82362943576163,194.30633328016958,51.156989250199345
962,15,6,basic,549,410,74.68123861566485,535.6341463414634,128.58048780487806,569.2846351833733,241.39148685799617,42.40260002454504
963,10,6,basic,545,352,64.58715596330276,608.8579545454545,122.72727272727273,379.97774248285486,200.9203001604403,52.87686032544554
964,10,6,smart,543,340,62.61510128913444,708.785294117647,122.19117647058823,379.6857470152533,185.16202905958505,48.767179309511036
965,15,4,smart,551,379,68.78402903811252,563.2269129287599,131.86543535620052,568.6108735116655,229.1872776996404,40.30652391225129
966,20,8,smart,554,425,76.71480144404332,381.7576470588235,124.84941176470588,756.5555565530266,260.5032682205695,34.432800864943616
967,5,6,smart,541,238,43.992606284658045,1106.810924369748,136.10084033613447,190.3240691696444,127.76822687039304,67.13193314320507
968,15,4,smart,559,395,70.6618962432916,524.8607594936709,124.35443037974683,568.6258338022982,237.13139952392635,41.70253713910104
969,20,6,smart,545,390,71.55963302752293,446.9102564102564,126.3076923076923,755.9367603604127,235.68321182585026,31.177636038427625
970,5,6,basic,540,224,41.48148148148148,1018.3169642857143,128.36160714285714,190.0008229080066,111.61496760261451,58.74446536300295
971,5,8,smart,561,253,45.09803921568628,933.4901185770751,122.03162055335969,190.56231488604573,132.15852586353822,69.3518684124758
972,5,6,smart,548,257,46.8978102189781,892.272373540856,124.67704280155642,190.13638146733848,127.16881802253235,66.88294846106416
973,10,8,basic,561,375,66.84491978609626,529.7226666666667,118.28266666666667,380.2827760262337,212.33998389185882,55.837391877356715
974,20,4,smart,561,436,77.71836007130125,405.11009174311926,123.54816513761467,756.6341799779041,254.6624448540664,33.65727475614481
975,10,8,smart,557,343,61.57989228007181,651.2274052478134,119.76676384839651,379.9927211400989,188.28299763282402,49.5491063796999
976,20,8,basic,558,450,80.64516129032258,351.99555555555554,127.44888888888889,757.3258941587752,280.0433299343679,36.977915596750485
977,15,8,smart,559,410,73.34525939177102,426.6170731707317,117.8170731707317,568.5251257612632,235.29987104556346,41.38776993021963
978,5,4,basic,555,213,38.37837837837838,1085.9483568075118,131.5305164319249,189.59024180259817,105.67665870327747,55.73950309811212
979,5,6,smart,544,242,44.48529411764706,910.0454545454545,118.31818181818181,190.65099320797137,124.17244396883449,65.1307616495767
980,20,6,basic,543,423,77.90055248618785,394.9054373522459,124.84397163120568,756.9523735975886,260.69743334631437,34.440401066092235
981,20,4,basic,556,443,79.67625899280576,446.82392776523704,130.69074492099324,757.9682022997878,277.8859555269321,36.66195424607324
982,10,4,smart,553,336,60.75949367088608,724.797619047619,121.44642857142857,379.6340014750188,189.71265493979374,49.97251410639979
983,15,6,smart,544,365,67.09558823529412,564.9753424657534,124.23835616438356,567.0926339373804,207.6661422655669,36.61943919527226
984,15,4,basic,559,405,72.45080500894454,521.1308641975309,129.74567901234568,569.6565264078472,247.98938461917308,43.53314201154686
985,15,6,basic,546,396,72.52747252747253,455.979797979798,121.31060606060606,568.4970974431823,226.59869498610084,39.85925275700251
986,10,6,smart,541,325,60.0739371534196,679.3723076923077,122.84923076923077,379.01487797202617,173.2247078377357,45.703933514325215
987,20,4,basic,550,460,83.63636363636363,440.1152173913043,133.72826086956522,758.1667143256986,296.360054107472,39.08903523561436
988,20,8,smart,561,403,71.83600713012478,424.3101736972705,121.25062034739454,755.586255533199,240.02516685234357,31.766746032584138
989,10,8,basic,559,360,64.40071556350627,582.0833333333334,117.10833333333333,380.07664666135616,202.37575100031412,53.246036760745405
990,15,4,smart,550,403,73.27272727272728,534.0521091811414,121.55831265508685,568.3425123091796,234.39545224886214,41.24193548297342
991,15,8,basic,561,420,74.8663101604278,484.37380952380954,126.9047619047619,569.3801852627944,257.04154926069054,45.144098076060445
992,10,4,basic,557,359,64.4524236983842,715.5933147632312,127.57660167130919,380.0733633543527,213.49168153685625,56.17117696769826
993,5,4,smart,561,125,22.281639928698752,899.808,143.072,188.1196959650927,64.0536465452534,34.04940998689426
994,20,6,basic,542,421,77.67527675276753,409.19239904988126,125.17339667458432,757.1775181299097,260.86969723578005,34.4529111059822
995,20,4,smart,552,406,73.55072463768117,427.2857142857143,126.04433497536945,756.0783193513415,241.4733084449105,31.937605174563988
996,20,4,smart,562,427,75.97864768683274,453.11241217798596,128.3559718969555,756.6731555557226,259.7279717967752,34.3249882581104
997,20,4,basic,558,467,83.69175627240143,402.92291220556746,129.59528907922913,758.1620958224364,292.9094945166569,38.63415173755364
998,20,6,basic,550,405,73.63636363636363,355.5950617283951,124.12345679012346,757.3153952777919,254.9008621937067,33.65848149702624
999,15,6,smart,540,371,68.7037037037037,502.7654986522911,122.31266846361186,567.5414411436881,214.08470284610686,37.721422142265325
1000,15,8,smart,559,383,68.51520572450805,500.6892950391645,119.26109660574413,567.1402972825488,217.51624841408577,38.35316401537932
1001,15,6,basic,546,387,70.87912087912088,573.0335917312661,125.10594315245478,568.7551700428321,225.70265633722732,39.68362280033955
1002,10,8,basic,562,348,61.92170818505338,570.6264367816092,113.79597701149426,379.6613039412797,186.02403371038267,48.99736469828752
1003,10,6,smart,545,325,59.63302752293578,689.6769230769231,115.33538461538461,378.88690233646986,172.20606700217874,45.45051991510951
1004,15,6,smart,544,374,68.75,481.6818181818182,119.41978609625669,568.0117095804216,211.46519719933946,37.229020745988564
1005,20,6,basic,545,412,75.59633027522936,374.0533980582524,123.43446601941747,756.022828464967,241.3219439453018,31.91992818990443
1006,15,6,basic,542,377,69.55719557195572,469.0132625994695,120.77188328912467,568.7722350734916,225.79676529032074,39.6989781438866
1007,5,4,basic,556,266,47.84172661870504,958.4812030075188,115.73308270676692,190.66497648824569,135.12608289023984,70.87095143484322
1008,20,8,basic,561,454,80.92691622103388,330.0352422907489,121.2114537444934,757.1774429493521,276.54203833528595,36.52275182130379
1009,10,6,smart,548,327,59.67153284671532,696.8837920489296,123.14373088685015,379.77521961033875,182.35535132047073,48.016653510877575
1010,20,6,basic,546,410,75.0915750915751,354.33170731707315,123.88048780487804,756.743555599208,250.55993994273047,33.11028393817388
1011,15,4,smart,556,367,66.00719424460432,561.3133514986376,132.72207084468664,568.2993058724543,226.4965289911159,39.85514792128735
1012,15,6,basic,548,394,71.8978102189781,503.28426395939084,126.11421319796955,569.0748729103236,240.15178672746785,42.2003848982648
1013,20,4,smart,557,385,69.12028725314184,442.9168831168831,128.14805194805194,756.0736442248954,243.07618510173924,32.14980272866592
1014,10,8,basic,554,352,63.537906137184116,666.7102272727273,120.88068181818181,380.20096140812444,200.8909117676721,52.838086211998544
1015,20,8,basic,563,459,81.52753108348135,389.6666666666667,120.81263616557735,757.1136463421603,274.1834896684249,36.214310888872006
1016,20,8,smart,558,418,74.91039426523297,408.5933014354067,122.61483253588517,756.4218400191642,253.99464408781324,33.57843872955575
1017,5,6,smart,544,231,42.463235294117645,1052.2467532467533,122.46320346320347,190.03516254236257,118.90436331675345,62.569664332645445
1018,5,4,basic,550,240,43.63636363636363,1035.3541666666667,127.99583333333334,190.1258691406812,125.04005366563398,65.76698596081746
1019,5,6,smart,547,207,37.842778793418645,1059.768115942029,126.97584541062803,189.29084334928567,100.40006528409286,53.04010669910292
1020,20,4,basic,558,443,79.39068100358423,397.9887133182844,128.8352144469526,757.5282022965889,283.2083941724409,37.38585485185125
1021,20,8,smart,556,423,76.07913669064749,486.2340425531915,125.4775413711584,756.3805020169439,255.40638180034762,33.766917724516674
1022,20,8,basic,561,443,78.96613190730838,410.7336343115124,131.28893905191873,757.2656551587557,280.9077364185216,37.095005498385
1023,5,8,smart,560,216,38.57142857142858,1081.6203703703704,119.94444444444444,189.22955238808115,103.69834813554745,54.80029246323949
1024,10,8,basic,560,359,64.10714285714286,577.150417827298,114.69637883008356,379.9159137903523,195.95481873368237,51.578470819681286
1025,5,6,smart,549,243,44.26229508196721,1073.843621399177,118.18518518518519,189.74446028086186,111.07576065627217,58.539659335432816
1026,10,4,smart,556,317,57.014388489208635,685.4605678233438,130.1198738170347,379.3775646411515,184.0015503888522,48.50090451787706
1027,10,6,basic,540,318,58.88888888888889,741.1572327044025,125.38050314465409,379.62769884911444,185.17498119502622,48.77804800766798
1028,10,4,smart,550,293,53.27272727272727,648.716723549488,122.91808873720136,379.01364047615147,168.32435856895856,44.41116112799902
1029,5,8,basic,559,259,46.332737030411444,1035.5714285714287,115.53281853281854,190.33349922837218,129.6451393379851,68.11472487164754
1030,20,8,basic,562,464,82.56227758007117,408.6163793103448,123.59913793103448,757.1828836635596,280.4645673292276,37.040531868896146
1031,10,8,basic,559,371,66.3685152057245,527.7466307277627,114.91644204851752,379.8298589075241,202.6339227961639,53.348602813634635
1032,20,4,smart,558,434,77.77777777777779,413.15668202764977,132.52073732718895,757.4172685701963,264.5792088503038,34.93176348484363
1033,10,6,smart,546,323,59.15750915750916,642.6594427244582,118.43343653250774,379.8536639891477,189.46656653445933,49.87883084889036
1034,15,4,basic,556,413,74.28057553956835,477.0169491525424,133.47941888619854,570.5833692797685,268.6818916409758,47.088980525339444
1035,20,8,basic,558,451,80.82437275985663,443.61640798226165,124.18847006651885,757.4751305169868,266.1780454906496,35.14016959328811
1036,20,8,basic,563,467,82.94849023090586,387.67023554603855,129.4625267665953,757.5574637306227,277.431955107998,36.6219024153987
1037,10,8,basic,560,366,65.35714285714286,561.1584699453551,115.93989071038251,380.19304113925335,201.0312720867578,52.87610511869576
1038,5,8,smart,561,269,47.95008912655972,1111.3977695167287,124.75092936802974,190.6190473527754,133.9144035008558,70.25237265666463
1039,5,6,basic,550,217,39.45454545454545,998.852534562212,128.24884792626727,190.20439210126742,115.09849096293728,60.513056345017134
1040,15,6,smart,547,346,63.25411334552102,491.0780346820809,119.44508670520231,567.4903005740396,197.28151052258616,34.76385593252041
1041,15,4,basic,559,389,69.58855098389982,503.68894601542416,128.39331619537276,568.3215575647307,230.0946730789145,40.486705108438045
1042,5,4,basic,561,165,29.411764705882355,979.2181818181818,127.01818181818182,189.19404335774377,82.62670619520567,43.672995581033305
1043,5,8,basic,562,210,37.36654804270463,1252.5,128.26190476190476,189.3120556474654,101.35050332432111,53.53621193203606
1044,10,6,basic,547,336,61.425959780621575,590.5654761904761,118.125,379.77767252157093,190.28209041934034,50.10354851983367
1045,10,6,basic,548,356,64.96350364963503,698.435393258427,123.20786516853933,380.03981747141796,192.84376165111456,50.74304133029902
1046,5,4,basic,560,246,43.92857142857143,1026.6097560975609,132.0487804878049,189.9717285061429,121.33183836909045,63.86836574220415
1047,20,4,smart,556,408,73.38129496402878,446.0906862745098,128.40196078431373,756.55122536544,245.42254125832346,32.43964625657384
1048,5,6,basic,548,247,45.07299270072993,901.1497975708502,123.91497975708502,190.2981790315435,127.78251506060674,67.1485747845363
1049,5,8,smart,563,223,39.60923623445826,1066.865470852018,109.05829596412556,189.50664272513978,102.32945505511798,53.99781959281316
1050,5,6,smart,542,197,36.34686346863469,866.7157360406092,127.8730964467005,189.69563769906006,104.37522989295194,55.0224723978822
1051,10,8,basic,562,354,62.989323843416365,673.3700564971751,118.44350282485875,380.0761172209594,202.19613837571794,53.19885391750887
1052,20,4,basic,552,427,77.35507246376811,395.69320843091333,126.06088992974239,757.3539537809351,267.47338848145256,35.31682737591139
1053,10,6,smart,546,306,56.043956043956044,673.0980392156863,112.48039215686275,379.1297223363923,164.85208780174517,43.481710372334256
1054,20,6,basic,547,425,77.6965265082267,383.08,129.15764705882353,757.548531742059,264.6806461681585,34.939100939117225
1055,5,6,basic,547,242,44.24131627056673,1120.004132231405,120.0909090909091,189.96158863059736,119.28374226344296,62.793611657672656
1056,10,8,smart,558,333,59.67741935483871,669.3423423423424,119.13213213213213,379.1896028791011,184.8918554749211,48.75973762758234
1057,20,8,basic,554,433,78.15884476534296,384.84295612009237,125.29792147806005,756.7834305683677,258.7950284037002,34.19670911786971
1058,10,8,basic,562,362,64.41281138790036,662.5248618784531,116.00276243093923,379.6275176520547,193.50253926366065,50.971684155155
1059,15,6,basic,546,395,72.34432234432234,424.7367088607595,125.56962025316456,568.8110810873401,234.2257725130514,41.17813107039073
1060,5,4,smart,564,234,41.48936170212766,940.9102564102565,126.92735042735043,190.04694699444607,122.1283813256146,64.26221691905614
1061,5,4,smart,553,239,43.21880650994575,1012.9916317991632,124.74058577405857,189.96166137982536,121.1444751928926,63.77311838238039
1062,10,6,smart,549,342,62.295081967213115,717.7953216374269,118.54970760233918,379.7696778447076,182.2512231321937,47.98993541730797
1063,10,4,basic,556,369,66.36690647482014,617.9566395663957,121.14363143631437,379.6159977582229,201.16731233286475,52.992316846717316
1064,20,4,smart,564,422,74.822695035461,478.04502369668245,128.3175355450237,756.4853354033633,252.88931036773536,33.42950597091126
1065,15,8,basic,558,416,74.55197132616487,466.09134615384613,126.23798076923077,568.7675713113701,243.4332894388949,42.800135190131655
1066,20,6,basic,547,420,76.78244972577697,357.42857142857144,124.20952380952382,756.4519499063865,258.25993383622244,34.14095685366175
1067,15,4,basic,553,404,73.05605786618446,501.25,126.0519801980198,569.3596404326499,245.97590340047392,43.202202251912276
1068,20,8,smart,562,429,76.33451957295374,363.34965034965035,117.07925407925408,756.2870188894593,252.4147780315381,33.375526979451124
1069,15,6,smart,547,380,69.46983546617916,507.0184210526316,122.71315789473684,568.2003831534846,220.4794238152327,38.803110725054886
1070,5,6,basic,540,264,48.888888888888886,1120.1628787878788,139.96212121212122,190.63721941059092,136.71307862305596,71.71373934520409
1071,10,8,smart,556,331,59.53237410071942,632.2537764350453,117.44108761329305,379.3840326070909,185.4220064844588,48.874488789171345
1072,10,6,basic,541,337,62.292051756007396,638.160237388724,120.0326409495549,380.08852887394045,194.45051536977405,51.1592696432744
1073,20,8,smart,563,435,77.26465364120781,500.2597701149425,121.69885057471264,755.7424173040827,248.38664879477872,32.86657505355256
1074,10,8,basic,558,349,62.54480286738351,558.8853868194842,111.4756446991404,379.4569561968252,185.34337043794426,48.84437283627137
1075,20,4,basic,563,456,80.99467140319716,387.9583333333333,123.06359649122807,757.7840285641669,277.759884600941,36.654227871130324
1076,20,4,smart,557,411,73.78815080789947,471.4793187347932,124.04379562043796,756.1488464202854,240.72528208600716,31.83570050071945
1077,15,8,basic,563,442,78.50799289520425,557.9230769230769,123.02714932126698,569.3603844168537,258.6392251103795,45.42627695730556
1078,10,4,smart,558,344,61.648745519713266,697.9593023255813,122.59593023255815,379.05421727970185,192.48502719083626,50.78034181289763
1079,5,6,basic,543,251,46.224677716390424,949.8844621513945,118.23505976095618,190.48024829597207,124.70853858405165,65.47058800042984
1080,20,6,smart,547,402,73.49177330895796,430.7313432835821,120.76119402985074,755.4352308763577,232.38565974821125,30.761824475491785
1081,20,4,smart,558,435,77.95698924731182,487.4896551724138,127.15402298850574,756.2035077154202,264.6323328952039,34.994856569058946
1082,5,8,basic,559,243,43.47048300536673,1028.4238683127571,129.96707818930042,190.45186933191115,120.60814170039544,63.32736041052181
1083,15,6,smart,546,379,69.41391941391942,417.089709762533,122.50395778364116,568.1661962487833,223.83672003000436,39.39634591213745
1084,15,8,basic,564,406,71.98581560283688,454.8423645320197,115.67733990147784,567.748347076616,229.87259647106532,40.48846599989215
1085,10,8,basic,558,366,65.59139784946237,611.6174863387978,124.51912568306011,379.8866618718475,210.18770873645667,55.329057277447205
1086,20,6,basic,546,433,79.3040293040293,376.0092378752887,127.68822170900692,756.9604748386678,264.0783520270677,34.88667649170865
1087,10,4,basic,560,337,60.17857142857142,601.1750741839762,127.37388724035608,379.9702439729953,195.7247061691699,51.51053517313849
1088,15,6,basic,548,395,72.08029197080292,477.14683544303796,128.0987341772152,569.2103672466906,241.82827042007304,42.48486751740185
1089,10,6,basic,542,335,61.80811808118081,694.3194029850746,123.7820895522388,379.5629143935822,189.96181496263895,50.04751722547394
1090,15,8,smart,557,387,69.47935368043088,465.13178294573646,115.96382428940568,567.8020982524046,219.7661451695201,38.704708180177875
1091,5,8,smart,557,247,44.34470377019748,936.5668016194332,114.20647773279352,190.08782671674615,125.6081929762963,66.07903049124113
1092,10,6,basic,545,337,61.8348623853211,610.7240356083086,112.7893175074184,379.57995752047094,184.10223049659194,48.50156781174707
1093,10,4,basic,550,361,65.63636363636364,697.6371191135734,123.80609418282549,380.11843184965306,208.49048908656312,54.84882384472917
1094,15,6,basic,546,402,73.62637362637363,510.4278606965174,124.48756218905473,568.7112573421439,237.94045245087847,41.83853394478008
1095,10,6,smart,548,329,60.03649635036496,682.4316109422492,123.38905775075987,379.42203384980206,175.734876504003,46.31646578900829
1096,20,4,basic,563,445,79.04085257548846,368.685393258427,127.46966292134832,757.7242144077939,277.9109791826237,36.67706190435362
1097,5,4,basic,550,234,42.54545454545455,968.0683760683761,120.33760683760684,190.96058648595093,128.6272369548419,67.35800267575375
1098,5,8,smart,565,254,44.955752212389385,1045.1811023622047,116.85039370078741,190.35079388723634,125.49480294055392,65.92817417661885
1099,15,8,smart,561,380,67.7361853832442,477.0736842105263,122.13947368421053,567.4139093719103,222.83659171457793,39.272317444816125
1100,10,6,smart,548,308,56.20437956204379,674.5551948051948,121.96103896103897,378.36452553411164,168.3293468558077,44.4886704476823
1101,5,4,basic,558,215,38.53046594982079,992.306976744186,117.4046511627907,189.94221564731552,112.40928756736483,59.180781473080344
1102,15,6,basic,547,426,77.87934186471664,481.3732394366197,125.03521126760563,569.4039897050038,252.67348315355346,44.37508126426341
1103,10,6,basic,543,359,66.11418047882137,631.3732590529248,122.32869080779945,380.54183177765333,209.02340347424965,54.92783868144616
1104,15,8,basic,561,424,75.57932263814617,614.8632075471698,123.35377358490567,568.9496464539035,247.01014475969748,43.415115256550266
1105,15,8,smart,563,393,69.80461811722914,432.34860050890586,115.06870229007633,567.7010117597632,218.0674614887302,38.412378518185704
1106,5,8,smart,559,251,44.90161001788909,1031.0996015936255,126.30677290836654,190.41457217434706,131.3909298746775,69.00256024227683
1107,20,4,basic,557,461,82.76481149012568,533.3600867678958,137.4295010845987,758.2314046940008,289.7124637245621,38.20897709208988
1108,15,6,basic,545,372,68.25688073394495,384.6559139784946,121.40053763440861,568.309477173262,222.6631195191935,39.17990610093408
1109,5,8,smart,554,235,42.418772563176894,926.5106382978723,125.6468085106383,190.13093608193452,115.7786409199031,60.89416236293591
1110,15,8,smart,564,401,71.09929078014184,539.2568578553615,114.72568578553616,567.2468043993757,215.68677708596698,38.02344507067696
1111,20,8,smart,561,430,76.6488413547237,428.50697674418603,126.02558139534884,755.9166457604941,250.53790597011402,33.14358896251834
1112,5,4,smart,556,194,34.89208633093525,1001.4123711340206,120.20618556701031,189.62385436585308,101.00675127767354,53.266901263801415
1113,20,8,basic,561,459,81.81818181818183,450.3442265795207,131.52287581699346,757.7763147450183,291.5984840927504,38.48081266446938
1114,20,6,smart,545,414,75.96330275229359,475.1352657004831,125.88647342995169,755.7920638393753,248.63868530906902,32.89776344646971
1115,20,6,smart,550,399,72.54545454545455,425.5563909774436,130.43859649122808,756.4054790633108,249.08834519031421,32.93053158456374
1116,20,4,smart,557,418,75.04488330341114,487.29665071770336,129.11004784688996,756.5067865993282,262.9214206228859,34.754667807380564
1117,20,4,basic,556,454,81.65467625899281,476.82819383259914,129.19162995594715,757.0192823960144,278.5178504371667,36.79138126516935
1118,15,4,smart,555,385,69.36936936936937,533.8727272727273,129.56363636363636,568.7853809878764,231.20704767478853,40.64925987957429
1119,20,8,basic,560,439,78.39285714285714,395.1936218678816,126.29384965831436,756.5078366761935,254.36704403916218,33.62384785817339
1120,10,6,basic,546,350,64.1025641025641,600.5657142857143,124.04571428571428,380.0478369731329,192.58917725705462,50.674983126050385
1121,5,6,smart,548,255,46.53284671532847,1042.3529411764705,126.56470588235294,190.01384594535054,125.40896572022382,65.99990916256303
1122,20,8,smart,560,407,72.67857142857143,394.3636363636364,125.48402948402948,756.1628594083153,246.84209418465718,32.64403839905691
1123,5,8,basic,562,292,51.95729537366548,1008.9897260273973,130.47602739726028,190.4345833676179,144.1623516395633,75.70177070268274
1124,5,8,smart,563,253,44.93783303730018,971.4229249011858,122.82213438735178,190.4148377377404,133.20205120743276,69.95360907267784
1125,5,6,smart,543,256,47.14548802946593,931.9140625,117.5625,190.5496300825178,132.02959671768423,69.28882342123079
1126,20,4,smart,554,418,75.45126353790613,525.755980861244,134.2846889952153,757.0261791440175,268.2678676027589,35.43706611389502
1127,20,6,smart,546,407,74.54212454212454,483.6756756756757,128.8009828009828,756.2029895162034,247.09988586722065,32.67639632386377
1128,5,4,smart,556,242,43.52517985611511,936.1611570247934,137.6611570247934,190.7129662707697,131.9188530852091,69.1714127595886
1129,10,4,smart,564,350,62.056737588652474,747.3085714285714,129.5257142857143,379.87919346253386,199.31554219975982,52.46813872142687
1130,15,6,smart,548,366,66.78832116788321,530.8907103825137,128.8879781420765,567.6950148602775,216.8936795146944,38.206021514576236
1131,20,4,basic,557,441,79.17414721723519,431.0816326530612,132.31292517006804,758.4905618339279,287.0215150502383,37.84114522878953
1132,5,4,basic,557,262,47.03770197486535,1040.4465648854962,118.36259541984732,190.2847539556034,128.6096910030322,67.58801655388481
1133,15,6,basic,545,393,72.11009174311927,382.4351145038168,124.18066157760815,568.2033709804251,235.17024225357088,41.38839265381137
1134,20,6,smart,541,395,73.01293900184844,420.3012658227848,126.24810126582278,755.7599385414734,235.92391835555762,31.2167801340281
1135,5,4,basic,556,263,47.302158273381295,1110.9657794676807,124.86692015209125,190.37299037879944,136.7717945658592,71.84411732657775
1136,5,6,basic,546,189,34.61538461538461,1072.2275132275133,118.26984126984127,189.46899639764186,92.27732207006399,48.70312495686628
1137,10,4,basic,553,357,64.55696202531645,636.5994397759104,128.53501400560225,380.74471415979224,207.50222391377704,54.49904258597056
1138,5,6,basic,546,246,45.05494505494506,954.2073170731708,121.47154471544715,190.83722718123312,128.5260647614816,67.34852872255567
1139,20,4,smart,558,419,75.08960573476703,373.2171837708831,126.30787589498807,755.7421754386907,254.83608109027904,33.719976120474236
1140,5,8,smart,558,241,43.18996415770609,1040.4066390041494,119.66804979253112,189.83072507097214,117.21913652782416,61.74929610788736
1141,20,4,smart,560,432,77.14285714285715,422.61574074074076,126.49537037037037,756.5809317529588,263.0912508352972,34.77370890457527
1142,10,4,basic,561,345,61.49732620320856,657.6347826086957,125.28695652173913,379.96769414921147,191.08451039739512,50.28967286949326
1143,10,8,basic,561,354,63.101604278074866,605.4491525423729,116.42655367231639,379.72428575997066,193.5501644553614,50.97123668769169
1144,10,8,basic,557,348,62.47755834829444,628.1551724137931,119.05172413793103,380.5921286777278,196.0332919110038,51.50744777409676
1145,5,4,smart,557,221,39.67684021543986,969.1945701357466,124.289592760181,189.62656728441075,110.71618250313125,58.386429754367676
1146,10,4,smart,563,368,65.36412078152753,654.9646739130435,125.41304347826087,379.8434566791354,202.00055739185376,53.17994922379021
1147,10,4,smart,557,290,52.06463195691203,574.9310344827586,111.75862068965517,378.1102572257974,157.49127569893741,41.65220929325063
1148,15,8,basic,563,406,72.11367673179396,407.807881773399,117.10591133004927,568.8841164823438,236.01646860065367,41.48761791066438
1149,20,6,smart,544,372,68.38235294117648,417.56182795698925,121.8252688172043,755.2561420271396,221.4506850784076,29.32126900471468
1150,5,4,basic,554,261,47.11191335740072,1103.4137931034484,118.4176245210728,190.86998503182227,131.89355630668868,69.10125564514456
1151,5,4,smart,557,161,28.904847396768403,1004.2111801242236,144.14906832298138,188.4923363012382,73.83347574670056,39.170545177340216
1152,10,4,smart,556,323,58.09352517985612,688.3312693498452,120.93808049535603,378.98198215425464,181.72071447706304,47.94969761995134
1153,5,8,smart,561,238,42.42424242424242,929.6764705882352,108.23529411764706,189.69500090110523,113.58006589190977,59.87509705177898
1154,20,6,smart,545,401,73.57798165137615,431.76807980049875,120.31920199501246,755.3575947576855,234.54120126857862,31.05035322294179
1155,20,8,smart,565,429,75.929203539823,415.009324009324,119.24708624708624,756.11835392242,253.94302605637412,33.58508952190168
1156,10,8,basic,563,367,65.18650088809946,562.825613079019,117.42234332425068,379.78970605682906,197.3288262785183,51.95739198075879
1157,5,6,smart,540,234,43.333333333333336,1018.2264957264957,134.39316239316238,190.652836028488,126.28397275148282,66.23765760956897
1158,5,4,smart,560,235,41.964285714285715,987.3617021276596,129.15744680851063,190.02891302558425,121.17112040069287,63.76457059688553
1159,15,4,smart,557,364,65.35008976660683,512.5054945054945,119.04945054945055,567.5149289230498,209.4812914086224,36.91203186604212
1160,20,6,smart,545,417,76.5137614678899,413.41007194244605,128.5587529976019,756.4819647021322,250.8544270805757,33.1606619570039
1161,15,6,basic,542,389,71.77121771217713,453.0642673521851,128.439588688946,568.083021832393,223.82715972693387,39.40043112095889
1162,20,8,basic,558,442,79.21146953405018,458.67420814479635,123.46832579185521,756.8642909354509,256.75220014028906,33.923148867672786
1163,10,4,smart,560,359,64.10714285714286,635.233983286908,120.3008356545961,379.9797166963963,199.60951544868033,52.531623841429486
1164,10,4,basic,558,348,62.365591397849464,616.4224137931035,117.69827586206897,380.2424351073855,199.26818298823758,52.40556144975287
1165,5,6,basic,545,221,40.550458715596335,1013.6380090497737,127.57013574660634,190.40308861000372,118.76159543516646,62.37377571034147
1166,15,4,smart,554,389,70.21660649819495,568.0025706940874,127.30077120822622,568.4496359033974,233.84954221504086,41.13812859487545
1167,20,8,basic,562,429,76.33451957295374,417.4801864801865,120.40326340326341,757.1100657679912,259.2098817275121,34.23675016981539
1168,15,6,basic,546,402,73.62637362637363,508.89303482587064,121.41293532338308,568.2678712636057,227.02142543203203,39.94972035410432
1169,15,8,smart,557,369,66.24775583482945,416.8373983739837,117.71815718157181,568.1672828124339,214.5572903062661,37.76304915767154
1170,15,4,basic,550,418,76.0,479.44976076555025,122.5622009569378,568.9191262281722,254.61342551623915,44.75388746451164
1171,20,6,basic,540,438,81.11111111111111,399.4178082191781,128.23059360730593,757.1616504520382,267.5666321848013,35.338112016774694
1172,15,4,basic,562,391,69.57295373665481,483.6445012787724,124.43222506393862,569.5252345257564,248.01748216456045,43.548111151051025
1173,5,6,smart,546,229,41.94139194139194,1193.0,148.35807860262008,189.98683592085786,120.61148011517967,63.48412485032509
1174,15,4,basic,560,427,76.25,514.1569086651053,127.4215456674473,569.9708801663517,265.32108181410945,46.549936329496845
1175,10,4,basic,553,350,63.29113924050633,588.8085714285714,121.87142857142857,380.1232464380327,203.92220197146364,53.646338097532485
1176,5,6,basic,541,229,42.329020332717185,1065.7554585152839,129.90393013100436,190.25122406138817,120.93552813303513,63.566228669316196
1177,20,4,basic,553,444,80.28933092224231,379.7477477477477,129.05180180180182,757.5465956763804,277.6454284488853,36.65060737300096
1178,5,8,basic,560,240,42.857142857142854,1035.6791666666666,115.91666666666667,190.1828366834255,117.10220916263413,61.57348959809664
1179,15,4,basic,563,430,76.3765541740675,461.4162790697674,125.22325581395349,569.4838824735152,261.56029654948077,45.92935895102265
1180,10,8,smart,556,330,59.352517985611506,641.8969696969697,118.39090909090909,378.5190421463035,178.7643864363079,47.22731660279661
1181,5,8,smart,562,236,41.99288256227758,1049.9237288135594,115.33050847457628,189.83648501007093,110.99315725078549,58.46776885112324
1182,10,8,basic,561,372,66.31016042780749,586.7016129032259,125.29838709677419,380.10026502973113,213.59371823788152,56.19404612127129
1183,10,4,smart,558,315,56.451612903225815,733.5777777777778,129.32380952380953,379.8311468705686,185.22198517706977,48.76429610976218
1184,20,6,smart,543,374,68.87661141804789,374.69251336898395,126.7192513368984,755.5667832726535,226.81622292015902,30.019348116089716
1185,15,8,basic,561,399,71.12299465240642,508.2005012531328,120.43609022556392,568.2864448631424,235.5150584494774,41.44301884698224
1186,5,6,smart,552,225,40.76086956521739,975.3866666666667,136.73333333333332,190.21770857969526,116.57144465747868,61.28317154479805
1187,20,8,basic,561,444,79.14438502673798,332.1283783783784,124.8963963963964,757.5623642356693,269.734452635862,35.60557722637216
1188,10,8,smart,562,341,60.67615658362989,601.7067448680352,118.63929618768329,379.3579112992628,185.17297753698446,48.8122092677033
1189,20,6,smart,547,385,70.38391224862889,378.8103896103896,122.05454545454545,756.4305038264666,237.19374982131126,31.356978416582482
1190,5,8,basic,565,238,42.123893805309734,979.5714285714286,124.3109243697479,189.86878572520757,119.24457807068701,62.80367655759213
1191,10,6,smart,545,324,59.44954128440367,616.0401234567901,124.97839506172839,379.87761306605574,188.0205270646275,49.49502697647338
1192,20,6,basic,540,411,76.11111111111111,405.4257907542579,130.57907542579076,756.956429447377,257.3734446180802,34.00109102791795
1193,10,4,smart,556,343,61.69064748201439,652.3935860058309,122.04373177842565,379.7262185578646,203.23821541974854,53.5223025135353
1194,10,8,smart,561,345,61.49732620320856,697.7014492753623,122.99130434782609,379.50998554106997,190.00933922906813,50.06701970125253
1195,10,6,smart,541,329,60.81330868761553,539.8814589665653,116.38601823708207,379.1925511331784,176.28435398945632,46.48940319704288
1196,10,6,smart,550,324,58.909090909090914,657.2098765432099,122.60185185185185,379.48933153485837,180.59046351813032,47.58775768154685
1197,10,6,smart,545,342,62.75229357798165,636.7602339181286,122.73976608187135,379.18453193414655,191.0282344549605,50.378699120600366
1198,5,6,basic,546,238,43.58974358974359,955.3949579831933,120.12605042016807,190.219033298853,118.68883428697261,62.3958771257662
1199,15,4,smart,557,394,70.73608617594255,475.0964467005076,129.98730964467006,568.9710355967011,243.92528297101404,42.871300595328286
1200,5,4,basic,558,225,40.32258064516129,1240.5022222222221,133.04888888888888,189.99705236874246,116.87445035974407,61.51382292653492
1201,15,6,basic,545,367,67.3394495412844,512.8228882833788,115.38692098092643,567.4203571088132,206.7714361329053,36.4406094251661
1202,10,4,basic,563,368,65.36412078152753,566.8505434782609,120.10054347826087,380.23211751011866,206.32193023147832,54.26209957815774
