,Number of Tricycles,Number of Sectors,Intersection Algorithm,Number of Passengers,Total Trips Completed,Completion Rate,Average Wait Time,Average Travel Time,Total Distance,Productive Distance,Efficiency Percentage
0,10,4,smart,556,400,71.94244604316546,647.8475,132.1925,381.960212327299,234.97667195195908,61.518625335407776
1,20,6,smart,547,455,83.18098720292505,342.84615384615387,123.85054945054945,758.7238755818378,273.2720069489377,36.0173201007251
2,10,4,basic,556,383,68.88489208633094,608.1827676240209,128.5639686684073,381.5405111918685,216.59207991095852,56.76778049973284
3,5,8,basic,561,289,51.515151515151516,820.076124567474,117.0553633217993,191.09017480133824,138.61414924104372,72.53860612412448
4,20,8,smart,563,465,82.59325044404974,362.4559139784946,125.53333333333333,758.778307220571,287.7797163286736,37.92671898895209
5,5,4,basic,558,269,48.2078853046595,1015.1598513011153,155.77695167286245,191.5204556761233,150.7372829066064,78.70557866754213
6,15,6,basic,544,410,75.36764705882352,403.1,121.77317073170731,569.1781758382654,237.63460128802964,41.75047663028363
7,20,6,basic,542,429,79.15129151291514,405.8508158508159,123.6969696969697,757.9322366228184,259.1936374767956,34.19746844806419
8,15,4,basic,561,431,76.8270944741533,466.1276102088167,131.80046403712296,570.9051945969949,267.73643692403624,46.89682971146073
9,5,6,smart,553,289,52.26039783001808,913.4844290657439,125.58131487889273,191.52121230681811,145.64546103488993,76.04664740820722
10,15,8,basic,559,425,76.02862254025044,438.1411764705882,115.83764705882353,569.2571282636294,240.4990357229995,42.24787425263855
11,15,8,smart,564,443,78.54609929078015,447.39503386004515,130.45146726862302,570.4773632042718,262.1777926858335,45.95761542810859
12,10,8,smart,561,397,70.76648841354724,646.2594458438288,116.02770780856423,380.9678252138322,210.73985084643394,55.31696823167375
13,20,6,smart,546,462,84.61538461538461,333.8939393939394,127.93290043290044,758.6975422249974,287.57395347714055,37.90363583277015
14,10,8,basic,565,391,69.20353982300885,569.4603580562659,119.98209718670077,380.85755426317775,209.6749668054277,55.05338267769777
15,10,8,basic,558,363,65.05376344086021,583.6225895316804,118.67768595041322,381.2028376741099,205.519782296358,53.91349748347276
16,10,8,smart,558,390,69.89247311827957,538.6769230769231,119.44615384615385,381.21706414342873,214.56312788221882,56.283715516336855
17,20,8,basic,557,441,79.17414721723519,357.8979591836735,118.5374149659864,757.6970514452611,263.8205686660317,34.81874030825512
18,10,6,smart,546,367,67.21611721611723,616.9264305177112,119.97820163487738,381.4432763959023,210.83574152244617,55.27315712955928
19,10,4,smart,558,358,64.15770609318996,573.7011173184358,128.3072625698324,381.31114132215254,209.1244499658152,54.84351945256575
20,20,4,smart,556,481,86.51079136690647,341.4553014553015,132.68191268191268,759.6967436166592,309.3421646296636,40.71916422294905
21,20,6,basic,547,446,81.53564899451554,378.7354260089686,125.43273542600897,758.3161930254049,272.34400159500683,35.91430647266725
22,15,8,basic,559,433,77.4597495527728,398.06466512702076,117.20785219399538,569.7347190390143,242.8428791797137,42.623851252969594
23,20,4,smart,557,480,86.17594254937163,403.33125,129.30625,759.7083390747772,306.8565717608916,40.391365472518274
24,15,6,basic,542,423,78.04428044280442,432.11583924349884,121.00236406619385,569.714027584845,237.92136679417234,41.76154268182203
25,10,4,smart,558,377,67.56272401433692,696.5066312997347,127.80106100795756,381.6844622231323,221.0317089730529,57.90953807384436
26,5,8,basic,564,267,47.340425531914896,813.2471910112359,123.08988764044943,191.38970256881606,138.8830845881695,72.56559925852474
27,10,4,basic,555,371,66.84684684684684,631.9730458221024,117.86253369272237,380.9321731797017,207.12141889793082,54.372256658988725
28,15,6,smart,539,417,77.36549165120594,423.06235011990407,128.35011990407673,570.2299149235212,258.63726732417985,45.3566641376344
29,5,4,basic,558,287,51.4336917562724,913.9895470383275,124.8048780487805,191.02098582596645,139.24326448611708,72.89422357655377
30,10,8,basic,561,378,67.37967914438502,544.7460317460317,115.39153439153439,380.8271409446268,206.83902943962937,54.3131009325053
31,10,4,basic,557,348,62.47755834829444,597.8908045977012,120.86206896551724,381.19223235602976,200.4887629413834,52.595185820609515
32,20,6,basic,542,429,79.15129151291514,321.8484848484849,120.81351981351982,757.5374076588998,258.1466355575536,34.07708093984853
33,10,8,basic,559,378,67.62075134168157,462.1216931216931,116.44708994708995,381.2701885356468,210.41065666631866,55.18675810307847
34,20,6,smart,548,447,81.56934306569343,352.2863534675615,122.49217002237137,758.4351842753467,267.7130524584582,35.29807925699636
35,10,8,basic,558,385,68.99641577060932,547.5792207792208,121.10909090909091,381.11306927360175,215.83555722572785,56.63294560774538
36,10,8,basic,559,378,67.62075134168157,526.0873015873016,118.71164021164022,381.24034498876574,212.28296105106207,55.682186799331944
37,10,6,smart,542,358,66.05166051660517,610.108938547486,117.1145251396648,380.9819586557938,201.21489695213467,52.814809830385315
38,20,4,basic,555,446,80.36036036036036,351.7152466367713,128.34977578475338,758.7353956237358,282.1604951341324,37.18826046097084
39,5,4,basic,554,272,49.09747292418773,1069.2904411764705,118.47058823529412,191.0298114706937,137.043678056724,71.73941962338594
40,5,4,basic,559,284,50.80500894454383,996.2535211267606,125.61267605633803,191.23835666511778,141.91310678892447,74.20744941739487
41,5,6,smart,543,257,47.32965009208103,987.1284046692607,130.31906614785993,191.42044689500375,135.56652703241141,70.82134078747146
42,15,8,smart,559,446,79.78533094812164,415.5829596412556,121.12107623318386,570.3222435991742,253.95252051900624,44.52790038774738
43,15,4,smart,556,448,80.57553956834532,491.16517857142856,127.95982142857143,571.4174196886074,276.4933121176647,48.38727392460997
44,10,6,smart,543,388,71.45488029465929,754.5747422680413,126.43041237113403,381.6048162599132,224.36436484995332,58.79495103047585
45,5,8,smart,559,264,47.227191413237925,933.2159090909091,118.12121212121212,191.30503699130514,138.95513883653084,72.63537908980743
46,20,8,smart,561,465,82.88770053475936,377.6322580645161,122.65591397849462,758.7115060730158,279.8523616328763,36.885213864931714
47,5,4,smart,562,282,50.177935943060504,983.1631205673759,127.20921985815603,191.59245746679167,145.6140680827515,76.001983589563
48,20,6,basic,541,445,82.2550831792976,376.4629213483146,127.58426966292134,757.9327270327673,273.4056511478003,36.07254857804555
49,20,8,basic,559,445,79.60644007155635,392.7370786516854,119.6494382022472,757.831474564827,259.6486875684027,34.262061722561995
50,5,8,smart,561,292,52.04991087344028,1102.2431506849316,119.16095890410959,191.39571172535383,144.66214157863823,75.58274962096505
51,10,6,basic,546,360,65.93406593406593,681.0388888888889,121.19444444444444,381.1218581740017,209.40694087247215,54.944878227600135
52,15,8,basic,566,434,76.67844522968198,412.0,120.75806451612904,569.2684863888566,250.82833962472083,44.06151853158875
53,15,6,smart,542,418,77.12177121771218,441.7248803827751,125.97368421052632,570.3161080060266,253.4159016931973,44.43428795641161
54,15,4,basic,556,415,74.64028776978418,431.1590361445783,127.89397590361446,569.7059769902257,248.52460381076304,43.62330989113476
55,20,4,smart,559,470,84.07871198568873,338.1127659574468,129.17659574468084,758.5287564288144,299.45237169568225,39.478051314167274
56,5,8,smart,558,288,51.61290322580645,1076.84375,123.45833333333333,191.38836165792847,141.82483997583958,74.10316842009725
57,15,4,basic,554,422,76.17328519855594,509.6469194312796,132.47156398104266,570.4650343910415,261.90642069371233,45.91103834668701
58,20,4,smart,558,458,82.07885304659499,366.646288209607,136.96724890829694,760.1115237713931,308.7578875408162,40.62007717089637
59,15,8,basic,557,398,71.45421903052065,352.2185929648241,119.54020100502512,569.36399714582,235.75984303732346,41.4075783188207
60,15,4,smart,556,449,80.75539568345323,464.3184855233853,130.29398663697106,570.8829371771134,273.709207121178,47.94489190281425
61,15,4,smart,554,423,76.3537906137184,516.371158392435,127.50354609929079,570.512443015662,256.99030911341623,45.04552218966435
62,5,6,smart,546,265,48.53479853479853,1038.120754716981,133.61132075471698,191.14383130353997,133.3428621671075,69.76048416407254
63,15,6,smart,548,415,75.72992700729927,501.67710843373493,122.42650602409638,569.5938179454243,237.6522373361008,41.72310686118989
64,5,4,basic,557,261,46.858168761220824,1021.2835249042146,118.86973180076629,191.42061044126996,141.04122701351474,73.68131712064925
65,5,6,smart,546,266,48.717948717948715,1107.5225563909773,129.75187969924812,191.23560791298004,135.44608015521064,70.82680973139902
66,10,6,basic,542,353,65.12915129151291,608.4249291784703,113.38810198300283,380.97645706181385,197.0326978888968,51.717814640952476
67,5,4,basic,560,262,46.785714285714285,1068.6603053435115,124.18702290076335,191.20492412488122,139.63098585572286,73.02687757378361
68,10,8,basic,556,376,67.62589928057554,585.0265957446809,119.17287234042553,380.84924012947135,203.62855550762515,53.46697171783794
69,5,8,basic,561,274,48.84135472370767,1035.9379562043796,120.26642335766424,190.91557500613408,137.85307525773217,72.20630126866443
70,20,4,basic,556,464,83.45323741007195,360.5560344827586,127.71336206896552,759.1305105475257,290.6357554989899,38.28534770514859
71,15,8,basic,562,429,76.33451957295374,412.13519813519815,115.97902097902097,569.875927041702,247.09150695382698,43.358825180861785
72,15,6,smart,542,412,76.01476014760148,532.8640776699029,125.58009708737865,570.4070756497036,248.46295729539403,43.558884155213256
73,15,6,basic,547,407,74.40585009140767,473.95331695331697,128.34889434889436,569.6122268795954,242.74428499686456,42.61570829099774
74,5,8,smart,562,284,50.5338078291815,901.0633802816901,119.73239436619718,191.2962243973569,140.772298534161,73.58864451069952
75,10,6,smart,547,380,69.46983546617916,673.1605263157895,125.6842105263158,381.6732332727673,219.86604919764437,57.6058340042186
76,10,6,smart,543,358,65.93001841620627,700.0279329608938,124.65083798882682,381.326695202265,210.95518845831606,55.32137957097923
77,15,6,basic,540,402,74.44444444444444,453.681592039801,125.03731343283582,570.0985206398315,235.3657941045802,41.2851087282993
78,10,6,smart,543,351,64.64088397790056,606.1367521367522,116.96581196581197,381.0358479680881,197.67145194748903,51.87738975258939
79,20,4,smart,555,466,83.96396396396396,329.912017167382,130.69957081545064,759.5409059823257,299.4007242943645,39.41864380656958
80,5,4,basic,559,285,50.98389982110913,975.9508771929825,122.40350877192982,191.45573580259773,143.02689477090894,74.70494115589109
81,10,8,smart,560,396,70.71428571428572,557.1515151515151,116.34343434343434,381.36174502287383,212.12186854543407,55.62221992998042
82,20,6,smart,549,446,81.23861566484517,317.63004484304935,129.31838565022423,759.12252812017,291.1852077550397,38.3581302054238
83,20,6,smart,546,438,80.21978021978022,336.27853881278537,127.91095890410959,758.432292477374,277.86450410915745,36.636692143148274
84,5,4,basic,562,278,49.46619217081851,922.5647482014389,125.41007194244604,191.48180872502618,143.92034101405966,75.16136492147604
85,15,8,basic,557,407,73.07001795332137,441.56511056511056,112.5036855036855,569.1854136119999,227.10110402400656,39.89931902556026
86,20,8,basic,559,451,80.67978533094812,343.0931263858093,128.99778270509978,757.6349153101656,280.35609984908507,37.0041155949513
87,15,6,smart,542,422,77.85977859778598,455.2962085308057,128.6990521327014,569.8572307274134,252.2569746636768,44.26669717635678
88,20,4,smart,555,458,82.52252252252252,311.88646288209605,130.56331877729258,759.2966159453653,293.35857193777815,38.63556952279195
89,20,8,basic,556,466,83.81294964028777,328.7703862660944,126.43991416309012,758.3482732240151,282.7801098215149,37.288950183708266
90,5,4,basic,555,270,48.64864864864865,1001.8296296296296,126.97777777777777,191.1810122068967,138.09887168159986,72.2346168625516
91,15,4,basic,556,411,73.92086330935251,405.05109489051097,122.91240875912409,569.8616845081473,246.73334388183153,43.29705796851201
92,20,6,basic,543,440,81.03130755064457,359.675,128.69545454545454,758.4814462728152,274.5267841656937,36.194264937490665
93,20,4,smart,563,477,84.7246891651865,330.6792452830189,133.51572327044025,760.0472328599942,305.0512444951629,40.13582726264006
94,10,4,basic,555,368,66.30630630630631,563.8233695652174,119.8070652173913,381.18776781618834,205.80959011767314,53.99165647333051
95,15,4,smart,554,417,75.27075812274369,458.56354916067147,126.10071942446044,571.0605346610416,256.8187864925926,44.97225266057474
96,15,8,smart,561,430,76.6488413547237,404.2093023255814,127.4860465116279,570.6075629812561,267.9174422818088,46.95301283460374
97,20,4,basic,562,467,83.09608540925268,351.4004282655246,128.28907922912205,758.9330687966249,297.03439942062056,39.138418344532354
98,5,8,basic,560,278,49.642857142857146,916.0143884892086,124.62589928057554,191.15138674295633,135.04067844063567,70.64593186667622
99,5,6,basic,546,261,47.8021978021978,981.992337164751,115.65517241379311,191.03692493849476,131.20020330265876,68.67792880611918
100,10,6,smart,544,385,70.77205882352942,638.5870129870129,131.15324675324675,382.0852148201315,229.29971738804772,60.01271666478686
101,15,4,smart,559,438,78.35420393559929,486.77853881278537,128.3584474885845,570.4767766524934,265.6637409428385,46.568721430121926
102,15,8,basic,553,431,77.9385171790235,389.62180974477957,116.0092807424594,570.0491353069351,245.3729743344237,43.0441797271223
103,15,6,smart,544,417,76.65441176470588,488.51079136690646,131.01199040767386,570.9337085428632,259.60778396117496,45.47074031129566
104,20,6,basic,546,422,77.2893772893773,344.2867298578199,128.21090047393366,757.6767905101559,265.41670833340874,35.030333733028755
105,10,6,basic,550,380,69.0909090909091,606.2236842105264,122.90263157894736,380.86657196658433,210.53992594979997,55.279182119525025
106,10,6,smart,548,369,67.33576642335767,644.189701897019,120.37127371273712,380.43630080218674,193.24599040642,50.79588619670157
107,5,4,basic,554,243,43.86281588447653,1021.2921810699588,120.06584362139918,191.18979967566153,129.3338835942899,67.64685344808909
108,10,6,basic,547,369,67.45886654478977,552.7262872628726,130.52574525745257,381.719391940844,220.64544511702985,57.80304846320824
109,10,6,basic,546,370,67.76556776556777,680.2810810810811,123.07297297297298,381.3267738028523,210.41313139510737,55.17921789144864
110,5,4,basic,561,286,50.98039215686274,1015.7377622377622,131.04195804195805,191.60470661083997,150.37969608985034,78.48434349542364
111,10,8,basic,561,374,66.66666666666666,475.66577540106954,109.97326203208556,380.50895830623136,196.21532203914035,51.56654469123626
112,10,8,smart,564,396,70.2127659574468,509.050505050505,122.37878787878788,381.70496720218216,222.29350632882856,58.23699596004569
113,5,4,basic,555,280,50.45045045045045,1036.0,117.12142857142857,191.282847662655,140.82466281607,73.62116600461079
114,5,8,smart,559,279,49.910554561717355,946.6236559139785,126.59498207885305,191.50081669076243,148.68824152042546,77.64365922288927
115,5,6,smart,540,275,50.92592592592593,964.9090909090909,120.89090909090909,191.29806158068374,141.63976915436993,74.04140323430855
116,20,4,basic,556,446,80.2158273381295,429.11210762331837,128.3340807174888,758.1663085210943,276.0112761603888,36.405109678216384
117,10,8,smart,559,397,71.01967799642217,605.88161209068,111.11586901763224,381.0072468299565,211.28203957717503,55.45354880650608
118,20,6,basic,544,432,79.41176470588235,376.7986111111111,123.23611111111111,757.8124399736527,261.9770258530378,34.57016697458095
119,5,8,basic,559,291,52.05724508050089,928.8865979381443,109.69759450171821,191.16322153022776,138.884372417742,72.6522451892143
120,15,8,smart,563,439,77.97513321492006,430.6719817767654,122.1116173120729,570.2143768617142,259.96172290598696,45.59017335492958
121,10,8,smart,557,394,70.73608617594255,616.7842639593908,119.71573604060913,381.25155961280916,213.96011595190373,56.120456574445754
122,5,6,smart,540,261,48.333333333333336,969.360153256705,119.10727969348659,191.38017940785898,130.55363685850114,68.2169058794079
123,15,8,smart,561,433,77.18360071301248,384.08083140877596,124.44572748267899,570.3540555404085,260.2713721359392,45.6332991073997
124,15,4,smart,559,440,78.71198568872988,445.29545454545456,129.61818181818182,570.9112397755457,275.755210441041,48.3008900909806
125,10,4,basic,558,363,65.05376344086021,619.8099173553719,134.25619834710744,381.6206195733862,220.71840075282884,57.83712656815294
126,10,6,smart,546,384,70.32967032967034,676.4296875,126.91666666666667,381.43806061261324,216.43614726573577,56.74214757649666
127,10,4,smart,559,371,66.3685152057245,572.4690026954178,125.52291105121294,381.2525351717034,213.7076143491748,56.05408348378012
128,20,6,basic,542,449,82.84132841328413,395.3452115812918,123.31180400890868,757.8058939171408,266.81237268628735,35.2085375460884
129,10,4,smart,555,388,69.90990990990991,697.4510309278351,120.44845360824742,381.08316765930425,212.63836053536065,55.79841320240716
130,10,6,basic,542,370,68.26568265682657,534.7837837837837,123.54324324324324,381.18755585364516,208.2225646080432,54.624701517798
131,20,6,smart,542,425,78.41328413284133,349.20235294117646,128.69411764705882,757.567850635653,259.171385355134,34.21097993238109
132,5,6,basic,545,287,52.66055045871559,1044.0975609756097,128.794425087108,191.32832340049015,142.11269613629682,74.27687318349895
133,5,4,smart,560,269,48.035714285714285,1081.2118959107806,127.46468401486989,191.32832647112804,140.96944204521546,73.67933679516511
134,15,4,smart,549,416,75.77413479052824,525.7235576923077,132.75721153846155,570.8362754814038,258.7951835014958,45.33614884289647
135,15,8,smart,561,449,80.03565062388593,458.4253897550111,126.14922048997772,570.5649751094938,269.44788928426556,47.22475108686042
136,15,8,smart,556,451,81.11510791366906,512.8957871396896,125.53436807095343,570.4058999172486,260.52850089128714,45.67422968960931
137,10,4,basic,558,348,62.365591397849464,575.7873563218391,126.70689655172414,380.84278568404824,203.2708345115349,53.37394908149076
138,20,4,smart,549,450,81.9672131147541,428.8822222222222,137.0888888888889,759.3400570305556,295.5421670005389,38.92092406612581
139,5,4,basic,549,258,46.994535519125684,974.546511627907,126.78294573643412,191.1573674449723,137.0872232369294,71.71432891614398
140,20,6,smart,544,442,81.25,315.62669683257917,125.20361990950227,758.1735091552887,277.16659540584493,36.55714583257429
141,15,6,basic,553,403,72.875226039783,392.2630272952854,122.52357320099256,569.6468308680102,241.91262530583154,42.46712387343797
142,15,6,smart,549,398,72.49544626593807,389.356783919598,124.51256281407035,569.7550587028327,242.26986589598903,42.52175776158397
143,20,8,smart,561,463,82.53119429590018,327.16846652267816,122.76673866090712,758.7276279768414,288.4507288523604,38.0176914898326
144,5,8,basic,558,278,49.82078853046595,938.7482014388489,114.18705035971223,191.5526272534879,141.19868343491754,73.71273652543782
145,20,8,smart,561,464,82.70944741532978,304.14870689655174,127.19612068965517,759.4618446450067,300.7691600286747,39.60293228019407
146,15,8,smart,560,444,79.28571428571428,466.3355855855856,118.36711711711712,570.5579272477718,250.37282290937617,43.88210398146807
147,10,6,basic,547,348,63.61974405850091,564.7011494252873,122.94252873563218,380.6342168307597,202.03523271926667,53.07857879973439
148,15,6,smart,547,439,80.25594149908592,443.5671981776765,123.87927107061503,570.3623139769027,266.75754872493553,46.76984123739601
149,5,4,basic,563,274,48.66785079928952,921.8175182481751,128.1934306569343,191.2501098582477,135.0413242250059,70.60980217219061
150,10,4,basic,556,373,67.08633093525181,653.6541554959786,130.48257372654155,381.6034627387616,222.0226246308687,58.181501561179786
151,20,4,basic,561,445,79.32263814616756,427.16629213483145,134.28314606741574,758.5820382678243,285.0633672004601,37.578449372645956
152,20,8,basic,561,461,82.174688057041,411.23861171366593,122.11496746203905,757.859980560835,275.73526755708014,36.38340519749166
153,5,4,smart,549,274,49.90892531876138,997.4744525547445,129.29562043795622,191.1734983438209,139.9285914371101,73.19455502428056
154,10,6,basic,538,359,66.72862453531599,619.3119777158774,117.83565459610028,380.9153536275694,199.731176927723,52.43453040829781
155,20,4,basic,557,470,84.38061041292639,378.74893617021274,128.17446808510638,758.8269227473139,293.85921234466196,38.72545946060427
156,5,8,smart,564,278,49.29078014184397,949.4640287769785,117.58992805755396,191.33124740165468,139.80081117328143,73.06742263578239
157,15,6,smart,540,419,77.5925925925926,417.7613365155131,127.52505966587113,570.3606063703724,253.07055774599567,44.37027293249991
158,15,6,basic,547,436,79.70749542961609,482.658256880734,121.72018348623853,569.8104576616366,255.5788740454601,44.85331404662062
159,10,8,smart,559,394,70.48300536672629,559.1776649746192,120.13197969543147,381.60676764327616,218.17305859953285,57.17221944121279
160,20,8,smart,562,471,83.80782918149467,330.4628450106157,126.0828025477707,759.0126870780954,291.94932763154856,38.464354101304984
161,5,6,basic,541,277,51.20147874306839,898.0,122.23104693140795,191.35894025800707,138.92668688141686,72.60005030029096
162,10,4,basic,549,350,63.752276867030965,676.8742857142857,123.83714285714285,381.09411355400204,207.29838778561157,54.395589019308446
163,20,6,smart,542,443,81.73431734317343,299.9729119638826,122.93679458239278,758.6160040724395,273.41283914703786,36.0410059475795
164,20,4,basic,555,451,81.26126126126127,348.24833702882484,125.21951219512195,758.0443833263979,280.0033228128737,36.937589535876846
165,15,6,basic,542,369,68.08118081180811,438.7154471544715,118.77777777777777,568.8370700738288,212.51826122340654,37.36012865614121
166,10,8,smart,557,391,70.19748653500898,544.0716112531969,115.26342710997443,381.5052189186454,217.05642949552757,56.89474710483948
167,5,4,smart,556,281,50.53956834532374,974.9217081850534,128.2099644128114,191.47178525641468,143.3312533908264,74.85763670030047
168,10,6,smart,542,365,67.34317343173431,617.9095890410958,124.44931506849315,381.50133634924174,208.17240343797653,54.566624963905
169,15,6,basic,539,395,73.28385899814471,498.59746835443036,127.07848101265823,569.6874059155714,238.38849822073658,41.84549206202149
170,5,8,smart,566,293,51.76678445229682,1085.6109215017066,123.92491467576792,191.02025912792263,142.15753770505404,74.42013656250663
171,15,8,basic,558,430,77.06093189964157,417.5558139534884,116.65581395348838,569.1763985781199,244.19469819116432,42.903166540495334
172,15,8,smart,559,430,76.92307692307693,369.75348837209305,125.9093023255814,570.4961093369449,261.3418856345084,45.80958245942311
173,10,8,smart,562,377,67.08185053380782,576.4854111405836,114.34482758620689,381.8564079055815,209.91447762200025,54.97209769854224
174,15,4,basic,556,431,77.51798561151078,457.2853828306265,124.07424593967518,570.234979265212,254.92472733036755,44.70520690590676
175,15,8,basic,559,416,74.4186046511628,341.84375,117.35096153846153,570.2263533354495,246.73334088345518,43.26936828510771
176,5,4,smart,554,269,48.55595667870036,1087.271375464684,122.91078066914498,191.69056071105408,145.2639809704182,75.78045597632882
177,15,8,smart,557,437,78.45601436265709,457.4096109839817,122.36613272311213,569.8727307877152,254.99631660952915,44.74618679455966
178,15,6,smart,541,421,77.81885397412199,438.34679334916865,126.37767220902613,570.4716990736292,256.4716079500305,44.95781444837782
179,20,8,smart,561,483,86.09625668449198,390.6894409937888,124.29813664596273,758.7562913824368,290.18688065083757,38.24507077524506
180,5,4,basic,556,256,46.043165467625904,989.0546875,117.78515625,191.13997348970904,129.59394912188716,67.8005478162654
181,20,8,basic,558,452,81.00358422939068,400.6858407079646,121.8783185840708,757.515759353935,264.711565656101,34.94469420436434
182,5,4,basic,561,283,50.44563279857398,1108.3250883392227,126.64310954063605,191.56253998910518,148.30580294658387,77.41900005868503
183,20,6,basic,542,440,81.18081180811808,335.7204545454546,126.375,757.8189500628604,266.9044349433093,35.22007927106729
184,20,4,smart,548,455,83.02919708029196,318.48131868131867,134.71428571428572,759.5821402294301,303.53115779713113,39.960281017856765
185,10,6,smart,544,377,69.30147058823529,540.9946949602122,118.38726790450929,381.1210051541371,207.62377334324592,54.47712682728585
186,5,4,smart,555,279,50.27027027027027,1016.8602150537635,131.29390681003585,191.52802701647295,145.92345721439347,76.18908808674925
187,15,6,smart,546,432,79.12087912087912,476.037037037037,128.86111111111111,570.4718672058156,262.5082940949823,46.01599293243926
188,10,4,basic,554,354,63.898916967509024,609.3813559322034,125.81638418079096,381.10879467032356,211.62491876046818,55.52874185008859
189,10,4,smart,561,384,68.44919786096256,685.2057291666666,134.265625,381.6230042027843,227.13051736654276,59.516987934472546
190,5,8,smart,561,294,52.406417112299465,878.8367346938776,119.77551020408163,191.5335212575067,146.9074420320199,76.70064282612474
191,20,6,basic,546,424,77.65567765567766,349.75,125.91509433962264,757.9379615619316,267.8555478876096,35.34003592267926
192,15,8,basic,564,425,75.35460992907801,442.7505882352941,118.96705882352941,569.6368458202102,250.84054457876593,44.03516844448237
193,20,6,smart,542,436,80.44280442804428,305.5573394495413,123.45412844036697,758.5135810365347,267.39817464669903,35.252918514826106
194,15,8,basic,558,407,72.93906810035843,422.2628992628993,117.47665847665847,569.2139183166732,234.21878840059165,41.14776200364933
195,20,8,smart,564,467,82.80141843971631,319.79014989293364,126.51391862955032,758.8314096635328,294.0351087243999,38.748410382060435
196,15,6,basic,542,372,68.63468634686348,450.86290322580646,117.71774193548387,568.7653378816188,209.47441600148042,36.82967333798386
197,20,8,basic,562,462,82.20640569395017,302.6969696969697,124.53030303030303,758.5766030150321,280.42231354443453,36.966907815225305
198,20,4,basic,559,448,80.14311270125224,355.56919642857144,128.30357142857142,758.6626708098642,290.3736083541893,38.27440304189721
199,20,6,basic,540,425,78.70370370370371,329.88941176470587,125.76705882352941,757.5745788972417,260.8585743646231,34.433385389507144
200,5,4,basic,557,271,48.65350089766607,1021.5977859778598,130.2140221402214,191.48965801706316,140.0842935971912,73.15501789903904
201,10,6,smart,543,362,66.66666666666666,595.3867403314918,123.95027624309392,380.8249718523837,208.3939666962259,54.721717875424424
202,10,6,smart,545,364,66.78899082568807,639.760989010989,118.75,381.05106278982254,210.83162427610807,55.328968966134894
203,20,4,smart,555,461,83.06306306306305,336.5770065075922,129.14967462039044,759.1305577824646,294.35427684616343,38.775184825389836
204,10,4,basic,558,377,67.56272401433692,574.3315649867374,119.75331564986737,380.83713906523695,209.4167031107455,54.98851914095296
205,5,6,basic,542,274,50.55350553505535,1036.4379562043796,119.86131386861314,191.45582730178432,141.30794673412515,73.80707535811221
206,10,4,smart,553,374,67.63110307414105,644.7219251336899,122.16310160427807,381.40510733524223,217.32154013727123,56.979189831942364
207,5,8,basic,558,290,51.971326164874554,1063.048275862069,124.62758620689655,191.15855318461044,140.22559515758493,73.35564787528118
208,20,4,basic,559,450,80.50089445438283,357.62444444444446,125.98222222222222,758.0159800553922,279.76979334008695,36.90816561936368
209,20,4,smart,559,478,85.5098389982111,372.5271966527197,131.29916317991632,759.6789730148686,308.16911056506734,40.56570229159624
210,5,8,smart,556,270,48.561151079136685,879.6777777777778,110.10740740740741,191.47571150808236,136.3907732643751,71.23137038643041
211,5,6,smart,542,263,48.523985239852394,1212.0760456273765,117.84790874524715,191.33795853458247,132.67365020005278,69.3399528332865
212,10,8,basic,559,366,65.47406082289802,621.7704918032787,113.06284153005464,380.46381716025246,196.9088024324672,51.75493530559008
213,15,4,basic,559,437,78.175313059034,597.6681922196797,129.64302059496566,570.8721248631194,265.344973773782,46.480632389855245
214,15,4,basic,559,426,76.20751341681574,456.57511737089203,124.23474178403755,570.3863718120845,257.6271390438987,45.16712736761788
215,20,8,basic,560,448,80.0,327.2611607142857,118.86160714285714,757.7330396688066,263.71737139084047,34.803467393490884
216,10,6,basic,545,366,67.1559633027523,536.5054644808744,122.28415300546447,381.2993993294284,206.8367918141206,54.24524459725713
217,20,4,smart,556,479,86.15107913669064,371.07933194154487,130.5135699373695,760.1019231391602,307.07998003948995,40.39984253312689
218,20,6,smart,543,423,77.90055248618785,359.45626477541373,126.09929078014184,758.3068991890111,264.9509576938969,34.93980576693353
219,5,6,basic,542,270,49.815498154981555,938.5518518518519,123.45555555555555,191.32390272635845,138.08985745406588,72.17595683879043
220,10,4,basic,557,366,65.70915619389586,620.6366120218579,121.24590163934427,380.68074449906715,201.66268494303853,52.974227842389
221,20,4,smart,557,465,83.48294434470377,356.27096774193546,131.50752688172042,759.3804407931186,307.4549843439256,40.48760908600843
222,15,4,basic,557,415,74.50628366247756,468.5397590361446,128.00722891566264,569.9462656027807,250.24689473287447,43.90710314913826
223,10,4,basic,557,377,67.68402154398564,662.5994694960212,121.62864721485411,381.44178690709106,215.4531340555404,56.483883373800104
224,20,6,smart,553,454,82.09764918625679,330.97136563876654,129.62114537444933,759.5614319650175,293.8971229806674,38.69300238432896
225,5,4,basic,554,271,48.91696750902527,885.4132841328413,127.82656826568265,191.54361634763103,141.45314355903147,73.84905133163471
226,5,6,basic,545,259,47.522935779816514,931.023166023166,124.54440154440154,191.03540832114854,130.3222280305188,68.21888631841216
227,10,6,smart,544,359,65.99264705882352,598.7186629526462,121.84679665738162,381.4003711380384,209.61618818764296,54.9596183040361
228,20,4,basic,556,464,83.45323741007195,366.0086206896552,132.10991379310346,758.049927531819,283.91777784554006,37.45370423950376
229,20,8,smart,558,474,84.94623655913979,325.7257383966245,124.53164556962025,758.977610405051,292.70634130578213,38.5658729971719
230,20,4,smart,555,465,83.78378378378379,383.2924731182796,131.35698924731182,760.2641895847236,308.8792972511674,40.62788981549762
231,20,6,basic,549,416,75.77413479052824,334.9206730769231,123.61778846153847,757.4680491694457,257.0074074092155,33.92980175084888
232,15,6,smart,547,433,79.15904936014626,503.48036951501155,124.38799076212472,570.5308387480289,263.49232472075767,46.18371292583664
233,5,8,smart,554,284,51.26353790613718,1013.6267605633802,117.06338028169014,191.4266295599876,139.73548304683516,72.99688834726417
234,10,8,smart,561,379,67.5579322638146,529.5963060686016,117.90501319261213,381.3342858604023,215.44588097454718,56.497904584802264
235,20,4,basic,557,443,79.53321364452424,351.9435665914221,127.45372460496614,758.4986778082064,283.3857935378678,37.36140903458827
236,20,4,basic,548,429,78.28467153284672,415.55944055944053,128.6083916083916,757.9861824157567,264.4829215496541,34.89284207091057
237,15,4,basic,556,412,74.10071942446042,446.2621359223301,124.70873786407768,569.7358800412657,249.63893919674433,43.816608351691514
238,10,6,basic,544,364,66.91176470588235,559.0384615384615,122.02472527472527,381.06756328838827,208.10959076829485,54.61225536291566
239,10,8,smart,560,385,68.75,617.9454545454546,118.42337662337663,381.2416568019606,206.6434637507085,54.20275042452963
240,10,6,basic,542,340,62.73062730627307,593.8735294117647,115.30294117647058,380.3455954962046,184.12721679946168,48.410503231737586
241,5,4,smart,557,281,50.44883303411131,1011.085409252669,129.067615658363,191.44115256962652,144.4594686162281,75.4589421747702
242,10,6,smart,546,375,68.68131868131869,668.048,127.52533333333334,381.28569685521427,214.1985517058862,56.17796667238317
243,20,4,smart,556,474,85.25179856115108,369.80801687763716,132.9746835443038,759.6746018447351,309.30773351847984,40.7158186896575
244,20,6,basic,544,436,80.14705882352942,356.11009174311926,129.42201834862385,758.7902001803667,275.97942005584343,36.370978432541996
245,15,6,smart,550,428,77.81818181818181,444.00233644859816,126.61915887850468,570.3446639626904,262.1323367512072,45.960338250548595
246,20,6,basic,547,430,78.61060329067642,366.01162790697674,122.34186046511628,757.6921625693954,259.06589889232237,34.19144498127168
247,20,4,smart,557,449,80.61041292639139,347.086859688196,135.10913140311803,759.1610932251508,291.5511500100795,38.404385131419225
248,5,4,basic,558,266,47.67025089605735,960.4962406015038,130.4624060150376,191.24022529355557,139.69190721011253,73.0452534218071
249,10,6,smart,547,368,67.27605118829982,601.3342391304348,123.88315217391305,381.82371915533713,214.38062080277888,56.146491181068434
250,15,4,basic,563,424,75.31083481349911,424.6061320754717,121.18160377358491,569.8478064126131,253.84847711894417,44.54671480039683
251,15,8,basic,558,433,77.59856630824373,411.55889145496536,123.58891454965358,569.9128577456363,247.21879206812338,43.378349638579685
252,5,6,basic,542,269,49.6309963099631,1013.8252788104089,123.98884758364312,191.3044629650138,139.8011621567905,73.07783623550782
253,5,4,smart,559,279,49.910554561717355,951.6594982078853,126.46236559139786,191.31751876400236,142.58688135078717,74.52892044176762
254,15,6,basic,542,408,75.27675276752768,429.84558823529414,125.7279411764706,569.4439955680256,234.54582281590083,41.188567206146274
255,5,8,basic,560,282,50.357142857142854,982.2340425531914,122.53900709219859,191.50351199960497,138.9000042855982,72.53130913123134
256,15,4,basic,559,442,79.06976744186046,493.57013574660635,127.77601809954751,570.3698984607681,267.4112264614739,46.883825247988135
257,20,6,basic,542,436,80.44280442804428,404.8463302752294,125.7591743119266,757.5546336838278,258.80465671186107,34.1631672759163
258,5,6,basic,542,271,50.0,1008.8228782287823,131.10332103321034,191.25288733277023,137.84762485167516,72.07610132014757
259,5,6,basic,544,276,50.73529411764706,1123.409420289855,137.64492753623188,191.5553596792574,140.28840403566923,73.23648070749354
260,5,4,basic,559,283,50.62611806797853,1030.303886925795,124.00706713780919,191.22914103883195,142.32843437788893,74.42821402883726
261,15,8,basic,558,409,73.29749103942652,469.4156479217604,119.20293398533008,569.4641981585542,241.40379413790416,42.391390875584214
262,20,4,smart,560,449,80.17857142857143,361.7795100222717,133.06013363028953,759.6061395052863,300.32073433631587,39.5363753289182
263,10,4,basic,559,385,68.87298747763863,683.1402597402597,124.28051948051949,381.814368749238,222.83170358601132,58.361267103690174
264,5,8,smart,557,295,52.96229802513464,1007.9322033898305,122.62372881355932,191.18947186223284,142.00321731447053,74.27355488318682
265,10,4,smart,554,382,68.95306859205776,680.9397905759163,121.62303664921465,381.62109997356043,218.04575568711584,57.1367137986402
266,10,4,smart,562,401,71.35231316725978,634.8902743142145,124.90274314214464,381.77087690922707,228.61432175059443,59.88259858935013
267,15,4,basic,560,419,74.82142857142857,512.5322195704057,130.12649164677805,570.6965114922516,268.41477269026853,47.03283922104591
268,15,8,smart,562,445,79.1814946619217,430.2337078651685,118.43595505617978,570.4762025572891,261.9391738307925,45.91588091783508
269,20,6,smart,546,453,82.96703296703298,337.1501103752759,132.83664459161147,758.9892533748391,300.51968791851095,39.59472239985649
270,10,6,basic,544,377,69.30147058823529,678.6923076923077,127.6816976127321,381.4762796360592,217.34931141335744,56.97583913230877
271,10,8,smart,566,397,70.14134275618375,623.272040302267,123.41057934508817,381.465131932632,227.72049046501232,59.69627926707296
272,10,6,smart,542,370,68.26568265682657,670.1432432432432,118.83243243243243,381.1386156858277,202.57843025545458,53.150854287207636
273,10,8,basic,564,388,68.79432624113475,568.1623711340206,119.92268041237114,381.3068546140079,217.73992277544744,57.103595212276694
274,10,8,smart,561,393,70.05347593582889,637.9338422391858,121.63358778625954,381.4692150888542,218.045911431306,57.15950404556692
275,20,8,basic,563,455,80.81705150976909,419.4197802197802,120.77142857142857,757.817912157211,264.1203810150198,34.85274981996301
276,5,8,basic,559,282,50.44722719141323,1207.1312056737588,119.4645390070922,191.18400912169244,139.94419494027252,73.19869249692073
277,5,4,smart,559,269,48.1216457960644,786.5762081784386,123.98884758364312,191.5880842993023,139.2583143093375,72.6863128355027
278,15,4,smart,557,441,79.17414721723519,455.1179138321995,132.79591836734693,571.5059996445597,276.9920139304224,48.467035184703875
279,5,8,basic,563,276,49.02309058614564,882.018115942029,118.41666666666667,191.37540214279915,140.55536779282528,73.44484516769123
280,10,8,basic,561,376,67.02317290552585,511.3324468085106,112.74734042553192,380.72394864610413,205.1919750929063,53.895210906114876
281,10,8,basic,562,369,65.65836298932385,636.5257452574526,115.49051490514906,380.77788213492795,207.10488061226093,54.38994498605717
282,5,6,smart,543,281,51.74953959484346,1054.9537366548043,127.85765124555161,191.25849320651298,134.21976574820744,70.17715318047732
283,15,8,smart,557,418,75.04488330341114,434.2511961722488,125.91866028708134,570.1314513252603,254.9741607674479,44.72199528280102
284,5,8,smart,564,273,48.40425531914894,932.952380952381,119.76556776556777,191.5686026030873,138.8500588059471,72.48059281072891
285,5,4,basic,554,270,48.73646209386281,922.437037037037,127.0037037037037,191.49221892845358,141.14946952497542,73.71028980436668
286,10,4,smart,555,373,67.2072072072072,553.7372654155496,126.25469168900804,381.8765129249798,221.2927370212177,57.94876865461768
287,5,4,smart,558,279,50.0,946.68458781362,119.20071684587813,191.56654213265566,140.42820059770912,73.30518107930646
288,20,4,smart,554,451,81.40794223826715,298.0864745011086,126.33702882483371,759.0970212774425,289.90257459944263,38.19045082163299
289,15,6,smart,543,417,76.79558011049724,406.48920863309354,125.56354916067146,570.7216485791395,253.58786619575986,44.43284512285255
290,15,6,basic,548,396,72.26277372262774,463.12626262626264,119.37626262626263,568.9169869140866,219.77937816861433,38.631185783490004
291,5,6,basic,542,280,51.66051660516605,1039.4071428571428,123.08214285714286,191.47230956199178,141.25958453517057,73.77546385600779
292,10,6,smart,546,361,66.11721611721612,686.2686980609418,126.20775623268698,381.0442777878112,209.19307338924185,54.89993829686463
293,5,4,smart,559,292,52.23613595706619,1152.9280821917807,127.82876712328768,191.47824565639402,147.95236838760468,77.26850007447001
294,15,8,basic,562,404,71.88612099644128,386.5792079207921,116.75,569.7112872654009,228.81635526782074,40.16356361239273
295,20,4,smart,554,453,81.76895306859205,369.95584988962474,131.61810154525386,759.2838087598592,296.5135785330456,39.05174522519349
296,20,4,basic,555,446,80.36036036036036,380.95515695067263,125.48654708520179,758.2353539025247,276.80696488461865,36.50673415054235
297,5,4,basic,558,260,46.59498207885305,963.8346153846154,126.3576923076923,191.17671789086535,135.42832249182945,70.83933858993213
298,5,6,smart,547,276,50.45703839122486,1056.873188405797,123.6304347826087,191.42124973644954,139.08875996030528,72.6610865574245
299,20,4,smart,557,467,83.84201077199282,359.7580299785867,133.32762312633832,759.7513350068481,311.13072059470716,40.95165171271503
300,5,8,basic,558,282,50.53763440860215,902.2695035460993,115.19148936170212,191.18457752184554,136.6870784198704,71.4948246305338
301,5,6,basic,544,303,55.69852941176471,1006.5313531353136,123.3003300330033,191.1300728281341,143.4470002438072,75.05203033789248
302,5,6,smart,544,298,54.779411764705884,1075.03355704698,128.93624161073825,191.0546048035559,145.0054439396719,75.89738236812865
303,10,4,basic,548,354,64.59854014598541,623.2655367231638,121.70056497175142,380.8349467363396,196.65672868298748,51.63830955333447
304,15,8,basic,561,422,75.22281639928698,358.95497630331755,120.3388625592417,569.5687740672287,250.57490180194554,43.993792007349256
305,15,4,smart,554,423,76.3537906137184,499.177304964539,128.91725768321513,570.484864653069,267.85312982722013,46.951838063243024
306,20,6,basic,538,420,78.06691449814126,335.3904761904762,122.20476190476191,757.766033749245,253.99888857599072,33.51943439840725
307,5,4,smart,557,269,48.29443447037702,974.8289962825279,122.88104089219331,191.3396995770619,140.24016134827986,73.29381286699379
308,10,8,smart,558,390,69.89247311827957,626.6769230769231,120.24358974358974,381.81786625511745,224.78383450873795,58.8720053132729
309,15,4,smart,559,444,79.42754919499106,474.1981981981982,130.25,571.0766552025741,270.85175041305706,47.428265180438814
310,5,6,smart,547,271,49.54296160877514,985.9667896678967,136.12177121771217,191.42715817473854,144.6622138728361,75.57037112821031
311,20,8,smart,557,456,81.86714542190305,328.31140350877195,125.14912280701755,758.8409566747295,289.6778933002458,38.17372938983494
312,20,6,basic,550,438,79.63636363636364,363.0913242009132,128.5296803652968,757.813669970455,265.3843948224596,35.01974236395158
313,5,6,smart,549,278,50.63752276867031,958.8273381294964,127.23021582733813,191.37289214828812,141.71137718607048,74.04986965252284
314,10,4,smart,558,385,68.99641577060932,541.8597402597403,119.18441558441559,381.21512596494637,210.66188737336452,55.26063186504708
315,10,4,smart,559,374,66.90518783542039,635.5668449197861,126.3475935828877,381.4905529685577,215.5584043962491,56.504257502286116
316,20,8,basic,562,473,84.16370106761566,333.83720930232556,120.11839323467231,758.8298595851571,287.66941158189684,37.90960621122133
317,10,8,basic,557,360,64.63195691202873,578.6083333333333,112.83611111111111,381.04256502333646,199.62645563535287,52.38954226101408
318,20,6,basic,543,416,76.61141804788214,358.5625,124.91586538461539,757.4101430663135,257.50755947282886,33.998430286440374
319,5,6,basic,543,264,48.61878453038674,1038.9015151515152,126.5,191.2308761929528,131.56043766260146,68.79665056277648
320,20,4,basic,559,443,79.24865831842575,319.2686230248307,127.2392776523702,758.4733241086682,276.02566303865746,36.392270402262774
321,10,8,smart,556,383,68.88489208633094,618.1122715404699,116.84073107049609,381.03898513364464,208.37319985724923,54.68553297352631
322,15,8,smart,562,432,76.86832740213522,488.8703703703704,121.01157407407408,570.557831291012,251.05401111378274,44.00150122306061
323,5,4,smart,554,286,51.624548736462096,1075.527972027972,127.3041958041958,191.44464308909625,144.76065166980803,75.61488759047596
324,10,4,basic,564,360,63.829787234042556,648.0527777777778,122.13333333333334,381.502549371289,210.2297022831885,55.10571361309229
325,10,6,basic,543,349,64.27255985267035,615.1461318051576,122.14040114613181,381.0396095346336,197.99334068005336,51.961354075988076
326,20,6,smart,544,440,80.88235294117648,375.8681818181818,130.07954545454547,758.9299555705744,280.7987614670061,36.99929873711436
327,20,4,smart,555,465,83.78378378378379,318.06236559139785,129.3548387096774,759.937731855929,293.4379497413691,38.61342021072324
328,10,8,basic,559,361,64.57960644007156,504.3601108033241,120.02216066481995,381.23431423220876,213.20180350162062,55.92408540952061
329,15,4,basic,557,407,73.07001795332137,416.3267813267813,123.76412776412776,570.1299649030375,254.80138462925714,44.69180718690894
330,10,4,smart,555,384,69.1891891891892,555.1119791666666,122.578125,381.5360247162212,221.10733455450625,57.9518892662787
331,5,6,smart,542,282,52.02952029520295,997.8652482269504,122.90070921985816,191.12129116193313,139.24725111663764,72.85805274235841
332,15,6,smart,546,422,77.2893772893773,455.62085308056874,128.35781990521326,570.2663223764564,256.79469435707057,45.030660987823474
333,20,6,smart,546,444,81.31868131868131,351.2927927927928,126.1554054054054,758.8331390239748,276.00512870080485,36.37230828582523
334,20,8,smart,562,474,84.34163701067615,334.17510548523205,124.40084388185655,759.3385134780042,295.0917071670556,38.861680519198835
335,20,8,basic,553,453,81.91681735985533,351.9889624724062,120.14790286975717,758.0037501667558,264.27501813585303,34.86460562730914
336,20,8,smart,557,457,82.04667863554758,304.7964989059081,123.98249452954047,758.0884413861659,277.8099010435612,36.64610695495968
337,5,8,basic,567,282,49.735449735449734,904.2659574468086,113.61702127659575,191.11727655283758,138.59125266032666,72.5163392656502
338,15,8,basic,560,403,71.96428571428571,448.454094292804,113.66749379652606,569.1731868132505,217.68330936595225,38.24553130915065
339,20,8,basic,558,447,80.10752688172043,375.6263982102908,123.86577181208054,758.0739644280127,271.0960699341537,35.76116350845831
340,20,6,smart,546,460,84.24908424908425,348.1717391304348,131.8891304347826,759.2442875556103,297.72429963429437,39.21324197154236
341,20,6,smart,545,444,81.46788990825688,319.14414414414415,128.86036036036037,758.80092537099,289.09061133260604,38.09834723004127
342,5,4,basic,557,271,48.65350089766607,873.619926199262,122.64206642066421,191.53864910206374,142.92204065374014,74.61785980206135
343,10,4,basic,562,394,70.1067615658363,624.4238578680203,119.57868020304568,380.97039823901133,216.39208467788228,56.8002358393534
344,5,8,basic,557,272,48.83303411131059,869.3970588235294,115.12867647058823,191.144470807055,135.39667026972856,70.83473024255073
345,5,4,smart,561,286,50.98039215686274,1017.6293706293707,125.82867132867133,191.6750025144362,147.57768518987376,76.99370458010496
346,10,8,smart,560,378,67.5,589.058201058201,117.6137566137566,381.19032806078116,208.18958948331013,54.61565369258636
347,15,4,basic,554,417,75.27075812274369,475.431654676259,127.92565947242207,569.6611640803446,250.56484148891394,43.98489089447117
348,5,6,smart,550,272,49.45454545454545,1113.3970588235295,126.2720588235294,191.34500032073257,141.55232499922266,73.97754044367639
349,15,4,basic,559,421,75.31305903398928,474.64845605700714,125.82185273159145,569.9322805713044,252.94101475194063,44.38088933976343
350,15,6,basic,545,394,72.29357798165138,418.75380710659897,120.72081218274111,569.2701319456047,234.6005351811012,41.21075777843865
351,10,6,smart,547,406,74.22303473491773,669.9310344827586,127.6847290640394,381.4101459494035,227.98224833148103,59.77351435263716
352,5,4,basic,562,296,52.66903914590747,915.527027027027,119.74324324324324,191.21526872930264,144.73243170158867,75.69083403401315
353,5,8,smart,557,276,49.55116696588869,946.7463768115942,121.82608695652173,191.29541289899987,142.98603939084367,74.74619345229017
354,20,8,smart,561,462,82.35294117647058,301.16883116883116,123.03679653679653,758.7212436021968,281.6404135788399,37.1204069944964
355,10,8,smart,556,392,70.50359712230215,536.9311224489796,121.13775510204081,381.09367150416836,215.72992403529048,56.60810980770402
356,10,6,basic,542,350,64.57564575645756,559.6428571428571,117.96285714285715,380.81923512640674,193.56178324103456,50.8277327894913
357,5,6,smart,546,279,51.098901098901095,1039.5985663082438,134.26164874551972,191.32493475406335,143.6305599951455,75.07153219718793
358,5,4,basic,555,260,46.846846846846844,913.5038461538461,125.46923076923076,191.1490275099684,131.1545158831779,68.61375001049285
359,20,8,smart,557,472,84.73967684021544,342.89406779661016,123.92796610169492,758.7494354913767,290.0301134454445,38.22475508764193
360,10,8,smart,562,398,70.8185053380783,599.3894472361809,117.25879396984925,381.70716410150277,226.28772517693906,59.283069970561286
361,15,8,basic,563,410,72.82415630550622,402.0609756097561,120.44390243902438,569.4242456577208,235.71541396903223,41.39539469324249
362,15,8,smart,560,434,77.5,423.7027649769585,122.40552995391705,570.5110570132563,256.76529399411527,45.00619064919352
363,5,8,smart,558,281,50.358422939068106,1039.1281138790036,119.07829181494662,191.2943159484814,141.78364419105452,74.11806434919849
364,20,4,basic,555,437,78.73873873873873,342.95652173913044,125.28604118993135,758.3773321136682,270.8940350427718,35.720217835067
365,10,6,basic,542,366,67.52767527675276,663.6475409836065,114.6639344262295,380.5575738474742,196.0934659746415,51.52793675661673
366,10,6,basic,546,375,68.68131868131869,642.376,122.584,381.21329148157247,210.48141303138516,55.21355570089288
367,20,6,basic,548,435,79.37956204379562,338.9471264367816,119.64367816091954,757.359150641864,249.2516388494215,32.910626172296205
368,10,6,smart,549,371,67.57741347905282,608.4528301886793,122.17520215633424,381.4325789856841,214.98121116664683,56.361523113293245
369,15,6,smart,542,427,78.78228782287823,523.7330210772834,123.58782201405153,570.0296842062868,250.83741907043716,44.00427311425104
370,5,8,basic,557,274,49.19210053859964,906.1058394160584,118.98175182481752,191.39165723823874,138.8102578681894,72.52680700465564
371,20,4,basic,557,432,77.55834829443447,360.6550925925926,129.20833333333334,758.4016850411064,270.019752629507,35.60379123035198
372,5,8,basic,558,272,48.74551971326165,988.8382352941177,115.21323529411765,191.18821716098284,137.8446366020868,72.09891835856178
373,10,8,basic,556,365,65.64748201438849,517.9561643835616,113.0958904109589,380.55996686305434,194.7675239597085,51.17919406110213
374,10,8,basic,567,388,68.43033509700176,540.7860824742268,117.83762886597938,380.8851042132075,211.87133966311475,55.62605030217087
375,20,4,basic,559,465,83.18425760286226,383.6193548387097,134.3784946236559,759.4129629256814,294.67953899602367,38.80359611728961
376,5,8,basic,560,266,47.5,930.5075187969925,123.25563909774436,191.24781363860598,141.73416880196197,74.11021653287597
377,5,4,smart,555,283,50.990990990990994,831.8303886925795,120.85159010600707,191.5251835622561,139.9295786464206,73.06066807707084
378,5,6,smart,543,278,51.19705340699816,997.1978417266187,120.92805755395683,191.6335717819513,137.90146659275507,71.96101669996797
379,10,8,basic,563,367,65.18650088809946,586.9427792915532,113.2125340599455,380.54516843230545,199.30044289073624,52.37234878366074
380,15,8,smart,557,439,78.81508078994614,451.23006833712986,121.02277904328018,569.8721873066438,253.543089581533,44.49122017690318
381,15,4,smart,555,417,75.13513513513513,418.0503597122302,123.4052757793765,570.4837784058625,257.96326236333573,45.21833435547952
382,20,6,basic,543,430,79.18968692449356,415.03953488372093,123.98372093023256,757.7599416784076,260.91565852915915,34.43249559368915
383,20,4,basic,557,467,83.84201077199282,421.19700214132763,130.5374732334047,758.6277866363972,290.3045646584543,38.26706189416107
384,20,8,basic,564,467,82.80141843971631,382.6017130620985,126.02141327623126,758.4160056675265,284.8913183456882,37.56399076716988
385,15,4,basic,555,427,76.93693693693695,463.192037470726,120.4215456674473,569.7296665562727,254.36670015260094,44.64691152386689
386,10,6,smart,541,370,68.39186691312385,603.6702702702703,119.45675675675676,380.9217895177188,210.61121568461562,55.28988403400822
387,20,6,basic,540,427,79.07407407407408,341.53395784543324,125.7072599531616,758.1535215011908,256.4135974544358,33.82080148446993
388,15,8,basic,561,431,76.8270944741533,361.7146171693735,115.8723897911833,569.9571518511027,249.83528093789144,43.834046143026406
389,20,8,basic,562,452,80.42704626334519,348.8407079646018,121.48672566371681,757.3798174199015,268.01157434587293,35.38668026022718
390,15,6,smart,545,415,76.14678899082568,421.89156626506025,125.77349397590362,570.5497953644757,250.8002444909343,43.957643404414746
391,20,6,basic,545,430,78.89908256880734,312.59302325581393,126.54418604651163,757.4970241379525,268.15636956853285,35.40031987237183
392,5,8,basic,561,285,50.80213903743316,1080.5543859649122,122.09473684210526,191.39568295824336,142.8332288342168,74.6271946297653
393,20,6,basic,544,432,79.41176470588235,345.3240740740741,131.21296296296296,758.4225758188161,268.51445765724816,35.40433344397109
394,20,8,basic,561,447,79.67914438502673,405.3020134228188,121.59955257270694,757.6547842986301,266.157632189497,35.129142942835394
395,15,4,smart,548,413,75.36496350364963,484.0629539951574,128.99273607748185,570.2421871682045,253.4817051921558,44.45158757035039
396,5,8,smart,563,283,50.26642984014209,844.2120141342756,120.50883392226149,191.4523738703268,143.01637711955638,74.7007593734112
397,5,6,smart,542,277,51.107011070110694,1031.9386281588447,125.92779783393502,191.4044097088694,139.6840053200968,72.97846770226425
398,10,4,basic,553,363,65.64195298372513,644.0743801652893,122.50413223140495,381.33332693275275,206.2950773915799,54.09836036386076
399,5,6,smart,545,265,48.62385321100918,1028.2641509433963,125.7622641509434,191.52468584690692,141.41273491745977,73.83525225071845
400,15,4,smart,557,438,78.63554757630162,485.28767123287673,129.02739726027397,570.700452525694,266.1443541637792,46.634684270168314
401,20,6,basic,545,422,77.43119266055047,337.65876777251185,124.92417061611374,757.9940602861911,258.85970291497404,34.15062419054286
402,5,8,basic,561,286,50.98039215686274,1012.5034965034965,112.56993006993007,191.101963498738,136.82379509560292,71.59727330405293
403,5,4,smart,557,286,51.34649910233393,1042.409090909091,123.52097902097903,191.83131153382573,150.13855753491916,78.26592871333476
404,10,4,basic,554,348,62.8158844765343,570.0890804597701,119.86781609195403,380.95595281398494,196.16959424820323,51.49403567503508
405,5,4,basic,556,276,49.64028776978417,1052.0434782608695,128.85507246376812,191.37543686242873,143.28617912132498,74.87177114810561
406,10,4,basic,555,360,64.86486486486487,628.6583333333333,126.46944444444445,381.20056997677034,214.57509487886637,56.28929014768844
407,10,8,smart,561,376,67.02317290552585,526.9494680851063,117.07180851063829,381.26553052625184,213.5027130378709,55.998430475259106
408,10,6,basic,546,364,66.66666666666666,586.6593406593406,128.37087912087912,381.0842932035055,216.6890246554272,56.86117967074323
409,20,4,smart,558,466,83.51254480286738,322.1695278969957,128.03862660944205,759.5185313950557,300.9958098239459,39.62981775718992
410,20,8,basic,561,461,82.174688057041,339.1344902386117,124.65509761388286,757.8251429985521,274.1310762973507,36.17339419653888
411,5,6,smart,543,266,48.98710865561694,1050.9172932330828,138.6390977443609,191.67148584342544,146.94198268777498,76.66345468193973
412,20,4,basic,564,461,81.73758865248227,419.25379609544467,129.3058568329718,759.0803706241306,289.5061133627004,38.13905938901606
413,15,8,smart,560,417,74.46428571428572,470.63309352517985,119.30455635491607,570.4357237783001,248.62001768283997,43.58422997004763
414,15,6,smart,550,420,76.36363636363637,507.56904761904764,127.36666666666666,570.168286764944,251.0213491386547,44.02583499740316
415,15,8,smart,561,457,81.46167557932263,414.0809628008753,120.81400437636762,570.6902339649689,266.1290089046921,46.63283039832571
416,10,6,smart,549,367,66.8488160291439,552.5940054495912,124.03542234332426,380.8957760101906,204.9502337354127,53.80743149273711
417,5,8,basic,561,275,49.01960784313725,977.6072727272727,122.12,191.6004420244025,142.7770695330415,74.51813159953838
418,10,4,smart,555,373,67.2072072072072,567.1957104557641,125.72922252010724,381.217638454275,215.10969092818624,56.42700369279672
419,5,4,basic,557,277,49.730700179533216,1025.3068592057762,127.4115523465704,191.55868668184343,147.20054108632473,76.84357396478063
420,20,8,smart,553,456,82.45931283905968,272.265350877193,121.21491228070175,759.034229863795,278.97875490136045,36.75443661498926
421,20,8,smart,563,472,83.83658969804618,344.70762711864404,124.23728813559322,759.2577551842262,294.72841532742757,38.817965745495044
422,10,6,smart,542,379,69.92619926199262,528.240105540897,125.60158311345647,381.66919445892677,211.19316231595033,55.33408652887175
423,20,6,smart,544,444,81.61764705882352,356.7072072072072,134.81756756756758,759.4287719769906,286.3867950216138,37.7108170758496
424,10,4,smart,558,384,68.81720430107528,700.3932291666666,133.59635416666666,382.4796353917953,235.49199217255372,61.569811927719
425,5,6,smart,546,275,50.366300366300365,1015.7490909090909,127.0690909090909,191.53085819706462,146.18500513958404,76.32451841737974
426,15,4,basic,554,412,74.36823104693141,504.871359223301,125.4126213592233,570.330846866954,246.56571507858686,43.232049683629576
427,5,8,basic,562,275,48.93238434163701,924.0363636363636,113.8,191.05336661034866,137.68931382728942,72.06850958460488
428,10,8,basic,560,367,65.53571428571429,548.7683923705722,118.19618528610354,381.06064278500355,205.15407650232495,53.83764510628667
429,10,8,basic,561,363,64.70588235294117,581.7575757575758,118.17079889807162,380.97585501536656,207.94757441827556,54.582874919957334
430,5,6,basic,547,276,50.45703839122486,998.2173913043479,126.19927536231884,191.10281120940144,133.92533983851467,70.08025627198421
431,15,8,smart,553,426,77.03435804701627,410.14084507042253,116.42018779342723,570.0533114138819,242.75128776837417,42.583962395777895
432,10,4,basic,557,378,67.86355475763017,568.8941798941798,123.97354497354497,381.532050255622,220.01491542399992,57.66616861587186
433,15,4,smart,558,417,74.73118279569893,436.90887290167865,126.56594724220624,570.6148086014738,253.16818333927907,44.36761533752897
434,20,4,smart,559,469,83.89982110912342,444.86567164179104,133.47761194029852,759.7169905682058,302.8243502756377,39.860152403482516
435,15,6,smart,546,419,76.73992673992674,480.4797136038186,125.9474940334129,570.1488392528593,247.62101092757572,43.43094186634949
436,5,8,smart,561,297,52.94117647058824,946.6565656565657,119.73063973063974,191.1899181541524,146.22502467800004,76.48155618755058
437,15,8,smart,563,432,76.73179396092362,455.95601851851853,120.46296296296296,570.0418875676334,246.50943168744666,43.24409084028922
438,5,4,basic,564,281,49.822695035460995,957.3879003558719,119.5017793594306,191.74473565441426,148.08532981494588,77.2304539728503
439,5,8,basic,558,298,53.40501792114696,1071.8959731543623,120.06040268456375,191.2039314176818,141.8879682221711,74.20766255701051
440,20,6,smart,539,443,82.18923933209648,318.33408577878106,135.13995485327314,759.2430093284368,297.08541075497186,39.129159848010836
441,5,4,smart,556,288,51.798561151079134,995.9340277777778,128.11458333333334,191.54456464000052,147.71262187697536,77.11658232359382
442,5,4,smart,564,275,48.758865248226954,1026.6327272727274,130.9709090909091,191.6145048090007,146.32959109447262,76.36665671021741
443,10,8,smart,559,388,69.40966010733453,635.9587628865979,123.91494845360825,381.76698744928626,224.5552959444721,58.81998793159189
444,15,8,smart,557,414,74.32675044883304,400.487922705314,121.66666666666667,570.0842549769811,249.1264613571672,43.699937190376616
445,5,6,smart,549,274,49.90892531876138,971.8211678832117,126.68978102189782,191.40210644361045,137.50728604628443,71.84209651673602
446,20,4,basic,558,439,78.67383512544804,369.19134396355355,132.6742596810934,758.150368703079,276.9267162575526,36.526621589761135
447,10,4,basic,558,369,66.12903225806451,656.5826558265583,126.23035230352303,381.2317042697902,217.789758930876,57.127924170952596
448,15,8,smart,561,447,79.67914438502673,485.6666666666667,122.1565995525727,570.322639203233,257.12367082458104,45.083896929603675
449,15,8,smart,558,433,77.59856630824373,428.0,123.0323325635104,570.532820130326,258.3830774596386,45.28803047660195
450,10,4,smart,557,387,69.47935368043088,695.7700258397933,121.83204134366925,381.7688620402027,225.16993707381786,58.98069734406627
451,20,8,smart,558,480,86.02150537634408,303.58958333333334,123.54791666666667,758.2649775312447,288.2182881029804,38.010233446540035
452,5,6,basic,542,264,48.708487084870846,975.5189393939394,120.52651515151516,191.2287861845607,130.24773867916883,68.11094776989421
453,20,8,smart,556,482,86.6906474820144,357.58298755186723,129.11618257261412,759.3194672726316,302.1556781689936,39.79295819377503
454,10,4,smart,560,360,64.28571428571429,603.8055555555555,127.79444444444445,381.3929852640632,218.16168871832852,57.20128506487369
455,5,8,basic,561,276,49.19786096256685,897.8260869565217,115.69927536231884,191.14837736110115,135.25005718146429,70.75658137864359
456,20,8,basic,557,426,76.48114901256733,388.24413145539904,123.7699530516432,757.8378785086966,259.56636062755956,34.25090880101487
457,5,4,smart,557,278,49.91023339317774,1063.5503597122301,130.17625899280574,191.78251736825385,150.29329123748383,78.36652334106977
458,20,8,smart,560,457,81.60714285714286,292.2035010940919,124.39387308533917,758.9281312622071,281.4693850154437,37.087752241746465
459,5,6,smart,546,285,52.197802197802204,1077.0842105263157,129.88070175438597,191.43467748388295,147.71894631873738,77.16415242017682
460,10,4,basic,559,371,66.3685152057245,661.2102425876011,122.63611859838275,381.053526950064,204.92099661093096,53.777483245230606
461,20,4,smart,554,473,85.37906137184116,376.28541226215646,134.51162790697674,759.7681761321952,317.5454262529828,41.79504172832475
462,20,4,smart,555,471,84.86486486486487,403.69214437367305,133.52229299363057,759.7299913792317,311.9873173181393,41.06555234863772
463,10,6,basic,540,359,66.48148148148148,523.7437325905292,120.20055710306407,380.64092761304437,200.58211602375744,52.69588777055186
464,5,4,basic,559,280,50.089445438282645,940.6607142857143,113.77142857142857,191.30598913270222,139.77163721615983,73.0618198885583
465,15,4,smart,557,451,80.96947935368043,468.87139689578714,129.72062084257206,571.1271590705297,278.77488803342317,48.81135200908851
466,5,6,smart,545,269,49.357798165137616,1025.7657992565055,127.05576208178438,191.31637908440567,135.08580712908636,70.60859492301425
467,5,8,basic,559,280,50.089445438282645,914.7857142857143,112.83571428571429,191.07893467539918,136.21226107897027,71.2858595901033
468,10,6,smart,540,365,67.5925925925926,546.3780821917808,121.8082191780822,381.10886006653226,206.93758922562384,54.298813517349764
469,10,6,basic,544,368,67.64705882352942,507.20108695652175,115.17934782608695,380.37718272752323,197.75623624353298,51.98951073392652
470,15,4,smart,561,431,76.8270944741533,436.7679814385151,132.7215777262181,571.6437081415108,274.5252537380265,48.023838945161195
471,20,8,smart,557,473,84.91921005385996,337.29175475687106,122.69344608879493,758.9295490431798,285.53417335387235,37.6232779068702
472,15,4,basic,554,414,74.72924187725631,441.7294685990338,122.3840579710145,569.575664601963,244.8592420740788,42.989765415134784
473,20,4,smart,563,474,84.19182948490231,384.48945147679325,131.82067510548524,759.4415959725571,301.36406286233324,39.68232244066115
474,5,8,smart,559,290,51.878354203935594,966.751724137931,120.65517241379311,191.47824247968796,145.2767096207735,75.87113174813294
475,15,8,basic,561,407,72.54901960784314,391.1007371007371,113.73955773955774,569.1896153039395,230.31305711042583,40.4633273197442
476,20,6,smart,547,458,83.72943327239489,307.2052401746725,130.0589519650655,759.1318380378577,295.8765498135896,38.975647573726754
477,10,8,basic,558,362,64.87455197132617,575.5580110497237,115.74585635359117,380.68819728680785,202.35433438865002,53.154874732351544
478,20,4,smart,558,462,82.79569892473118,339.8246753246753,135.06709956709958,759.806377672261,304.7693953325126,40.11145527182894
479,10,6,basic,546,367,67.21611721611723,684.4741144414169,127.97820163487738,380.98908918222344,215.16442592938367,56.47521990491244
480,10,8,basic,557,380,68.2226211849192,585.1157894736842,115.24736842105263,381.05789708994484,206.8613575265564,54.28607020253641
481,20,8,basic,559,455,81.3953488372093,338.4197802197802,121.5032967032967,758.2600532998089,278.09936554516895,36.675987919307026
482,15,6,smart,543,404,74.40147329650092,399.38613861386136,121.94059405940594,570.0726086218305,243.40952164986493,42.69798582996569
483,20,8,smart,561,471,83.9572192513369,350.1316348195329,128.44373673036094,759.5436538142839,294.55684568417263,38.78076581970821
484,5,6,basic,542,283,52.2140221402214,1086.1943462897527,120.5017667844523,191.28993556496863,137.87352604853388,72.07568220530207
485,5,8,basic,562,274,48.754448398576514,781.4124087591241,114.33576642335767,191.0777806196972,132.57802935294546,69.38432554689129
486,20,8,smart,561,472,84.13547237076648,298.35593220338984,126.87711864406779,759.1368477909336,297.64047193907044,39.20774927540346
487,10,6,basic,547,391,71.48080438756855,583.0179028132992,121.43734015345268,381.051322353687,214.4103022998338,56.26809033897562
488,5,8,smart,558,287,51.4336917562724,1000.6132404181185,107.91289198606272,191.02054251798555,136.8606299217511,71.64707424536027
489,20,6,basic,542,429,79.15129151291514,449.0675990675991,128.93706293706293,757.8386613915899,257.8520328635894,34.02466065667667
490,15,4,smart,557,457,82.04667863554758,499.4638949671772,132.90371991247264,571.3148905275045,279.45282351496905,48.913975138464465
491,10,8,basic,560,359,64.10714285714286,525.3426183844011,115.4150417827298,380.7635711429061,204.95732030688174,53.82797511108496
492,20,8,basic,559,454,81.21645796064401,312.17180616740086,118.01541850220265,758.020921732333,263.7588242354172,34.79571825440378
493,15,6,basic,543,404,74.40147329650092,463.3762376237624,121.20049504950495,569.8192770350431,242.6510895357865,42.583868134188066
494,20,4,basic,563,451,80.10657193605684,372.44345898004434,128.77161862527717,758.9859437307656,283.44767430247913,37.34557624469344
495,5,6,basic,545,283,51.92660550458715,1013.3992932862191,139.52650176678446,191.33571977325852,143.06975139331064,74.7741987553891
496,20,4,basic,559,453,81.03756708407872,380.79690949227376,126.04415011037527,758.6557382447639,280.8726009578471,37.02240513037939
497,10,8,smart,557,392,70.3770197486535,634.484693877551,123.9234693877551,381.52544143800947,222.09318375952355,58.211893529938926
498,20,6,basic,546,428,78.3882783882784,415.61682242990656,127.06542056074767,758.3718783678677,269.3405527877387,35.51563032207903
499,5,6,basic,549,271,49.362477231329684,921.2988929889299,124.78966789667896,191.23797946287505,139.71903978177582,73.06029909655022
500,10,4,basic,561,370,65.9536541889483,626.3918918918919,119.56216216216217,381.252292403105,210.46996520775474,55.204904836407124
501,5,4,smart,558,284,50.89605734767025,911.0880281690141,129.82394366197184,190.99271217758186,139.84258831280968,73.21880857044764
502,10,4,smart,557,395,70.91561938958706,571.587341772152,127.05569620253165,381.99688371012627,226.72650988111909,59.35297368896018
503,10,4,smart,556,397,71.40287769784173,681.9093198992443,121.98992443324937,381.8102299110023,228.91086567780533,59.95409440212304
504,10,4,smart,558,379,67.92114695340501,639.311345646438,123.13984168865436,381.64536853417655,216.40991853494546,56.704452975843154
505,20,8,basic,558,448,80.28673835125448,331.28125,124.875,758.044623174095,283.7282060265877,37.42895831627391
506,15,6,basic,546,415,76.007326007326,419.61686746987954,124.6578313253012,569.734982062812,247.7178282673444,43.47948363122172
507,10,4,basic,561,371,66.1319073083779,536.0997304582211,126.31805929919138,381.59424878765384,211.19588602013798,55.34566799450439
508,10,8,smart,561,386,68.80570409982175,501.5025906735751,114.38082901554404,381.7366245203907,217.29323591237466,56.92229195597338
509,20,6,basic,544,423,77.75735294117648,393.3404255319149,128.10874704491727,757.3475601979076,256.45671377151655,33.862486294205546
510,10,6,basic,542,361,66.60516605166052,601.6454293628809,119.52631578947368,380.7299222514186,201.64434185134044,52.96256744385399
511,5,8,basic,554,269,48.55595667870036,1091.6579925650558,113.84386617100371,191.25041462688415,133.55805189217855,69.83412409993501
512,15,4,smart,555,445,80.18018018018019,460.39325842696627,129.32584269662922,571.2934512604993,273.29417696441675,47.837792707306846
513,15,4,basic,557,428,76.84021543985638,440.1378504672897,127.9322429906542,570.2589115694373,262.44140801823534,46.02144792370848
514,5,8,smart,562,274,48.754448398576514,932.6824817518249,112.58759124087591,191.14218563001248,136.9034091894841,71.62385882438504
515,10,6,smart,540,385,71.29629629629629,634.7272727272727,127.03896103896103,381.54555512637086,212.45718740779884,55.68330820612793
516,10,4,basic,563,364,64.65364120781527,518.7472527472528,122.60164835164835,381.73662072997485,214.23494608555797,56.12114071631057
517,20,6,smart,550,446,81.0909090909091,346.53139013452915,128.4596412556054,758.5740881313817,274.39312474879836,36.17222484157338
518,5,6,smart,542,283,52.2140221402214,992.1448763250884,144.14487632508835,191.38465651536796,141.76622918090794,74.07397842758846
519,20,8,basic,561,450,80.21390374331551,275.28444444444443,124.4,758.3627174448338,283.3254981250228,37.36015650659053
520,5,6,smart,544,274,50.36764705882353,1016.9817518248175,126.71897810218978,191.53785652484854,140.7110524070734,73.4638337089351
521,5,4,smart,555,276,49.72972972972973,1004.3514492753624,120.80797101449275,191.26214908165565,139.80331243050068,73.09512786600258
522,5,8,basic,563,271,48.13499111900533,945.5424354243543,122.63468634686348,191.0780954988792,138.41236014755273,72.43758620587917
523,15,4,smart,560,421,75.17857142857143,472.32779097387174,131.6270783847981,571.0394403616425,271.5908822607504,47.560792313881215
524,15,6,smart,545,407,74.6788990825688,447.4226044226044,125.08599508599508,569.9902067900098,243.06599972169798,42.64389051358666
525,20,6,basic,543,414,76.24309392265194,330.41062801932367,124.26570048309179,757.1113650287703,252.38799099955756,33.33564950381729
526,10,6,basic,542,358,66.05166051660517,600.7709497206704,116.62290502793296,380.8261391257433,198.55459680308647,52.137859354640206
527,20,8,smart,562,449,79.8932384341637,393.99109131403117,122.99554565701558,758.4034197952493,275.57172538237006,36.33577040788764
528,5,4,basic,556,267,48.02158273381295,1063.5168539325844,122.55430711610487,191.514523807473,141.92061895437234,74.10436354009539
529,15,4,basic,557,435,78.09694793536805,591.7195402298851,131.9241379310345,569.9584037048214,257.98288847276007,45.26345901662819
530,5,4,smart,556,271,48.74100719424461,1025.4501845018451,125.20664206642067,191.17901153847714,138.36028637689358,72.37211096734165
531,10,8,basic,562,390,69.3950177935943,663.0076923076923,122.03076923076924,381.6366982417147,219.2678799270122,57.454610873961585
532,15,6,basic,547,403,73.6745886654479,383.9454094292804,120.77171215880894,569.5239461109734,232.35439696002496,40.798003059690494
533,20,6,smart,540,446,82.5925925925926,308.7982062780269,127.54932735426009,758.8702914137373,279.6346360186895,36.84880528103745
534,10,4,basic,554,368,66.4259927797834,612.7173913043479,118.71739130434783,381.1494136880047,209.92605859354344,55.07710390061925
535,20,6,basic,549,417,75.95628415300546,315.1390887290168,124.72661870503597,758.3837236967687,264.94665229662195,34.93569864673914
536,10,6,basic,549,352,64.11657559198542,577.8210227272727,118.08522727272727,381.0576766686574,194.3554407217353,51.004205563016114
537,15,4,basic,558,403,72.22222222222221,456.49627791563273,130.50372208436724,570.5709396343956,251.21448499121183,44.0286154693021
538,10,8,basic,558,393,70.43010752688173,584.7862595419847,117.76081424936386,381.4075957411335,221.0954698789156,57.968292280412804
539,10,4,basic,559,364,65.11627906976744,553.2115384615385,125.48626373626374,381.0986167904698,210.1123223032366,55.133320627809454
540,15,8,smart,558,412,73.83512544802868,422.6747572815534,123.48300970873787,569.9772473094281,250.44464762770647,43.93941140807426
541,10,4,basic,555,352,63.42342342342342,606.4886363636364,120.0028409090909,380.8200789111687,196.80930462416973,51.68039069444079
542,20,6,smart,547,442,80.80438756855575,295.60633484162895,121.02714932126698,758.5324147170304,274.18005567101255,36.14612247959042
543,10,4,basic,559,380,67.97853309481216,701.1026315789474,126.16315789473684,381.04247079380974,218.53451351793748,57.35174692277051
544,10,4,smart,555,374,67.38738738738739,541.3395721925134,116.94385026737967,381.2297404793329,210.68406253717734,55.264330183756705
545,20,8,basic,561,457,81.46167557932263,376.30415754923416,120.59299781181619,757.9392305168815,272.5007786767663,35.952853171478225
546,10,6,smart,543,371,68.32412523020258,586.6253369272238,126.98652291105121,381.1734324638817,212.56705690356065,55.76649335960805
547,10,4,basic,563,369,65.54174067495559,636.0921409214092,122.93224932249322,381.13126412384884,208.84672103743185,54.796533555842586
548,20,8,smart,559,466,83.36314847942755,364.2618025751073,125.09442060085837,758.6225327699759,283.7061879301511,37.39754300392952
549,10,8,smart,557,379,68.04308797127469,654.0290237467018,119.77572559366754,381.25550885044777,214.95558114945186,56.38097710314551
550,10,6,basic,543,369,67.95580110497238,662.1382113821138,129.46883468834687,381.4769281891112,215.2333792429628,56.42107381557404
551,5,4,smart,561,281,50.08912655971479,964.4804270462633,128.95017793594306,191.30550272371136,139.17405002979893,72.74963241951168
552,5,6,basic,553,272,49.186256781193485,982.25,119.8345588235294,191.36997333201631,139.20602038015673,72.74182984738258
553,10,6,basic,547,365,66.72760511882998,655.6465753424658,117.56986301369864,381.035138234158,199.7215100571202,52.415509756579226
554,20,4,smart,558,451,80.82437275985663,397.64966740576494,134.41241685144124,759.1652019722377,284.6730122605973,37.49816397288026
555,15,4,basic,562,435,77.40213523131672,381.98850574712645,122.42068965517241,570.020372162338,260.6699184297932,45.72993022003013
556,5,4,smart,558,268,48.028673835125446,932.5485074626865,131.32089552238807,191.58782234885422,143.24043652311445,74.7648962063434
557,5,8,smart,553,293,52.98372513562387,856.7372013651877,118.03754266211604,191.27172439631832,141.88572189731414,74.18018650959849
558,15,8,basic,560,416,74.28571428571429,389.8317307692308,119.45913461538461,569.6469849581273,245.73068492076342,43.137362508611574
559,15,4,basic,557,432,77.55834829443447,598.4074074074074,128.63194444444446,570.3641002835417,258.77488095103416,45.3701207390842
560,5,6,basic,545,270,49.54128440366973,994.174074074074,123.03333333333333,191.54390898232438,142.93887311269904,74.62459854355869
561,5,6,basic,543,272,50.09208103130756,1019.9448529411765,141.87867647058823,191.70717798268373,143.95134822352568,75.08918014354596
562,15,4,basic,555,417,75.13513513513513,537.6139088729017,129.29976019184653,569.8041257888062,256.27233014002235,44.97551325821881
563,15,8,basic,561,422,75.22281639928698,450.93364928909955,118.54739336492891,569.562908393436,242.97359890598744,42.659659771620696
564,10,6,smart,545,376,68.9908256880734,584.0292553191489,119.875,381.37192314726457,213.34775262033008,55.9421760416136
565,20,6,smart,540,457,84.62962962962963,365.61925601750545,130.16192560175054,759.1918247579497,280.0226495551028,36.88430781566719
566,20,4,basic,557,460,82.58527827648115,376.48478260869564,129.15,758.7087308185668,281.9740602893479,37.16499479123268
567,5,8,smart,567,292,51.49911816578483,917.8972602739726,119.04452054794521,191.3267463582778,142.10416200489587,74.27302492187479
568,5,8,basic,556,284,51.07913669064749,1021.0457746478874,118.58802816901408,191.10505586729252,138.27484553951297,72.35540939091324
569,5,4,smart,554,247,44.584837545126355,931.6356275303643,120.4089068825911,191.41858602605197,134.41199784610322,70.21888555158893
570,20,8,basic,558,444,79.56989247311827,359.06306306306305,122.23648648648648,758.0691335784,260.94491927196725,34.42231159580383
571,5,4,basic,548,257,46.8978102189781,1036.568093385214,121.43579766536965,190.98445698219055,129.4834112029415,67.79787907819951
572,5,4,basic,559,269,48.1216457960644,933.9739776951673,123.9814126394052,190.98907297285078,132.43921520615808,69.34387038204243
573,20,8,smart,556,468,84.17266187050359,310.8119658119658,123.2905982905983,759.0325628874951,291.47301051127823,38.40059369817587
574,5,4,basic,557,261,46.858168761220824,932.6590038314176,134.64750957854406,191.40439833695726,137.78528210604208,71.98647643586456
575,20,8,basic,564,469,83.15602836879432,362.79744136460556,125.43923240938166,758.6003230704227,283.691392110772,37.39668748920849
576,5,6,smart,547,281,51.37111517367459,1046.067615658363,138.67259786476868,191.16543161622863,140.5253036918342,73.5097880949228
577,15,8,smart,558,461,82.61648745519713,480.8091106290672,123.46420824295011,569.9294973537616,266.4175973296594,46.745711279493754
578,10,4,basic,558,370,66.30824372759857,531.9135135135135,119.42162162162163,380.9483300996231,204.65975189831772,53.72375614425097
579,10,6,smart,542,367,67.71217712177122,653.2779291553134,119.0108991825613,380.9303417359991,210.3011967080614,55.20725803821872
580,20,6,smart,547,461,84.27787934186472,347.3383947939262,127.06724511930585,759.3250628953556,292.9067018548289,38.57461266166518
581,10,8,smart,567,389,68.60670194003528,548.6478149100257,114.74293059125964,381.0160986862052,211.74491130033687,55.57374400463965
582,20,8,basic,557,449,80.61041292639139,353.9376391982183,119.29175946547885,758.4686887228424,270.65514677485396,35.68441925145259
583,20,8,smart,558,462,82.79569892473118,427.4458874458874,126.87012987012987,759.1149313762206,290.1750617721434,38.22544515704321
584,20,4,smart,554,449,81.04693140794224,414.29844097995544,127.69710467706014,758.897674289513,277.1876187398053,36.52503204721386
585,10,6,smart,546,360,65.93406593406593,530.6083333333333,118.21944444444445,380.94735528983,203.36375897409073,53.38369098779246
586,15,4,smart,555,432,77.83783783783784,490.88425925925924,132.02314814814815,571.8619425328408,280.2320603168599,49.00344636953468
587,20,6,basic,546,423,77.47252747252747,287.8085106382979,124.24113475177305,757.5993204580873,262.28211139137625,34.62016191260384
588,20,6,smart,542,446,82.28782287822878,404.57174887892376,126.48878923766816,758.619936262176,270.93532410610834,35.71423728211569
589,15,6,basic,550,415,75.45454545454545,473.80481927710844,125.25301204819277,569.6809675951271,242.1067574693354,42.498656483360165
590,15,8,basic,561,408,72.72727272727273,419.4828431372549,119.14460784313725,569.2626815278925,236.05514337118328,41.46682208951671
591,20,6,basic,539,420,77.92207792207793,317.46190476190475,130.4309523809524,758.5192843902637,268.2104829325248,35.35974476220812
592,5,4,basic,556,270,48.561151079136685,838.4592592592593,113.04074074074074,191.41115513832406,139.1907093629663,72.71818053779549
593,5,4,smart,563,287,50.97690941385436,992.1951219512196,123.81184668989548,191.56471126948608,145.58111977773495,75.99579213362364
594,15,4,basic,559,425,76.02862254025044,420.24,123.54823529411765,570.4776382848302,255.17311005404378,44.7297304800999
595,20,8,smart,561,466,83.06595365418895,354.3304721030043,125.39270386266094,758.8517986943916,287.3933205947345,37.87212748117567
596,20,4,smart,562,475,84.51957295373666,339.9263157894737,128.70105263157896,759.032987095858,299.3966748343673,39.4444879108471
597,5,6,basic,542,268,49.44649446494465,918.3656716417911,119.41417910447761,191.12177162838378,132.5930285268245,69.37620313850884
598,5,4,smart,562,291,51.779359430604984,1010.1615120274914,123.09621993127148,191.41899925006706,147.15696758347778,76.87688691300389
599,5,4,smart,558,274,49.10394265232975,1031.492700729927,133.32481751824818,191.81360685719196,148.63401093080665,77.48877327637494
600,20,8,smart,567,490,86.41975308641975,354.94081632653064,121.16122448979591,759.0128939224549,299.0514793913061,39.400052592763856
601,10,4,basic,555,364,65.58558558558558,626.8324175824176,115.88461538461539,380.6905651977529,201.41381919124396,52.907489074917805
602,10,6,smart,546,380,69.59706959706959,647.4342105263158,128.01842105263157,381.6489869730479,218.2896816427252,57.19645252409404
603,20,8,smart,565,475,84.070796460177,300.8147368421053,124.35157894736842,759.088330401213,293.4877675160094,38.66319053553197
604,5,4,basic,556,255,45.86330935251798,934.3450980392157,116.85882352941177,191.23485041889936,130.47303864748915,68.22660114601933
605,10,6,smart,550,372,67.63636363636364,652.6451612903226,123.06451612903226,381.07038860818284,205.8372459339125,54.01554465717216
606,10,8,smart,561,388,69.16221033868094,589.1881443298969,116.76030927835052,381.29804389880167,220.18520867647732,57.746220364800905
607,20,4,basic,553,430,77.75768535262206,308.04418604651164,125.5093023255814,758.7037018942211,274.32238889921854,36.156722079295285
608,15,6,basic,542,395,72.87822878228782,458.20506329113925,122.926582278481,569.6413014383447,232.72334489165326,40.85436647659266
609,15,6,smart,549,402,73.224043715847,434.6169154228856,120.98258706467662,570.2976373825428,240.57621797196228,42.184326604633846
610,10,8,smart,559,367,65.65295169946333,538.8337874659401,123.31607629427793,381.3257360881588,212.3287564860807,55.6817272980999
611,5,8,smart,562,279,49.644128113879006,998.3548387096774,112.2078853046595,191.6542988948431,140.81400726710513,73.47291872871946
612,5,4,smart,559,292,52.23613595706619,976.5616438356165,124.57876712328768,191.22652957054697,145.72693504039208,76.2064423632343
613,20,8,smart,563,463,82.2380106571936,346.2375809935205,121.63714902807776,758.6747120910414,282.17212529038005,37.19276796674345
614,5,6,smart,545,266,48.80733944954129,912.984962406015,131.01127819548873,191.44975143034802,142.90659815794996,74.64444173485452
615,15,8,basic,561,447,79.67914438502673,471.7427293064877,122.53914988814317,569.8384939167291,255.1041043088034,44.767790704234514
616,15,6,basic,545,415,76.14678899082568,460.69879518072287,125.69638554216867,569.9260333696535,243.70928350797612,42.76156364836672
617,15,6,smart,546,409,74.9084249084249,461.12224938875306,126.9877750611247,570.2572133690545,253.34037100346276,44.425631989245524
618,5,4,smart,559,271,48.479427549194995,925.929889298893,123.54981549815498,191.24184426848143,139.68992303923724,73.04359753147368
619,5,8,smart,563,278,49.37833037300178,904.9532374100719,119.12589928057554,191.39985954601346,140.17657235244218,73.23755236024249
620,10,8,basic,558,386,69.17562724014337,576.8497409326425,111.87823834196891,380.69917927806745,205.1684220179733,53.89253068710078
621,20,6,smart,546,459,84.06593406593407,407.9259259259259,131.22657952069716,758.5052764708915,290.0755200467584,38.2430457697535
622,10,8,smart,561,384,68.44919786096256,588.6041666666666,119.70052083333333,381.4098057015558,210.66373668793537,55.23291051745397
623,20,4,smart,559,466,83.36314847942755,337.03648068669526,130.5343347639485,759.4766290919332,303.93713969199695,40.01928802672951
624,5,6,smart,549,275,50.09107468123861,1000.4509090909091,122.01818181818182,191.18244369850396,137.64254363017835,71.99538878540625
625,10,4,basic,559,376,67.26296958855099,608.7446808510638,116.75797872340425,380.9010724284939,211.52573632695106,55.53298523901125
626,15,8,basic,561,414,73.79679144385027,455.95410628019323,127.09661835748793,569.5130475577027,249.4802296318793,43.80588481716955
627,5,8,basic,565,282,49.91150442477876,864.3439716312057,117.90070921985816,191.21324138325784,142.457800694396,74.50205836365748
628,15,4,smart,561,453,80.74866310160428,473.7880794701987,127.42604856512142,571.2558345094747,276.89913049380266,48.472000418441255
629,10,4,basic,558,373,66.84587813620072,750.4986595174263,127.7828418230563,381.70470576717713,219.29253122243398,57.45083251768782
630,5,4,smart,555,263,47.387387387387385,879.4562737642585,121.9809885931559,191.5235315606016,136.51089882817186,71.27630621461117
631,15,8,basic,559,423,75.67084078711986,441.27186761229314,119.18676122931443,569.6738804171839,241.8703460336112,42.45768576514068
632,15,8,smart,558,428,76.70250896057348,425.16121495327104,121.76168224299066,560.7626631956915,257.91830877193917,45.99420141528439
633,10,8,basic,557,387,69.47935368043088,592.5891472868217,115.31782945736434,381.2041812765472,212.47597103393844,55.73810085776479
634,15,4,smart,564,456,80.85106382978722,519.719298245614,128.94298245614036,571.9314437525935,287.260800994338,50.22643957281731
635,10,6,basic,547,371,67.82449725776965,632.1266846361186,125.98382749326146,381.55293057830653,208.25283863923534,54.58032738042235
636,5,8,basic,556,284,51.07913669064749,961.6725352112676,116.38028169014085,191.27212344477397,140.44716381514314,73.42793151752429
637,5,6,basic,547,278,50.822669104204756,931.1294964028777,127.21942446043165,191.37019787316368,146.20024614629318,76.39655901029677
638,20,6,basic,553,430,77.75768535262206,363.1209302325581,128.28604651162792,757.9848912112205,270.85400912608077,35.733431136505914
639,20,4,basic,556,438,78.77697841726618,412.4018264840183,133.19634703196348,758.8470668731451,280.8707535407924,37.01282719562056
640,20,6,basic,545,408,74.86238532110092,404.6666666666667,128.60539215686273,758.2904720357332,265.56665327685914,35.02175789759161
641,10,6,smart,545,374,68.62385321100918,608.8449197860963,127.8903743315508,381.3677479688557,217.94874844510971,57.14923446093518
642,15,6,smart,542,405,74.72324723247232,516.0222222222222,123.70864197530864,570.1827158395009,238.82112570162207,41.88501669153492
643,20,4,smart,559,467,83.54203935599284,300.7259100642398,130.27194860813705,759.9112466231487,307.04089111084636,40.40483575881494
644,20,4,basic,555,454,81.8018018018018,388.2973568281938,130.78193832599118,758.4778687492013,284.32408984019173,37.486141857911804
645,15,4,smart,562,447,79.53736654804271,505.50782997762866,125.80536912751678,570.9848965003034,268.7170370293049,47.06202189871096
646,20,8,basic,561,464,82.70944741532978,345.02370689655174,121.95043103448276,758.4781049497814,278.0534744408155,36.65939367613325
647,10,8,smart,562,381,67.79359430604983,620.7296587926509,122.12073490813648,381.8570642108001,214.9239070626964,56.2838630488318
648,15,6,smart,543,410,75.50644567219152,465.24146341463415,127.57073170731708,570.1921836091028,252.33357015453035,44.25412648720531
649,15,6,basic,543,385,70.90239410681399,432.0311688311688,122.18181818181819,569.4679136924983,234.28236427556578,41.14057326890479
650,15,8,smart,565,453,80.17699115044248,440.5253863134658,124.77924944812362,570.249944191282,268.22989824191694,47.037251116668784
651,5,6,smart,539,254,47.124304267161406,931.4330708661417,114.38188976377953,191.53793373720364,131.8049078497339,68.81399693419193
652,20,8,basic,554,437,78.88086642599278,371.6109839816934,121.75057208237986,757.8079206144449,259.5846434362225,34.25467540979862
653,10,8,basic,559,376,67.26296958855099,533.6808510638298,121.42021276595744,381.1065477498949,214.08376096811185,56.17425421633179
654,10,6,smart,547,368,67.27605118829982,617.0896739130435,125.6195652173913,381.5427651763729,214.2695539321636,56.158725440152125
655,15,6,smart,546,425,77.83882783882784,446.1694117647059,127.74117647058823,570.5808420002073,258.78425717026903,45.354529651413536
656,15,8,smart,556,445,80.03597122302159,478.33483146067414,122.78426966292135,569.9156431234403,255.00929894206803,44.74509552755592
657,20,8,basic,566,446,78.79858657243817,293.28026905829597,121.84529147982063,757.453669544545,272.1500891234355,35.9296020424693
658,15,8,basic,560,417,74.46428571428572,457.652278177458,119.5347721822542,569.704607289635,241.71510141299603,42.42814580049715
659,10,6,smart,547,390,71.29798903107861,637.5564102564102,122.45384615384616,381.4800332759406,215.69875461321774,56.54260663681806
660,20,8,smart,561,486,86.63101604278076,305.724279835391,125.29012345679013,759.15668303751,295.5326096482566,38.92906645645038
661,5,6,basic,550,268,48.72727272727273,961.8171641791045,122.96641791044776,191.10847583666043,137.5326897683392,71.96577188229358
662,10,6,smart,542,394,72.69372693726937,670.4238578680203,129.07868020304568,381.4172167407826,219.1304579598585,57.45164306748721
663,5,4,basic,561,277,49.376114081996434,942.3249097472924,124.2129963898917,191.35204671541183,140.14225103374466,73.2379158934062
664,5,4,basic,555,265,47.74774774774775,987.433962264151,121.67169811320754,191.19515779034703,136.503071486,71.39462790981399
665,15,8,smart,559,456,81.5742397137746,481.4320175438597,122.01754385964912,569.950943719036,260.4046389049064,45.688956527682485
666,20,4,basic,557,457,82.04667863554758,405.62363238512035,133.24288840262582,758.1627146787926,282.33068095810285,37.23879788492589
667,10,6,smart,542,370,68.26568265682657,613.5054054054054,124.56486486486486,381.5034430498084,214.30218000637174,56.17306577712664
668,5,4,smart,558,259,46.415770609319,963.957528957529,124.53281853281854,191.40383253252278,135.20204427511402,70.63706221877291
669,15,6,basic,546,416,76.19047619047619,403.375,122.78846153846153,569.8453704075692,249.11373386895792,43.71602311883044
670,10,8,smart,553,394,71.24773960216999,533.5685279187817,115.17005076142132,381.1026579736316,213.07601898889013,55.91039960776993
671,10,8,smart,564,370,65.60283687943263,614.9,118.54864864864865,381.2652500324804,211.97354767561467,55.59739516191324
672,15,8,basic,556,426,76.61870503597122,415.4342723004695,120.40610328638498,569.8222951551253,243.589645187555,42.748352821337306
673,20,6,basic,547,425,77.6965265082267,361.0847058823529,120.04941176470588,757.3507713700562,254.65711082892298,33.62472456035733
674,20,4,smart,557,468,84.02154398563735,356.77564102564105,132.1965811965812,759.6508564781525,299.64987557287384,39.44573655351257
675,5,6,smart,547,281,51.37111517367459,955.067615658363,120.31316725978648,191.5125209515256,142.2951152811849,74.30068518454817
676,15,4,basic,558,403,72.22222222222221,462.85856079404465,126.84615384615384,569.5254945416096,240.11193797098375,42.15999815148594
677,10,8,basic,561,374,66.66666666666666,634.2620320855615,117.1711229946524,380.7827788927357,206.2553066878878,54.16613306086218
678,15,4,smart,555,447,80.54054054054053,456.3579418344519,131.29530201342283,571.0539610127735,286.77043424117863,50.217747151702895
679,15,4,basic,555,419,75.49549549549549,389.01193317422434,122.76849642004774,570.2280057722415,255.3065416049414,44.77271179608022
680,5,6,basic,543,259,47.697974217311234,826.9150579150579,121.26254826254826,191.17027888341525,133.1585821998658,69.65443738305798
681,20,6,basic,544,416,76.47058823529412,310.8701923076923,120.15625,757.0267606170905,242.06974566092194,31.976378941161705
682,10,6,basic,539,354,65.67717996289424,635.7627118644068,122.090395480226,381.21150783672994,200.90767017284668,52.702414812433716
683,5,6,basic,546,273,50.0,955.6556776556777,123.12454212454213,191.30996892969,137.64093334775208,71.94655569587056
684,10,4,smart,554,376,67.87003610108303,611.7765957446809,130.58244680851064,381.6739697371201,224.03738325450675,58.69862789144715
685,15,8,basic,559,430,76.92307692307693,454.5813953488372,124.98139534883721,570.0609370754305,255.821547413325,44.87617564637211
686,15,4,smart,554,429,77.43682310469315,409.4731934731935,124.65268065268066,570.7356156384252,265.8590131951527,46.58181580235933
687,15,4,basic,557,418,75.04488330341114,431.17703349282294,125.01674641148325,570.4970374379742,254.03829027666305,44.529291758904655
688,15,8,basic,565,429,75.929203539823,442.57575757575756,120.8041958041958,569.3950305881026,246.74118490114174,43.33391962453445
689,15,6,smart,544,419,77.02205882352942,428.4439140811456,125.21479713603819,570.4945005344584,259.21383272805866,45.43669263861762
690,5,8,basic,557,279,50.08976660682226,972.0931899641577,120.06810035842294,191.3850425156107,141.62262146579653,73.99879301134246
691,10,6,basic,542,343,63.284132841328415,529.3527696793003,117.94752186588921,380.13297145384075,187.7745329520236,49.39706551469843
692,15,6,basic,545,408,74.86238532110092,417.25,120.97549019607843,569.3978198050718,231.82220229019802,40.713573924389145
693,20,6,smart,549,433,78.87067395264117,370.3256351039261,128.64434180138568,758.387485102164,273.2360074856137,36.02854910624026
694,20,6,smart,543,446,82.13627992633518,389.3273542600897,127.51345291479821,758.4020963543193,276.0790447707677,36.40272700957644
695,15,8,smart,561,434,77.36185383244207,392.14285714285717,124.17511520737327,569.9943765839956,251.66799765064866,44.15271588448071
696,15,6,basic,547,376,68.73857404021938,345.1994680851064,119.63829787234043,569.3692030212106,227.33480774604996,39.927485810570104
697,15,8,smart,566,455,80.3886925795053,424.3626373626374,125.44175824175824,569.9479916158209,263.3525896113504,46.20642470635564
698,10,8,basic,561,378,67.37967914438502,618.515873015873,113.55291005291005,380.7917001653939,206.19136757430823,54.148072945064364
699,20,6,basic,546,431,78.93772893772893,375.5614849187935,123.99303944315545,758.427759617622,267.99519314752837,35.3356255423251
700,5,6,smart,546,282,51.64835164835166,901.5177304964539,124.8936170212766,191.50262306745284,147.56162386801125,77.05462280589009
701,15,6,basic,542,398,73.43173431734317,460.9070351758794,122.07286432160804,569.0977909149406,227.38365594447322,39.95511133137729
702,10,8,basic,561,369,65.77540106951871,526.0460704607046,120.34959349593495,380.8593221330676,208.41128343046105,54.7213291939969
703,10,4,basic,559,372,66.54740608228981,585.005376344086,121.39516129032258,381.0532693817543,214.01840774029563,56.1649577465988
704,20,8,smart,554,467,84.29602888086643,296.3340471092077,126.7237687366167,758.6864078555884,285.7002605592861,37.657226701452586
705,5,4,smart,557,278,49.91023339317774,897.1223021582733,127.07913669064749,191.5864066517192,146.10881590361492,76.26262137126616
706,5,8,smart,556,280,50.35971223021583,1042.875,112.14642857142857,191.3608818183723,137.92938004910172,72.07814822886091
707,10,8,basic,562,377,67.08185053380782,630.6180371352785,112.10875331564986,380.4349679276036,199.03726539020633,52.318341417049474
708,20,8,basic,561,441,78.6096256684492,335.27437641723355,118.89795918367346,758.1447125587978,262.91649231765075,34.678932394092286
709,20,4,smart,555,465,83.78378378378379,403.1268817204301,127.97419354838709,759.3582697473065,295.6780015660377,38.93787864645646
710,10,6,basic,542,347,64.02214022140221,619.5821325648415,123.78674351585015,380.88395670657485,192.97236192757404,50.66434501367985
711,20,8,smart,558,451,80.82437275985663,332.1951219512195,123.46119733924613,758.3758591940133,280.11445914549296,36.93609913205742
712,15,8,smart,557,435,78.09694793536805,488.8873563218391,121.06666666666666,570.7176003670666,259.5304219629695,45.4744030666039
713,10,4,smart,556,381,68.5251798561151,624.0839895013123,122.20472440944881,381.6977436458853,221.39531693954947,58.00278377986585
714,20,4,smart,561,478,85.20499108734403,389.27196652719664,134.84100418410043,759.9423984477717,316.0698164843023,41.59128601455768
715,5,6,basic,544,289,53.125,985.9550173010381,129.90657439446366,191.2673537293529,140.17967246982303,73.2899105553476
716,5,8,smart,561,294,52.406417112299465,983.7823129251701,122.86734693877551,191.42671717248274,142.73365603593336,74.56307987945324
717,5,4,basic,558,277,49.6415770609319,929.5776173285199,115.49097472924188,191.6561396577527,142.24561599957102,74.21918037876802
718,10,6,smart,547,378,69.10420475319927,617.7275132275132,118.73280423280423,381.2773437079724,208.2517311995423,54.61948752954129
719,10,4,smart,555,378,68.10810810810811,544.8359788359788,119.68518518518519,381.4871612809321,216.05325317345654,56.63447557396357
720,15,8,basic,557,399,71.63375224416517,398.4561403508772,120.74436090225564,569.122254596552,241.45266999494547,42.42544867027034
721,10,8,basic,564,379,67.19858156028369,680.0791556728232,123.7335092348285,381.37013697999225,211.32897682705973,55.413089892286614
722,15,6,smart,546,430,78.75457875457876,535.0325581395349,129.44418604651162,570.6291303663078,263.16322605463415,46.11808476824518
723,20,4,smart,557,462,82.9443447037702,374.44372294372295,127.93939393939394,759.0306845383519,289.18277193274616,38.098956711958124
724,5,6,basic,547,293,53.56489945155393,1026.8430034129692,131.83276450511946,191.13199766894186,141.17020567186117,73.86005869952811
725,15,6,smart,542,423,78.04428044280442,414.5721040189125,124.57919621749409,570.2951632901916,255.2921914438284,44.76492312699562
726,10,4,smart,563,388,68.9165186500888,535.229381443299,125.6417525773196,381.97207132866845,221.93188460886796,58.10159989888536
727,15,8,smart,554,436,78.70036101083032,392.4105504587156,125.19724770642202,570.4260167363493,262.55013042067793,46.02702589247932
728,10,8,smart,558,387,69.35483870967742,526.1343669250646,113.49870801033592,380.7373784098856,208.3863394938945,54.73230402651842
729,10,8,smart,554,381,68.7725631768953,629.2965879265092,125.62992125984252,381.2587976559266,212.12177450525084,55.63721435660711
730,5,4,smart,557,275,49.371633752244165,960.1272727272727,129.73454545454547,191.6988678955654,144.06120790867683,75.14974370488153
731,15,6,basic,542,415,76.56826568265683,478.37590361445785,117.89397590361446,569.4882278890112,240.36982677114642,42.2080413606008
732,15,8,smart,558,443,79.39068100358423,449.1038374717833,122.00902934537245,570.2552230206761,258.45350902451696,45.32242732569344
733,5,8,smart,559,276,49.37388193202147,922.5942028985507,114.91304347826087,191.56041379466026,139.91247193387758,73.03830116166601
734,5,8,smart,560,278,49.642857142857146,1005.9928057553957,125.01438848920863,191.4426497126789,143.35079734692033,74.87923801831211
735,15,6,smart,543,411,75.69060773480662,505.6082725060827,122.93430656934306,569.9895637640678,247.8686497498521,43.48652422914375
736,20,8,basic,561,456,81.28342245989305,296.9627192982456,124.87719298245614,758.5620107900179,287.0730294809996,37.84437203519093
737,20,4,basic,558,450,80.64516129032258,412.17555555555555,131.27777777777777,759.0137522549787,276.8045576072491,36.4689779051936
738,5,4,basic,553,273,49.36708860759494,827.7838827838827,125.82417582417582,191.2036520983915,139.4156770493171,72.9147563444945
739,15,4,smart,557,407,73.07001795332137,410.02211302211305,123.76167076167076,570.128708504304,252.58870554056233,44.30380399598059
740,5,8,smart,563,286,50.799289520426285,928.6433566433567,125.98601398601399,191.50128758645593,143.0237028833775,74.68550456550192
741,10,8,smart,561,406,72.37076648841355,700.8916256157636,121.46305418719211,381.80469575247525,229.4789456892205,60.10375153635936
742,15,6,smart,542,409,75.46125461254613,408.9242053789731,124.54523227383864,570.3096970267497,246.21511041306758,43.17217674829736
743,15,4,smart,558,419,75.08960573476703,479.6515513126492,134.236276849642,570.4725053811648,257.4481526350354,45.128932631559486
744,10,8,basic,559,369,66.01073345259391,656.6070460704607,115.53116531165311,381.0337157885118,201.74558454668002,52.946911569016244
745,15,8,basic,562,435,77.40213523131672,433.02298850574715,123.56551724137931,570.1845696135421,254.9872157539285,44.720118597168096
746,10,4,smart,557,387,69.47935368043088,630.7571059431525,129.0749354005168,382.1683999880914,241.38610188764807,63.162234736092735
747,5,8,basic,559,296,52.95169946332737,1053.570945945946,112.06756756756756,191.46094798566685,143.0897618811779,74.73574292126135
748,15,6,smart,545,437,80.18348623853211,449.70938215102973,127.78489702517163,570.5350198691558,258.46447395729814,45.30212256148156
749,5,4,basic,563,285,50.62166962699822,907.7929824561404,127.03157894736842,191.27156090401112,139.62364876974996,72.99759990970091
750,15,8,smart,562,435,77.40213523131672,368.13793103448273,122.42068965517241,570.8903609530755,266.026513334583,46.598529512823426
751,5,8,basic,563,273,48.49023090586146,861.1538461538462,116.40293040293041,191.15151502542113,137.8218296304655,72.10083038689838
752,5,8,basic,558,278,49.82078853046595,941.205035971223,117.7158273381295,191.1161003917614,137.90699727929942,72.15875428423313
753,5,8,basic,561,280,49.9108734402852,984.2214285714285,114.63928571428572,191.2113531658804,137.9922583067963,72.167398024261
754,15,6,smart,544,414,76.10294117647058,395.451690821256,124.99033816425121,570.3353389706758,252.0942749227729,44.201061673250884
755,15,4,smart,555,447,80.54054054054053,499.93959731543623,127.05369127516778,570.4655988490937,265.96553522439865,46.622537057621074
756,20,6,smart,544,450,82.72058823529412,376.1088888888889,125.96444444444444,758.1484385115773,270.26089392127875,35.647490675027186
757,5,8,basic,562,280,49.8220640569395,887.1392857142857,119.18214285714286,191.27841203571407,136.4791406642072,71.35104229050418
758,20,8,basic,563,446,79.21847246891652,399.46860986547085,121.13677130044843,744.1492822414577,271.4171546088897,36.47348201309178
759,10,4,smart,559,398,71.19856887298748,591.1884422110553,125.94221105527639,381.71722798516964,230.78220620483927,60.45894428789197
760,15,4,smart,558,434,77.77777777777779,539.778801843318,130.44700460829492,571.0227729254839,276.1723519434682,48.36450751842564
761,5,6,smart,550,268,48.72727272727273,912.0671641791045,125.16044776119404,190.95971781386547,134.67812213188208,70.52698007396364
762,20,8,smart,560,466,83.21428571428572,347.9914163090129,122.07081545064378,758.5748157262938,277.5716034399891,36.59119676603415
763,20,4,smart,557,467,83.84201077199282,358.87580299785867,130.00856531049251,759.4963759192459,296.56068168153837,39.04701735049101
764,20,4,smart,559,482,86.22540250447227,394.08921161825725,133.93153526970954,760.0478245764444,310.5453178917066,40.85865492276959
765,5,8,smart,557,280,50.269299820466784,1038.5464285714286,121.88928571428572,191.29304637412204,141.38938491670663,73.91245400535044
766,10,8,basic,566,382,67.49116607773851,563.9895287958116,122.97643979057591,380.5877357768806,214.1278523417367,56.2624152627107
767,15,6,smart,542,425,78.41328413284133,426.0305882352941,123.85882352941177,570.4016589819142,250.0425481879422,43.83622386972586
768,20,4,basic,549,436,79.41712204007287,363.54128440366975,133.7408256880734,758.4136227822795,277.34980370711475,36.56972862507964
769,20,4,basic,554,431,77.79783393501805,428.0904872389791,128.06496519721577,758.3354703608628,268.8414839907779,35.45152435805838
770,20,6,basic,547,455,83.18098720292505,379.9098901098901,122.27252747252747,758.2164012067266,263.349383146949,34.73274684217061
771,15,6,basic,544,401,73.71323529411765,417.54114713216956,127.66084788029926,569.8955568571058,241.77659761305497,42.42472058326249
772,10,4,basic,557,377,67.68402154398564,641.5888594164456,123.72148541114058,382.05185250680455,226.9928767932086,59.41415420545978
773,15,8,smart,560,430,76.78571428571429,384.36976744186046,120.7139534883721,570.5536993610084,259.05234322540343,45.403674275625434
774,20,8,smart,559,470,84.07871198568873,283.83404255319147,119.2531914893617,758.3503095763974,284.5907827307879,37.527614762860175
775,15,6,basic,546,397,72.7106227106227,449.1662468513854,125.24685138539043,569.8001090074944,245.85969061841135,43.14841059729906
776,15,4,basic,555,427,76.93693693693695,488.37470725995314,123.69086651053864,570.4211218532251,256.2693086529565,44.92633579562593
777,20,8,smart,559,467,83.54203935599284,312.81584582441116,128.51605995717344,758.6844131340343,293.2164380053998,38.64801133769941
778,5,6,basic,540,272,50.37037037037037,990.8272058823529,120.25735294117646,190.9687630871432,136.61706285005522,71.53895780731108
779,5,6,basic,540,251,46.48148148148148,875.6852589641434,118.55378486055777,191.2297653428216,126.36528011849316,66.08034052227983
780,15,4,smart,556,438,78.77697841726618,416.7739726027397,126.77853881278538,571.1089528424986,276.40285888825645,48.39757064086566
781,15,4,smart,556,430,77.33812949640287,494.4627906976744,133.4953488372093,571.5471322715727,276.8412572344482,48.4371702004982
782,15,4,smart,553,442,79.92766726943941,450.18099547511315,128.97285067873304,570.9569268480195,272.977566125657,47.81053583720155
783,10,6,basic,549,359,65.39162112932605,588.133704735376,123.35933147632312,380.92006214828706,204.13706691024802,53.59052651597547
784,10,4,smart,562,391,69.57295373665481,644.5601023017903,120.70588235294117,381.49375625217954,219.33084029579442,57.49264219957764
785,5,6,basic,547,259,47.3491773308958,1093.7027027027027,122.45559845559846,191.4199354187695,131.7870467401424,68.84708557226905
786,20,4,basic,556,445,80.03597122302159,306.9483146067416,127.6561797752809,758.1939981311879,275.33501647277416,36.31458665610985
787,5,4,smart,557,259,46.49910233393178,1000.4517374517375,127.27413127413128,191.50180463437323,142.82454942418985,74.58130731294102
788,5,6,basic,546,273,50.0,1070.1062271062272,128.28205128205127,191.17882872416072,137.77316433283815,72.06507396884511
789,10,8,basic,560,363,64.82142857142857,497.79338842975204,112.72176308539945,381.03254417112214,203.41550803096638,53.38533706444042
790,5,4,basic,559,268,47.9427549194991,842.7835820895523,120.7723880597015,191.25049113279093,139.6867981067529,73.03866111892188
791,20,6,smart,545,430,78.89908256880734,383.3906976744186,131.9139534883721,758.730930201444,287.0088275368015,37.82748483188899
792,10,8,smart,558,387,69.35483870967742,712.0335917312661,125.91214470284238,381.6875152307938,220.843629473173,57.859799092363865
793,15,6,basic,540,399,73.88888888888889,412.6140350877193,120.29573934837093,569.5294043321767,235.51777274212685,41.35304884184025
794,15,8,basic,558,419,75.08960573476703,408.9761336515513,121.38663484486874,569.6680882481986,246.39559354016723,43.25248309026135
795,5,6,basic,543,268,49.355432780847146,892.4925373134329,117.76492537313433,191.39140994855657,134.25925578481804,70.14904996044761
796,15,4,smart,556,439,78.9568345323741,427.74715261959,128.28929384965832,570.8886613472469,273.38696545195813,47.88796554599438
797,5,4,smart,555,275,49.549549549549546,954.8254545454546,126.44,191.4955715384704,141.76578747425668,74.03084381289555
798,15,8,basic,557,424,76.12208258527828,503.79952830188677,121.87735849056604,569.6445496811547,240.3346936275884,42.19029107925463
799,10,4,basic,555,367,66.12612612612612,642.2479564032698,121.60762942779292,381.40594500843304,209.89789059850307,55.032674069582775
800,5,4,smart,552,276,50.0,937.5760869565217,135.10507246376812,191.85288396355776,149.94118391509684,78.15425070366834
801,20,4,smart,561,462,82.35294117647058,344.45454545454544,134.46969696969697,759.5146685755835,303.5294751314447,39.96360935341682
802,15,4,smart,561,432,77.00534759358288,476.23148148148147,132.47916666666666,570.7777325516546,266.7019585977547,46.72606224588808
803,15,6,basic,546,413,75.64102564102564,467.21065375302663,127.3002421307506,569.7062448295901,245.90442920461126,43.163372604098086
804,20,4,smart,558,443,79.39068100358423,349.16704288939053,130.1647855530474,759.1490876505087,293.75597853895613,38.69542667147264
805,15,8,basic,561,440,78.43137254901961,429.55227272727274,123.41818181818182,570.2901244079284,257.6396980536574,45.17695240140049
806,5,4,smart,555,268,48.28828828828829,925.9216417910447,124.83208955223881,191.49152123305254,137.6141218757392,71.8643420813695
807,10,6,smart,544,372,68.38235294117648,574.2069892473119,121.26075268817205,381.4122346475287,214.60334453507278,56.26545900746797
808,5,6,smart,544,272,50.0,1064.5882352941176,128.46691176470588,191.34248054960446,139.02653323740833,72.65847753100833
809,10,4,basic,557,370,66.42728904847397,560.2,118.91621621621621,380.97408798199746,210.79384698114654,55.33023206321249
810,20,4,smart,564,469,83.15602836879432,332.00639658848615,129.13432835820896,759.7719962960156,306.41358365344394,40.32967589582781
811,20,6,smart,549,424,77.23132969034609,341.79716981132077,127.1745283018868,758.1186475690779,263.38359777644615,34.74173846283702
812,5,4,smart,559,285,50.98389982110913,915.7754385964912,124.32982456140351,191.2210197550094,142.76191363973408,74.65806521826906
813,15,8,basic,563,427,75.8436944937833,438.26932084309135,122.50819672131148,569.5949409621779,253.56197447779567,44.51619146221185
814,5,8,basic,557,275,49.371633752244165,1037.4218181818183,123.41818181818182,191.06931312461722,141.7272005862805,74.17580472163245
815,15,6,smart,546,430,78.75457875457876,450.7604651162791,126.66744186046512,570.5874306508999,256.95523010995856,45.03345435016609
816,10,4,basic,556,386,69.42446043165468,730.419689119171,124.27979274611398,381.74893699342164,224.16959896706535,58.72173495297206
817,5,6,basic,549,262,47.72313296903461,981.5076335877862,125.35496183206106,191.37951421347222,136.7936650002069,71.47769475870957
818,5,8,smart,559,299,53.48837209302325,926.3311036789298,109.77591973244147,191.60560675843533,144.29623939500124,75.30898590922818
819,5,6,smart,542,273,50.3690036900369,1040.805860805861,135.14285714285714,191.51500892555575,142.04041313015819,74.16672663256959
820,5,8,basic,566,283,50.0,1040.47703180212,118.21908127208481,191.09061724290584,143.00132243846912,74.83429825164689
821,20,6,smart,546,447,81.86813186813187,322.93959731543623,126.36241610738254,758.77702383605,284.93620092027663,37.552033333819445
822,15,4,basic,559,432,77.28085867620752,542.9629629629629,127.39120370370371,570.3236455535297,257.16659359773246,45.091343415743964
823,20,6,basic,542,428,78.96678966789668,414.39018691588785,126.16121495327103,757.9784732979637,265.7547571354801,35.060990054134564
824,15,4,basic,563,425,75.48845470692717,443.1764705882353,125.73176470588236,570.7388505955478,258.7540105618031,45.33667373296939
825,5,8,smart,562,288,51.245551601423486,918.3402777777778,112.78472222222223,191.32973171953736,143.38526745606245,74.9414459359851
826,5,8,smart,558,298,53.40501792114696,1019.7248322147651,127.13087248322148,191.36430433453603,143.02843270513836,74.74143790949712
827,15,8,basic,559,422,75.49194991055455,422.37914691943126,118.59478672985782,569.805110794349,246.39448235257083,43.24188703907541
828,15,6,smart,542,407,75.09225092250922,534.3955773955774,126.07371007371007,569.9894853755001,238.19696167129902,41.789711526762396
829,20,8,basic,560,454,81.07142857142857,302.38766519823787,122.64757709251101,758.1795147571628,279.81107800019396,36.90564998842189
830,20,8,smart,557,459,82.40574506283662,358.0980392156863,128.4553376906318,758.2734744519945,290.1107361919301,38.259380812653845
831,10,4,basic,555,364,65.58558558558558,611.5412087912088,125.9065934065934,381.2373374712286,207.87417290260686,54.526184208884
832,5,6,basic,547,275,50.27422303473492,1023.5418181818181,122.58545454545454,191.38025183384127,142.8260082096062,74.62943895256734
833,15,4,smart,555,425,76.57657657657657,483.69176470588235,128.4070588235294,570.3759255511485,260.8643556405787,45.73551301074079
834,20,4,basic,555,459,82.70270270270271,402.30501089324616,130.5599128540305,759.3512861115219,300.8432714328727,39.61845814121522
835,15,8,smart,559,425,76.02862254025044,411.8235294117647,119.45647058823529,570.21664389275,251.3522697917049,44.080135591233436
836,15,6,basic,549,412,75.0455373406193,399.2111650485437,126.86650485436893,569.3896006069101,242.94891620062197,42.66830935121816
837,15,4,basic,549,419,76.32058287795994,443.71360381861575,130.14319809069212,570.4039837890915,263.11872083624695,46.12848583005968
838,15,4,basic,562,439,78.11387900355872,494.06378132118454,125.7129840546697,570.5300347402455,266.06319161630796,46.63438827325592
839,20,6,basic,546,434,79.48717948717949,338.352534562212,128.45852534562212,757.93664310039,271.370264430283,35.80381907915482
840,15,8,basic,557,424,76.12208258527828,415.53537735849056,118.54481132075472,569.6396390667455,240.74028357776112,42.26185592915756
841,5,8,basic,559,292,52.23613595706619,1013.7602739726027,119.34246575342466,191.68420361822083,149.78450436853606,78.14128735764957
842,10,4,smart,561,384,68.44919786096256,570.5416666666666,123.8125,382.18525584911276,223.9634364913988,58.6007526621644
843,5,4,basic,555,267,48.10810810810811,859.5842696629213,119.06741573033707,191.46025605682786,136.62863823355215,71.36135772898947
844,10,8,basic,560,369,65.89285714285714,580.6856368563685,115.11924119241192,380.51928453442855,194.30114884188052,51.062102957439095
845,10,8,basic,559,383,68.51520572450805,515.5535248041775,113.82767624020887,381.1822670641693,215.82236928450465,56.61920501883486
846,10,8,smart,563,386,68.56127886323267,668.5725388601036,120.67875647668394,381.64271321450644,219.5626088376784,57.530931741980055
847,20,8,basic,567,469,82.71604938271605,352.92963752665247,120.28997867803838,758.2385854518518,279.41161102963,36.850091302478646
848,5,6,smart,547,280,51.18829981718464,1104.7107142857142,125.33571428571429,191.4811738782445,139.39821417757537,72.79995800851593
849,5,4,smart,553,282,50.99457504520796,864.0531914893617,117.96099290780141,191.56264879018755,142.6395387628339,74.46103907190302
850,20,8,smart,559,464,83.00536672629696,291.0603448275862,125.64439655172414,759.5677376056475,299.1530115781193,39.38463902128418
851,15,8,smart,561,428,76.29233511586453,474.52803738317755,117.83878504672897,570.1145717612519,244.50710894314,42.887363532523906
852,15,8,smart,561,447,79.67914438502673,521.4116331096197,125.68008948545861,570.1335735868497,265.9417427848674,46.64551521001699
853,20,6,smart,545,448,82.20183486238533,312.9888392857143,127.94642857142857,759.2966268134461,283.137064954633,37.289387961972054
854,5,8,smart,559,279,49.910554561717355,1130.4444444444443,119.73476702508961,191.19919072960747,138.66427366338988,72.5234626434627
855,15,6,smart,538,422,78.43866171003717,422.8127962085308,124.37677725118483,570.317466737098,258.6361683168343,45.34950854592343
856,20,4,smart,561,460,81.99643493761141,417.5804347826087,135.6478260869565,759.0663512754302,297.18058104477325,39.150804214339374
857,20,4,basic,557,459,82.40574506283662,394.5686274509804,133.30936819172112,758.8806625244966,289.55724599705326,38.15583401925284
858,15,4,basic,561,443,78.96613190730838,496.7088036117382,129.1038374717833,570.6008943666396,269.0066340988928,47.14444662718011
859,15,4,smart,563,436,77.44227353463587,498.73394495412845,130.78440366972478,571.2918220164029,276.2600325466948,48.357078099179034
860,5,8,smart,561,287,51.15864527629233,998.5365853658536,121.45296167247386,191.16576224001287,146.378583102443,76.57154784791506
861,5,8,smart,561,275,49.01960784313725,1012.2109090909091,114.88727272727273,191.2635874867628,140.8184504965951,73.62533158923469
862,10,6,smart,553,375,67.8119349005425,581.496,122.79733333333333,381.43661012155934,216.166715115357,56.67172719641861
863,15,4,basic,558,411,73.65591397849462,524.301703163017,126.330900243309,570.4390813451541,255.80074102321797,44.84277977939616
864,15,4,smart,557,447,80.25134649910234,514.4697986577181,131.59955257270693,570.6970965224847,270.19240259340955,47.34427496474293
865,5,8,smart,561,290,51.69340463458111,962.4724137931034,108.46896551724137,191.23493893646014,141.61522958389554,74.05301059078367
866,15,6,smart,547,412,75.3199268738574,412.4757281553398,121.15291262135922,569.9336337814938,245.77232434240284,43.122972531329715
867,5,8,basic,557,279,50.08976660682226,868.516129032258,115.45161290322581,191.15026170281206,138.16105336381864,72.27876756905644
868,5,6,smart,544,284,52.20588235294118,944.4119718309859,133.81338028169014,191.45497465557875,142.4075438116745,74.381741225508
869,15,4,smart,563,452,80.28419182948491,462.853982300885,127.929203539823,570.5813300599248,273.16393287976666,47.87467070664192
870,10,6,basic,544,365,67.09558823529412,623.2657534246575,120.44383561643835,381.33609368403256,205.41599946542306,53.867442098367604
871,20,4,basic,560,436,77.85714285714286,399.48623853211006,130.86009174311926,759.1498304492027,289.03805396000564,38.07391405053421
872,20,6,smart,543,453,83.42541436464089,310.37306843267106,129.49227373068433,759.1889992375592,288.47757377444833,37.99812353236961
873,5,6,smart,543,269,49.53959484346225,860.5985130111524,131.62081784386618,191.27477545346483,144.13879650799927,75.35692888217075
874,15,6,smart,547,412,75.3199268738574,418.8907766990291,125.77669902912622,570.4718254295932,252.20333075488068,44.20960326392267
875,15,8,basic,559,423,75.67084078711986,404.5626477541371,120.19385342789599,569.4931982353152,246.90938840843074,43.355985492632264
876,10,4,smart,558,386,69.17562724014337,612.4507772020726,130.74352331606218,381.95067564011345,231.79424128993773,60.68695673897484
877,15,4,basic,548,395,72.08029197080292,476.28354430379744,124.76455696202531,569.4016081112516,238.20913194319658,41.83499458903082
878,20,8,smart,559,467,83.54203935599284,313.93790149892936,124.07066381156316,759.2423702723345,288.9935599214563,38.06341311244215
879,10,4,smart,561,401,71.4795008912656,577.3815461346634,125.04738154613466,381.7521556240107,228.09933909290726,59.750635519020676
880,5,8,basic,560,266,47.5,867.0037593984962,114.51127819548873,191.33053692375537,136.70016924618142,71.4471257145199
881,10,4,basic,556,373,67.08633093525181,588.9276139410188,124.05630026809652,381.2893361566,216.1247206272653,56.68260298224034
882,10,6,basic,546,351,64.28571428571429,614.0911680911681,119.0,380.8134521983987,202.59646581129425,53.20097403117582
883,10,4,smart,559,385,68.87298747763863,582.1428571428571,119.24415584415584,381.56579868381027,213.85426125773398,56.04649630428413
884,15,6,basic,546,399,73.07692307692307,362.0701754385965,120.8546365914787,569.7343243924377,239.85013900246642,42.098593806550376
885,10,8,smart,560,378,67.5,617.0396825396825,119.33597883597884,381.29628276045463,209.95023797873347,55.06223046780461
886,10,8,smart,561,385,68.62745098039215,594.2285714285714,110.96883116883117,381.03184993958894,205.00412169094088,53.80235844416771
887,15,6,smart,544,434,79.77941176470588,461.5253456221198,124.20046082949308,570.0883639876519,251.76313718608452,44.162125223018535
888,15,4,smart,558,431,77.24014336917563,401.08816705336426,121.87935034802784,570.5721775169038,259.4478455797856,45.47152065999558
889,20,6,basic,547,426,77.87934186471664,348.49530516431923,127.44131455399061,757.6582079895988,260.8160437342483,34.423971255628345
890,20,8,smart,566,469,82.86219081272085,331.7398720682303,126.16631130063966,755.9392117505826,284.7438274265432,37.667556200338055
891,20,6,smart,542,446,82.28782287822878,353.085201793722,129.0134529147982,758.4221473628859,282.1344938848347,37.20019185434473
892,20,4,smart,553,462,83.54430379746836,324.7922077922078,133.05194805194805,759.8776735500466,306.6574461517964,40.35615952751105
893,15,8,smart,564,437,77.48226950354609,363.03661327231123,121.49656750572082,570.580404919081,260.84739969874954,45.716151036722444
894,20,6,basic,549,427,77.77777777777779,387.20608899297423,128.43325526932085,757.4727796264298,262.5168695304491,34.65693772651701
895,15,4,basic,557,456,81.86714542190305,470.67543859649123,131.6688596491228,570.8736279190352,276.1325699763855,48.37017449605297
896,5,4,smart,555,285,51.35135135135135,1035.919298245614,123.13684210526316,191.38902548374145,140.60345667754464,73.4647435098043
897,15,6,basic,547,422,77.14808043875686,430.2843601895735,118.81042654028435,569.7437392833663,236.66487138401163,41.5388279091391
898,15,6,smart,553,428,77.39602169981917,421.35280373831773,127.4766355140187,570.5118276018109,264.08492494401696,46.289123584714744
899,10,6,smart,545,354,64.95412844036697,647.8248587570622,120.3954802259887,381.3856857439804,205.6228147019987,53.91466496727168
900,10,6,basic,550,372,67.63636363636364,661.2715053763441,121.51881720430107,380.91263398870404,205.49977286561935,53.94931922150774
901,5,8,basic,553,284,51.35623869801085,925.4542253521126,116.2605633802817,191.26454013487668,140.5519567351427,73.48563232684309
902,10,4,smart,554,379,68.41155234657039,654.8548812664908,124.59630606860158,381.702280245793,217.78844732083692,57.05715123855022
903,20,8,basic,562,429,76.33451957295374,350.5827505827506,118.93006993006993,757.9517988122053,259.2558384615259,34.20479229257172
904,10,8,smart,558,399,71.50537634408603,590.0300751879699,123.35338345864662,381.36050850557905,222.90016452935936,58.448675087734856
905,10,4,smart,557,383,68.76122082585279,725.8798955613577,118.22715404699738,381.3768865026225,219.34661191929692,57.514395780717706
906,15,4,smart,559,431,77.10196779964222,449.9443155452436,128.69141531322506,570.0057522540304,263.3415805610261,46.19981105798816
907,10,8,smart,563,380,67.49555950266429,611.7078947368421,117.67894736842105,380.8351820968934,206.00472801908035,54.09288261783228
908,5,4,basic,559,266,47.58497316636851,745.3458646616541,114.32330827067669,191.28855511954248,136.13320393835002,71.16641340788837
909,5,6,basic,544,275,50.55147058823529,1001.4618181818182,130.97454545454545,191.6528389144625,144.59911799452397,75.44846129780561
910,15,8,smart,558,449,80.46594982078852,408.2739420935412,121.26057906458797,570.2514650192759,259.0222357527644,45.42245862428584
911,5,8,smart,557,279,50.08976660682226,952.1075268817204,122.15770609318996,191.50459633613474,142.87762445189097,74.6079348409517
912,20,6,basic,550,435,79.0909090909091,319.6183908045977,129.59310344827585,758.2315017788388,266.78997507662206,35.18582048500003
913,15,8,smart,567,452,79.71781305114638,432.94026548672565,122.36283185840708,570.7049763739923,269.6947786021409,47.25642665947344
914,5,4,smart,561,268,47.771836007130126,1049.902985074627,121.68656716417911,191.2459998855973,141.50044563689778,73.98870863785012
915,20,8,smart,562,473,84.16370106761566,343.30021141649047,123.19873150105708,758.96176500329,292.34913919514827,38.51961359264007
916,5,6,smart,538,265,49.25650557620818,1025.0566037735848,123.49056603773585,191.5276942578944,141.0280952820961,73.63326532412593
917,15,8,basic,561,422,75.22281639928698,427.51421800947867,117.44075829383887,569.9444224189529,242.66248759662173,42.57651764828505
918,5,6,smart,541,271,50.09242144177449,930.8228782287823,136.15129151291512,191.4301992718313,144.5882066942306,75.53051046502596
919,10,6,basic,548,356,64.96350364963503,666.75,118.13202247191012,380.43043288312725,189.34921652650797,49.77236313391319
920,10,8,smart,562,387,68.86120996441281,609.0697674418604,113.09302325581395,381.1381267011159,212.29284237172018,55.69971291226863
921,5,6,smart,546,262,47.985347985347985,957.2022900763359,124.37022900763358,191.33921948121971,138.73521313431004,72.50746266785474
922,15,8,smart,559,443,79.24865831842575,413.50338600451465,120.50790067720091,570.2115402848169,256.24105951822935,44.937894345357975
923,5,8,smart,561,278,49.554367201426025,1022.0467625899281,122.83093525179856,191.58488608912057,146.23296504141706,76.32802776174789
924,15,4,basic,555,422,76.03603603603604,494.3909952606635,124.8388625592417,569.98834824361,248.88815040669704,43.66548038633301
925,20,6,smart,546,455,83.33333333333334,357.5164835164835,130.92307692307693,758.4732323814928,286.24839559474026,37.74007880224896
926,15,8,basic,558,433,77.59856630824373,464.90300230946883,118.36027713625866,570.0828789599002,247.77317135693914,43.46265788739247
927,20,6,smart,550,454,82.54545454545455,357.68722466960355,131.3986784140969,758.7798626033021,284.2707643428394,37.46419460415479
928,10,8,basic,562,371,66.01423487544484,550.1185983827494,111.57142857142857,381.147010931564,204.3734852013205,53.62064487973023
929,5,6,basic,546,261,47.8021978021978,983.551724137931,128.9808429118774,191.40930348659705,137.1940274845048,71.67573622883565
930,15,8,basic,556,429,77.15827338129496,407.68298368298366,117.3030303030303,569.6135860222569,241.78873306313162,42.44785219250091
931,15,8,smart,563,451,80.10657193605684,459.7937915742794,126.31485587583148,570.5233911838421,271.15433055541405,47.52729419082466
932,20,4,smart,556,466,83.81294964028777,327.1652360515021,131.89270386266094,759.1533615405244,304.5612137171901,40.11853587780397
933,15,8,smart,560,457,81.60714285714286,447.5404814004376,126.30634573304158,570.7685230456673,266.1320079148708,46.62695947120012
934,5,8,smart,558,285,51.075268817204304,994.6736842105263,111.02456140350877,191.71846293369848,143.25289531862282,74.72044847770536
935,5,4,basic,555,274,49.36936936936937,1001.478102189781,119.13868613138686,191.25302525693004,137.9465654799777,72.12778218522806
936,5,4,basic,557,268,48.114901256732495,995.7164179104477,125.78731343283582,191.20271034155843,135.80052978251186,71.02437488460393
937,5,8,smart,561,281,50.08912655971479,1059.829181494662,121.06049822064057,191.59181584134265,143.21707072873642,74.75114221336813
938,15,8,smart,559,448,80.14311270125224,453.85267857142856,124.39508928571429,570.4548177983344,263.1855676387316,46.13609341656436
939,10,6,basic,543,360,66.29834254143645,588.6277777777777,124.30277777777778,380.7877467205656,203.85916191352462,53.53616645210043
940,15,4,smart,558,416,74.55197132616487,437.8293269230769,130.0721153846154,571.0487117961627,259.6505083568953,45.46906472132595
941,5,6,basic,538,274,50.92936802973978,1020.7591240875912,119.7992700729927,191.35227556411513,139.57203324647537,72.93983457213179
942,5,8,basic,559,283,50.62611806797853,959.26148409894,126.8303886925795,191.373169311019,145.4163321004455,75.98574691738284
943,20,6,basic,542,412,76.01476014760148,311.8495145631068,123.22572815533981,756.9468352396202,244.21627397382943,32.26333245670021
944,5,8,smart,560,285,50.89285714285714,943.0666666666667,121.44561403508771,191.52326353392812,140.93489274495383,73.58630494513653
945,10,6,smart,544,358,65.80882352941177,587.4217877094972,124.91899441340782,381.4748576654389,209.3012808873536,54.86633697650266
946,10,6,smart,550,383,69.63636363636364,597.3263707571801,124.22976501305483,381.2343719526505,218.49139356507683,57.31156727710102
947,5,8,smart,561,288,51.33689839572193,983.5833333333334,125.26388888888889,191.56993288474186,145.2248147219763,75.80772855902751
948,20,4,basic,558,431,77.24014336917563,441.6937354988399,130.67053364269142,753.0781518912652,280.16824543398945,37.203077095037294
949,10,4,basic,557,392,70.3770197486535,641.3163265306123,123.56377551020408,381.45539131077226,220.24870155023888,57.739045394904885
950,5,6,basic,546,260,47.61904761904761,937.2346153846154,127.98846153846154,191.2487899012694,135.05944581626147,70.61976490726283
951,10,4,smart,555,386,69.54954954954955,631.2901554404145,129.37564766839378,381.561011628033,219.9625919330643,57.648078611212014
952,15,6,smart,544,435,79.96323529411765,485.1126436781609,129.34712643678162,570.1919664892984,263.77203316041414,46.26021562255117
953,20,8,basic,559,431,77.10196779964222,354.0626450116009,122.93503480278422,757.807574538429,264.86344274357106,34.95127940689905
954,15,6,smart,547,414,75.68555758683729,357.70772946859904,126.0,570.3909357405411,254.5819399460059,44.63288667367777
955,10,4,smart,556,364,65.46762589928058,618.6868131868132,128.12087912087912,381.818642359077,218.79573227443382,57.303575048771414
956,10,4,basic,560,362,64.64285714285715,684.8204419889503,128.20994475138122,381.45924385064006,215.39680979145805,56.46653299501543
957,15,4,smart,562,448,79.7153024911032,399.37276785714283,124.28348214285714,570.6157103141578,274.10383476687196,48.03650334407399
958,10,4,basic,559,393,70.30411449016101,656.058524173028,128.323155216285,381.02042172759724,223.01833859185152,58.53185967845417
959,15,8,basic,560,448,80.0,377.41517857142856,123.10491071428571,569.8628813905133,258.5477855150218,45.370174818921974
960,5,6,smart,546,271,49.633699633699635,954.8560885608856,126.16236162361623,191.36278747130007,139.3779764503602,72.83442005215545
961,15,4,smart,555,431,77.65765765765765,454.85150812064967,123.83294663573086,570.9627251660653,260.98603541720445,45.70982025863357
962,20,4,basic,558,451,80.82437275985663,323.039911308204,124.74944567627495,758.2063406052301,282.4552508124212,37.25308477200999
963,20,6,smart,542,462,85.23985239852398,358.038961038961,126.7965367965368,758.7569476053145,282.65187712421925,37.25196560193441
964,10,8,smart,559,392,70.12522361359571,577.2091836734694,123.02295918367346,381.63359133507356,222.97972318771792,58.427698255718305
965,15,6,basic,544,413,75.91911764705883,428.53026634382564,122.26876513317191,570.0479339965988,245.88067219917772,43.133332748934194
966,20,4,smart,559,466,83.36314847942755,343.00643776824035,130.31330472103005,759.451984747586,295.33715150452804,38.888192727903295
967,15,4,basic,559,414,74.0608228980322,365.219806763285,123.8719806763285,570.5502974485247,258.28096004574263,45.268745139694694
968,5,4,smart,556,272,48.92086330935252,955.1727941176471,116.08823529411765,191.42704924580576,141.76202168757737,74.05537631494542
969,15,6,basic,542,409,75.46125461254613,496.3838630806846,125.37408312958435,569.5784380863906,237.127030205249,41.63202367735747
970,10,8,basic,561,376,67.02317290552585,560.2792553191489,117.42819148936171,380.79935667405914,202.91584649921603,53.28681441888558
971,10,6,basic,545,356,65.3211009174312,643.5168539325842,120.76123595505618,381.18159085689933,205.4684595240499,53.903038460528784
972,15,8,basic,567,433,76.3668430335097,394.6743648960739,119.79214780600462,569.3235853317047,251.4569394643897,44.16766597116884
973,10,4,smart,557,385,69.12028725314184,736.3090909090909,127.24675324675324,381.2136885277347,219.15998777953786,57.49006249642926
974,10,8,basic,557,369,66.24775583482945,507.9728997289973,118.24661246612466,380.9023523362976,209.67845936859004,55.04782474629233
975,20,4,smart,556,470,84.53237410071942,389.51702127659576,135.00212765957446,760.1851579948207,311.19132637584227,40.93625389854856
976,10,4,smart,557,364,65.35008976660683,689.8983516483516,123.56868131868131,381.24413405220685,207.90089803793256,54.5322221297346
977,10,4,smart,556,396,71.22302158273382,624.5858585858585,132.11111111111111,381.77499487777567,224.59165962536466,58.82827912741302
978,15,6,smart,545,397,72.8440366972477,431.0604534005038,122.31989924433249,570.1587252043531,246.34471440399508,43.206339483045106
979,15,4,basic,558,442,79.21146953405018,393.49547511312215,123.19004524886878,570.3576295879438,267.2664961024376,46.85945838850702
980,10,8,basic,563,366,65.0088809946714,570.9781420765028,118.10655737704919,380.82538962673135,202.2367525155253,53.10485015553954
981,10,4,basic,554,351,63.35740072202166,623.5014245014245,119.60113960113961,380.93120546306193,196.4557201872586,51.57249324020226
982,10,6,smart,546,366,67.03296703296702,629.6584699453551,124.31693989071039,381.40114597979186,210.36729224984322,55.156439477764266
983,15,6,basic,546,403,73.80952380952381,443.33250620347394,122.0,569.0797635822323,235.07688190219656,41.3082483240028
984,10,4,basic,562,368,65.48042704626334,538.2771739130435,119.36684782608695,381.2500417369271,211.20387025182472,55.397730394889024
985,5,8,smart,565,285,50.442477876106196,902.1438596491228,115.74385964912281,191.2496530397045,142.47866404685453,74.49878302120379
986,20,4,basic,562,454,80.78291814946618,323.75550660792953,122.37885462555066,758.0555700787969,281.25774278557265,37.1025230718029
987,20,8,basic,560,452,80.71428571428572,347.7654867256637,117.73230088495575,757.3701889596598,255.63168897574926,33.75254171634224
988,10,8,smart,560,381,68.03571428571429,572.7952755905512,115.41469816272966,381.18974940433094,214.50273880966768,56.271906352377535
989,10,8,smart,563,398,70.69271758436945,628.6633165829146,120.32914572864321,381.3364190867012,217.7756029466324,57.108524663918516
990,20,8,basic,561,452,80.57040998217468,278.8473451327434,121.76548672566372,758.7378476368257,277.9442740211,36.632451496493644
991,15,4,basic,558,407,72.93906810035843,481.7911547911548,125.5970515970516,570.4179185394083,244.04723442605737,42.78393551362411
992,10,6,basic,545,358,65.68807339449542,576.0558659217877,124.27932960893855,380.8348293830302,205.86051129460037,54.055064141088096
993,5,4,basic,555,258,46.48648648648649,994.8643410852713,119.79069767441861,191.33562514891315,135.26236081189978,70.69376688561132
994,10,4,basic,555,352,63.42342342342342,516.2585227272727,114.07954545454545,381.04028070998635,201.16930981331413,52.79476212816097
995,15,8,basic,563,416,73.8898756660746,447.36538461538464,119.33653846153847,569.5350101169665,239.0390574747871,41.97091543603179
996,20,6,smart,542,435,80.25830258302584,416.07586206896553,130.0,759.1168292817134,278.4203628163031,36.676879246604
997,20,4,smart,555,453,81.62162162162161,379.36423841059604,132.4150110375276,759.6173817395522,296.5357083010604,39.03750959752692
998,20,8,basic,560,445,79.46428571428571,330.9865168539326,120.8629213483146,758.6750509944052,271.68060247784155,35.80987698511323
999,15,6,smart,546,407,74.54212454212454,481.96314496314494,128.84029484029483,570.0860612557037,251.86675324425394,44.180479117394675
1000,15,6,smart,543,408,75.13812154696133,467.41421568627453,125.37990196078431,570.2708113243923,248.25945217559615,43.53360670854614
1001,5,8,basic,561,287,51.15864527629233,947.383275261324,118.08710801393728,191.42088068042042,144.5080655270412,75.49232090740364
1002,10,6,basic,540,359,66.48148148148148,548.4512534818941,119.46518105849582,381.2854638461438,198.24160738038975,51.992962275735785
1003,20,4,smart,558,456,81.72043010752688,364.61622807017545,135.6359649122807,759.5410451665006,307.18612381576514,40.44365025045173
1004,15,4,basic,561,426,75.93582887700535,529.7230046948357,133.05633802816902,570.1358364534947,257.1167059243859,45.09744686876187
1005,20,8,smart,564,482,85.46099290780141,348.39211618257264,126.25311203319502,759.0676810126804,296.36548152449546,39.04335396405115
1006,20,6,basic,545,437,80.18348623853211,304.4553775743707,125.34553775743707,758.2223451116048,264.8212207506149,34.926591448796614
1007,5,6,smart,548,278,50.72992700729927,978.5539568345324,128.70503597122303,191.15437829708637,134.71918106990432,70.47663897110839
1008,20,6,basic,542,428,78.96678966789668,337.25467289719626,127.03738317757009,757.3918414800842,262.10793447273704,34.6066487804423
1009,10,4,smart,554,363,65.52346570397111,607.0826446280992,122.64187327823691,381.45868961880836,209.17197334009515,54.83476429626513
1010,15,8,basic,564,437,77.48226950354609,460.87185354691076,125.6842105263158,569.8076923138655,252.34836489639235,44.286584456531365
1011,5,8,smart,560,275,49.107142857142854,1035.5272727272727,118.88727272727273,191.3670982895503,137.67781180289754,71.94434834068628
1012,15,8,smart,562,434,77.22419928825623,433.12672811059906,118.52764976958525,569.9964739214516,250.92595152921731,44.022369086408794
1013,10,6,smart,542,359,66.23616236162361,632.816155988858,121.15320334261838,380.6661912227238,196.24044785808644,51.55184578587075
1014,5,4,smart,548,275,50.18248175182482,1023.1345454545454,128.1818181818182,191.36831139650383,141.1564859472612,73.76168233767466
1015,15,6,basic,544,399,73.34558823529412,453.5388471177945,124.43609022556392,569.4898615791069,235.97635960594846,41.43644611189789
1016,20,6,basic,547,442,80.80438756855575,372.57239819004525,128.59049773755657,758.7172554094384,280.4606751903611,36.96511094096729
1017,10,6,basic,541,372,68.76155268022181,602.5806451612904,119.87096774193549,381.1673738901484,210.68257638197488,55.27298263536405
1018,10,6,basic,546,360,65.93406593406593,530.3944444444444,123.18611111111112,381.2573655932062,205.1874785064408,53.81862673975765
1019,15,4,smart,558,433,77.59856630824373,452.2309468822171,136.37644341801385,571.4154757909954,285.64512130391336,49.9890418453407
1020,20,4,basic,554,454,81.94945848375451,417.9537444933921,129.27753303964758,758.6397474079855,278.4665494107798,36.7060321268699
1021,10,8,basic,561,399,71.12299465240642,519.0676691729324,117.27568922305764,381.51965032991393,216.97210833843843,56.87049360388509
1022,15,6,smart,547,431,78.79341864716636,548.415313225058,120.91183294663573,570.3305641619799,245.03396402188534,42.9634986127612
1023,20,8,smart,560,471,84.10714285714286,345.7452229299363,124.49469214437367,759.0914377849805,292.15063094894685,38.486882660860836
1024,15,6,basic,544,417,76.65441176470588,440.8776978417266,121.24700239808153,569.4050157999737,241.0172944780076,42.32791910682335
1025,10,8,basic,563,364,64.65364120781527,501.8296703296703,114.32692307692308,380.8943255186838,200.78915712532313,52.71518730343331
1026,5,8,smart,559,293,52.41502683363149,896.5733788395904,113.81911262798634,191.30684096818845,140.91551568188967,73.65942324316666
1027,15,4,smart,559,446,79.78533094812164,478.8856502242152,130.91255605381167,571.2568293705773,276.55621342954333,48.411887475246246
1028,20,6,smart,541,454,83.91866913123845,285.30396475770925,130.76431718061673,759.424845328693,295.10407936725613,38.858891855128824
1029,10,6,basic,553,370,66.90777576853526,623.4405405405405,120.95945945945945,380.95141404165116,209.75594193878834,55.06107451168425
1030,15,8,basic,554,402,72.56317689530685,448.1194029850746,119.52487562189054,569.3938403495424,231.81413057234423,40.71244087045918
1031,15,4,basic,564,422,74.822695035461,472.4431279620853,125.07109004739337,570.7875440697868,261.23132031308154,45.766822178786434
1032,20,8,basic,559,441,78.89087656529516,280.2721088435374,119.50340136054422,758.2297138050052,266.2978073259658,35.120993345091975
1033,5,4,smart,555,272,49.009009009009006,880.5404411764706,123.38970588235294,191.03990369469417,138.6494626191414,72.57617907969673
1034,20,8,basic,561,458,81.63992869875223,374.5131004366812,122.76419213973799,758.17967910743,278.0709652675476,36.67613006918198
1035,15,6,basic,546,401,73.44322344322345,472.33915211970077,125.28678304239402,569.6157589403224,245.51640882652657,43.10210961917029
1036,20,4,basic,554,442,79.78339350180505,329.95927601809956,127.87556561085972,758.8253272860453,278.6284957320905,36.71839693709371
1037,5,8,basic,564,282,50.0,834.1063829787234,119.36879432624113,191.41697239361244,140.59174141920292,73.44789736309426
1038,5,8,basic,559,260,46.51162790697674,888.8884615384616,122.51538461538462,191.36704164430535,139.45395209727536,72.87250244296453
1039,5,6,basic,546,268,49.08424908424908,989.2835820895523,123.67164179104478,191.3270229053886,136.92266518681416,71.56472886452771
1040,15,4,basic,556,417,75.0,501.30695443645084,128.66187050359713,570.5720053549761,256.7048261956708,44.99078534986382
1041,15,6,basic,547,403,73.6745886654479,412.7468982630273,118.28535980148884,569.9816750096966,239.21001573733713,41.968018661874986
1042,5,6,smart,542,252,46.494464944649444,953.4206349206349,120.51587301587301,191.184276167399,131.42523377821752,68.74270019106746
1043,15,6,basic,541,405,74.86136783733826,412.20246913580246,124.01234567901234,570.0164372203496,244.3617735428201,42.86925035608365
1044,15,4,basic,558,428,76.70250896057348,487.0911214953271,135.2663551401869,570.8243980056546,271.3332648406823,47.53357876584568
1045,15,6,basic,542,382,70.47970479704797,470.4659685863874,118.86910994764398,549.2705371137578,220.94080826145975,40.22440552199168
1046,20,6,smart,544,450,82.72058823529412,372.5288888888889,131.12,759.8639096485417,296.30627340593014,38.99465017926435
1047,10,8,smart,559,397,71.01967799642217,582.1410579345088,118.36272040302266,381.2668484316586,219.6722952668646,57.616416473261886
1048,5,4,basic,558,274,49.10394265232975,939.6861313868613,123.75182481751825,191.45111278048734,143.82451254137285,75.12336201789442
1049,15,4,smart,555,430,77.47747747747748,445.2627906976744,129.41860465116278,570.8110713667162,260.28451408071953,45.59906545917368
1050,20,6,smart,545,436,80.0,351.0022935779817,128.651376146789,758.5116477394434,279.8475886718395,36.89430340402235
1051,20,8,smart,558,455,81.54121863799283,300.8197802197802,126.37142857142857,758.9332148774313,293.4107202493226,38.660940712248156
1052,15,6,basic,546,416,76.19047619047619,479.89663461538464,126.52403846153847,569.5387664386164,246.91815759611097,43.35405632528146
1053,10,4,smart,555,372,67.02702702702703,672.0268817204301,129.32258064516128,380.40653541757223,220.08197792762752,57.85441558884984
1054,20,6,smart,542,451,83.21033210332104,369.94456762749445,130.0421286031042,758.6875439447962,291.6725639614542,38.444359115862454
1055,15,4,smart,557,444,79.71274685816876,472.73198198198196,134.9346846846847,571.0490206841106,278.35337539677556,48.74421727635767
1056,15,4,basic,553,427,77.21518987341773,423.519906323185,124.75644028103045,570.7198275923625,261.1781635562594,45.76293847334252
1057,20,4,basic,555,439,79.0990990990991,434.06378132118454,129.125284738041,758.8473623886207,283.06350721171236,37.30177124431381
1058,20,6,smart,543,445,81.95211786372008,356.72808988764046,124.97303370786517,758.5689696294465,278.4210241926746,36.70345549840782
1059,10,8,smart,561,388,69.16221033868094,543.4123711340206,118.10567010309278,381.43060638812915,211.29163446085076,55.39451499753234
1060,20,8,basic,559,436,77.99642218246869,306.9243119266055,116.0137614678899,757.139730705447,257.75167440813914,34.04281454996228
1061,20,8,basic,558,465,83.33333333333334,317.6301075268817,121.22365591397849,758.2054913241483,277.1969151879565,36.55960268816481
1062,5,6,basic,543,260,47.882136279926335,936.9538461538461,128.13076923076923,191.58261417338187,140.23476677885907,73.19806517095904
1063,10,8,smart,558,382,68.45878136200717,649.3612565445026,120.43455497382199,381.2485889986616,217.67098001026045,57.09423884871732
1064,20,4,basic,559,456,81.5742397137746,389.7324561403509,126.68859649122807,758.1848781921914,278.6479626899501,36.75198104113545
1065,20,8,basic,563,448,79.57371225577265,306.99330357142856,121.94642857142857,758.3045842427928,274.14342178889655,36.152151455426484
1066,20,6,smart,542,437,80.62730627306273,293.03203661327234,127.76887871853548,758.3461698061815,279.1569425712336,36.81128140234172
1067,20,8,smart,560,487,86.96428571428572,330.2915811088296,126.29363449691992,759.1819190666819,301.11591213339534,39.663209116410364
1068,10,6,basic,543,370,68.13996316758748,657.4513513513514,121.33243243243243,381.09117088400603,203.4250850108277,53.37963735526816
1069,5,4,smart,556,270,48.561151079136685,950.8074074074074,118.44074074074074,191.4225058395316,138.40617539019865,72.30402443181042
1070,15,8,smart,561,446,79.50089126559715,452.0224215246637,126.02242152466367,570.7254863348785,271.6196059149075,47.59198816566116
1071,15,6,smart,549,421,76.68488160291439,385.3159144893112,125.58432304038004,570.4303088213967,254.22956758705058,44.568032878956046
1072,5,8,smart,560,267,47.67857142857143,1023.3071161048689,119.6067415730337,191.25670515267475,140.15320488739886,73.28015233532261
1073,5,4,smart,554,273,49.277978339350184,1109.14652014652,134.62271062271063,191.66081594174096,146.02558584140345,76.1895879050159
1074,15,4,smart,559,439,78.53309481216458,474.85421412300684,128.01594533029612,570.5333459124232,266.17352277302905,46.65345587247877
1075,5,6,basic,548,277,50.54744525547446,943.4007220216606,115.77617328519855,191.10690855026743,133.9856939830894,70.11033509960563
1076,20,6,smart,543,435,80.11049723756905,389.18390804597703,129.06896551724137,758.4312756554302,265.9697592008014,35.068406029399625
1077,20,8,smart,560,466,83.21428571428572,333.7639484978541,125.67381974248927,758.8396862417901,292.959194716986,38.60620365915339
1078,10,4,basic,556,354,63.66906474820144,513.1299435028249,119.97457627118644,380.95298596388295,202.71840553978058,53.2134969429009
1079,10,8,basic,557,364,65.35008976660683,686.3214285714286,120.81043956043956,381.26374759426614,209.33387706005215,54.90526659849691
1080,10,8,smart,559,376,67.26296958855099,495.72340425531917,115.0877659574468,381.4418500682365,213.99328431911306,56.10115520382245
1081,10,4,smart,559,396,70.84078711985688,643.3156565656566,124.89393939393939,381.95005417328815,228.76072739232885,59.89283805377905
1082,20,4,basic,561,443,78.96613190730838,381.255079006772,130.45372460496614,759.1671007583507,285.2600258827631,37.57539355931122
1083,10,8,basic,561,376,67.02317290552585,521.7287234042553,119.42287234042553,381.1838480427383,214.32593912554873,56.22639579983423
1084,10,6,smart,542,387,71.40221402214021,684.5064599483204,121.27906976744185,381.2966995344863,214.94815859663711,56.37293972359605
1085,5,4,smart,559,287,51.341681574239715,1002.5400696864111,118.27526132404181,191.44308852175598,145.79078116958655,76.15358814743453
1086,10,8,basic,558,381,68.27956989247312,501.79265091863516,116.27034120734908,381.13661003841605,207.03145380122234,54.31948764521859
1087,10,6,basic,545,351,64.40366972477064,580.6353276353276,116.55270655270655,380.6538390664095,197.12557366070433,51.78604638381527
1088,20,8,smart,558,474,84.94623655913979,369.162447257384,124.90084388185655,758.4327917003404,284.9929047583725,37.57655363495599
1089,5,6,basic,547,280,51.18829981718464,936.4607142857143,118.95,191.55643350147193,140.61556208388168,73.4068595418912
1090,20,4,basic,561,458,81.63992869875223,382.1637554585153,132.86681222707423,758.7252783746629,295.5077897509406,38.94792992583241
1091,10,6,basic,544,378,69.48529411764706,641.7724867724868,128.88359788359787,381.46423676231365,212.47674806766665,55.70030623868384
1092,10,6,smart,549,379,69.03460837887067,580.8496042216359,123.27440633245382,381.46720993316916,217.39209964521427,56.9884105329263
1093,10,6,smart,538,372,69.14498141263941,672.1021505376344,120.9758064516129,381.29253035238526,211.4659123633832,55.46028194361672
1094,20,6,basic,543,416,76.61141804788214,316.4326923076923,122.93990384615384,757.9562940767829,252.2288916943177,33.27749814407719
1095,5,6,basic,544,249,45.77205882352941,902.6586345381526,118.70281124497993,191.0318722896778,125.69754269962813,65.79925181753038
1096,15,4,basic,555,415,74.77477477477478,458.9710843373494,123.91084337349398,569.7671222597061,244.13800778988235,42.84873560651006
1097,20,4,basic,554,458,82.67148014440433,401.9017467248908,133.93668122270742,758.9394577552655,298.5316259980514,39.33536765646973
1098,10,4,smart,557,378,67.86355475763017,580.1719576719577,125.8994708994709,381.79300911392187,223.9280492021785,58.651689228642056
1099,10,8,smart,565,399,70.61946902654867,504.81453634085216,121.60651629072682,380.90809064950315,216.93053918764758,56.95088776343652
1100,5,6,smart,542,266,49.07749077490775,900.1804511278195,119.24812030075188,191.5158098435918,139.7229163131587,72.95633526405386
1101,20,6,smart,547,457,83.54661791590493,369.6586433260394,125.36542669584244,758.233046647627,282.6178035683938,37.27321102897465
1102,15,6,basic,543,393,72.37569060773481,435.2748091603053,123.40203562340967,569.4931868904629,231.68029385975586,40.68183767478813
1103,20,8,basic,565,453,80.17699115044248,316.6754966887417,123.78366445916114,757.9205079932545,276.60819615484746,36.49567378605742
1104,20,8,smart,559,456,81.5742397137746,357.37719298245617,121.94956140350877,758.3948028142077,273.8198097630095,36.10518014455463
1105,5,6,basic,539,241,44.712430426716146,889.103734439834,113.81742738589212,191.20094583940622,124.39805992768825,65.06142497442082
1106,20,4,basic,558,440,78.85304659498208,330.31363636363636,132.01136363636363,759.8430044732842,289.73793345539275,38.13128919390872
1107,15,6,basic,549,393,71.58469945355192,415.4503816793893,122.38931297709924,569.5909319280529,231.86280418475013,40.706898791365866
1108,15,6,basic,543,406,74.76979742173113,418.820197044335,125.71428571428571,570.1997241246346,243.80629344316574,42.75805180675156
1109,5,6,smart,547,272,49.725776965265084,951.3933823529412,126.00735294117646,191.64882459582915,142.7069084404782,74.46270998083853
1110,5,4,smart,563,281,49.91119005328597,1010.4092526690391,128.73665480427047,191.2769960361662,143.40403382934733,74.9719186316753
1111,20,4,basic,558,453,81.18279569892472,443.2141280353201,133.93156732891833,758.6925149865374,290.26302854512863,38.25832241804563
1112,15,6,basic,538,399,74.1635687732342,485.6390977443609,123.12280701754386,569.9829986514475,232.68775467354982,40.8236307440885
1113,20,4,smart,562,480,85.40925266903915,388.6145833333333,128.55833333333334,759.5197003372308,302.6290244079244,39.84478931534699
1114,20,8,basic,560,433,77.32142857142857,348.8775981524249,122.14087759815243,757.9923194772576,260.9038818205164,34.4203859480326
1115,15,6,smart,540,404,74.81481481481481,417.63861386138615,126.2128712871287,569.935868157478,235.1617407433727,41.261088112179586
1116,20,8,basic,557,439,78.81508078994614,318.9088838268793,121.30979498861048,757.5170379343886,267.7699386982398,35.34837175786829
1117,15,6,basic,549,405,73.77049180327869,436.48395061728394,123.80246913580247,569.4037906080489,240.68411535394225,42.26949650210847
1118,20,8,smart,561,482,85.91800356506238,379.2759336099585,124.01659751037344,759.3861867151361,298.09531250252803,39.254771513818795
1119,5,6,smart,545,283,51.92660550458715,1113.035335689046,132.2826855123675,191.30978325164918,145.70996115012878,76.16440658367254
1120,10,6,basic,547,368,67.27605118829982,607.4972826086956,121.94565217391305,381.38263335478376,203.63087124602373,53.39280120198728
1121,5,4,basic,557,281,50.44883303411131,986.8078291814946,127.01067615658363,191.5509356459727,145.60017368241668,76.01120463933265
1122,10,4,smart,563,402,71.40319715808171,612.1641791044776,126.93532338308458,381.5893837231518,225.20412098010692,59.01739686329835
1123,5,6,smart,542,267,49.2619926199262,1029.374531835206,125.02247191011236,191.10161729094852,137.59148586663156,71.99912162812898
1124,15,8,basic,562,430,76.51245551601423,438.6860465116279,118.5093023255814,569.5070816422766,240.91209035687632,42.30186034950834
1125,5,6,basic,546,262,47.985347985347985,1010.0114503816794,128.88931297709922,191.49832131478914,139.56650021756607,72.88131784097656
1126,5,6,basic,550,275,50.0,971.5054545454545,126.00727272727272,191.0252400326312,137.28980321106587,71.86998073532789
1127,10,8,basic,553,374,67.63110307414105,519.3502673796792,108.35026737967914,380.81589710848937,203.87264362284046,53.53574920869437
1128,5,6,basic,546,274,50.18315018315018,1058.1131386861314,121.67153284671532,191.28832165974617,141.39540309328655,73.91742573014646
1129,5,8,basic,561,286,50.98039215686274,900.8321678321678,114.46853146853147,191.49921850480044,139.4251923381686,72.80718606936432
1130,20,6,smart,538,437,81.22676579925651,341.35011441647595,127.73913043478261,758.5586776372555,278.6826050368575,36.73843741461016
1131,15,6,basic,545,383,70.27522935779817,376.0078328981723,118.80678851174935,569.6033504513729,232.0635558455161,40.741255412493814
1132,20,8,basic,556,461,82.91366906474819,304.7960954446855,124.61605206073753,758.6796101159148,289.82553005384005,38.20130740162624
1133,10,4,smart,559,383,68.51520572450805,572.7232375979112,121.82506527415144,381.41577537928134,219.16660113400278,57.46133623237336
1134,5,8,smart,558,281,50.358422939068106,1024.4163701067616,123.5017793594306,191.37435701364544,144.18025922161743,75.33938270075392
1135,10,6,smart,546,384,70.32967032967034,695.7708333333334,126.2109375,381.45682395999324,220.02161118487538,57.67929615225628
1136,20,6,basic,546,434,79.48717948717949,365.5115207373272,124.76267281105991,757.7920304900387,265.1162718030512,34.98536024872278
1137,5,6,basic,549,270,49.18032786885246,939.0962962962963,118.35925925925926,191.28068760205284,135.170488339673,70.66604058894147
1138,15,8,smart,559,434,77.6386404293381,382.44239631336404,122.12672811059907,570.4750574920247,259.1810209787265,45.43248956723229
1139,5,6,smart,542,290,53.50553505535055,1063.1137931034482,123.19310344827586,191.4919426949302,141.42836046034088,73.85603721491998
1140,15,4,basic,555,429,77.29729729729729,505.6993006993007,131.2983682983683,570.675398228851,265.6799290187986,46.55535000165824
1141,15,4,basic,555,420,75.67567567567568,443.5952380952381,129.43571428571428,570.5576800440184,255.71397958571777,44.81825212938847
1142,10,8,basic,554,356,64.25992779783394,485.3792134831461,113.97191011235955,380.8519347272422,197.14628607400203,51.764548922455624
1143,20,4,basic,563,468,83.12611012433393,408.3931623931624,129.72008547008548,758.944225206206,296.1017518980324,39.01495552161045
1144,20,6,smart,547,445,81.35283363802559,311.5550561797753,131.70337078651684,759.1480052801373,286.38885337224747,37.72503535283157
1145,5,8,smart,560,287,51.24999999999999,993.829268292683,123.58536585365853,191.14421246541875,137.13931470203272,71.7465169011296
1146,5,8,basic,562,279,49.644128113879006,997.6451612903226,109.63799283154121,191.45179474724424,137.225706544012,71.67637510276577
1147,20,4,basic,555,460,82.88288288288288,422.0195652173913,132.66304347826087,758.5452485808148,297.5300240101578,39.223767410950856
1148,10,4,smart,559,397,71.01967799642217,638.5869017632242,126.24937027707809,381.89934986389426,228.10505648625218,59.72910311775783
1149,20,8,basic,557,449,80.61041292639139,391.93318485523383,127.73496659242761,757.9581695972312,272.96754379460475,36.01353672850522
1150,5,4,basic,555,284,51.17117117117117,937.3661971830986,109.48239436619718,191.43965256074932,139.57364727175363,72.90738642949788
1151,10,4,smart,549,372,67.75956284153006,584.0887096774194,124.76612903225806,381.57946810468684,219.5375085564458,57.533889243803706
1152,15,6,basic,550,405,73.63636363636363,482.0641975308642,125.96049382716049,569.2380609045357,237.5934821950517,41.738860858585035
1153,15,8,basic,561,425,75.75757575757575,388.9788235294118,118.4164705882353,569.1364039078976,242.29996451804715,42.573267648023815
1154,10,4,basic,561,365,65.06238859180036,609.8876712328768,128.48767123287672,381.22512444463496,211.89599808585496,55.58290482416209
1155,5,6,smart,544,274,50.36764705882353,1037.536496350365,122.78467153284672,191.5221507193715,141.6912990423295,73.9816770593513
1156,5,8,smart,557,290,52.06463195691203,938.0620689655173,120.17241379310344,191.4872243053622,140.43847093240407,73.3409090041687
1157,15,6,basic,543,386,71.08655616942909,462.5259067357513,119.0440414507772,569.4876348467792,231.88432728037634,40.71806183162605
1158,20,4,basic,559,475,84.97316636851521,433.58526315789476,130.09263157894736,759.3795843038134,302.5791442900126,39.845572694374205
1159,15,4,smart,559,440,78.71198568872988,450.83181818181816,127.59772727272727,570.5913594053008,263.4485323676046,46.171139472245784
1160,10,6,basic,549,357,65.02732240437157,630.9663865546219,123.31652661064426,381.08879248443367,203.08118001039864,53.289727752540486
1161,10,8,smart,557,387,69.47935368043088,663.9069767441861,120.2842377260982,381.08973625756533,213.5103055798568,56.0262545185821
1162,5,8,basic,560,265,47.32142857142857,904.4641509433962,112.45283018867924,191.26562693784186,134.3823495218871,70.25953992536209
1163,15,8,basic,560,419,74.82142857142857,404.93794749403344,121.63723150357995,569.7826083000724,243.12025540080052,42.668949851969295
1164,10,6,smart,539,352,65.3061224489796,618.5170454545455,120.46875,381.02433050471205,202.292602673382,53.091780885861375
1165,5,8,basic,561,284,50.623885918003566,1193.2570422535211,120.00704225352112,191.06123584562093,137.64312392669845,72.04136585713036
1166,10,4,smart,564,385,68.26241134751773,683.3194805194805,124.46753246753246,381.915013987686,230.03349307477032,60.23159201648648
1167,20,8,smart,559,483,86.40429338103756,276.6149068322981,121.11180124223603,758.7430413424248,288.61007347836386,38.037920317230636
1168,15,8,smart,561,439,78.25311942959001,391.9339407744875,118.2984054669704,570.5437549338151,256.02588425488017,44.87401396314994
1169,10,6,basic,546,381,69.78021978021978,624.8372703412074,125.44619422572178,380.9652594795452,211.08395159041143,55.40766417357407
1170,10,6,basic,543,357,65.74585635359117,635.8487394957983,116.61904761904762,380.8144716355385,197.32279932046507,51.81599283057562
1171,20,8,basic,558,446,79.92831541218638,342.56053811659194,125.17713004484305,757.7000867204678,269.95916352260656,35.628762389491506
1172,10,4,smart,548,353,64.41605839416059,599.1133144475921,118.56373937677054,380.7336937769292,200.49768796122703,52.66087326610448
1173,10,8,basic,560,395,70.53571428571429,568.2632911392406,118.2886075949367,380.9619213261075,208.44730070917248,54.716046155893714
1174,20,6,basic,546,436,79.85347985347985,377.2454128440367,128.37385321100916,758.4566338008034,271.50084874658717,35.79648942959771
1175,5,4,smart,558,283,50.7168458781362,1105.7809187279152,134.13074204946997,191.58764548600135,144.14291039886692,75.23601536686714
1176,5,6,basic,542,257,47.4169741697417,974.5058365758755,122.45136186770428,191.50661717707365,129.31482159500376,67.5249886929154
