,Number of Tricycles,Number of Sectors,Intersection Algorithm,Number of Passengers,Total Trips Completed,Completion Rate,Average Wait Time,Average Travel Time,Total Distance,Productive Distance,Efficiency Percentage,Seed
0,15,6,smart,571,426,74.6059544658494,503.4413145539906,125.61032863849765,570.4953976165755,254.85825984065573,44.67314914465682,460669441.0
1,5,8,basic,599,309,51.58597662771286,1035.0064724919093,119.53398058252426,191.30733958116744,150.9477532373138,78.90327342787077,852052273.0
2,5,6,basic,519,267,51.445086705202314,929.2771535580524,122.25842696629213,190.99683499948583,133.14236394077236,69.70919907711078,112043825.0
3,10,6,basic,549,345,62.841530054644814,640.0434782608696,122.05797101449275,380.27152052142316,191.5313711002249,50.36700377603868,720265055.0
4,15,6,basic,523,401,76.67304015296367,494.2942643391521,128.59351620947632,569.7715849056631,239.9265167419954,42.10924572198875,530467456.0
5,15,8,basic,565,432,76.46017699115045,513.8912037037037,126.29398148148148,570.5692386592577,263.1986413997053,46.12913272684978,460669441.0
6,5,8,smart,591,309,52.28426395939086,1083.1294498381876,120.5210355987055,191.51635633975545,150.10772746517972,78.37854183006925,433498721.0
7,15,6,smart,549,431,78.5063752276867,469.90719257540604,126.94663573085847,570.2194908887689,257.89604189679886,45.227503797674636,447450854.0
8,15,6,basic,558,386,69.17562724014337,557.9740932642487,123.78756476683938,569.350553473463,224.57180927312092,39.443504165064105,358368805.0
9,5,6,smart,541,256,47.31977818853974,972.00390625,130.6328125,191.64675939648657,139.81909347175645,72.95666981902525,878640559.0
10,20,8,smart,557,437,78.45601436265709,347.94050343249427,127.03661327231121,758.312006442745,280.38052918170195,36.97429643728997,187959148.0
11,10,8,smart,563,400,71.04795737122558,665.845,122.255,381.3561305815013,217.4724220292751,57.026072112087924,930593199.0
12,5,6,basic,577,276,47.83362218370884,834.3115942028985,125.76086956521739,191.54381815785706,145.22744800713832,75.81943881240375,153354925.0
13,20,4,smart,575,467,81.21739130434783,382.1070663811563,133.6680942184154,759.7894658775468,310.28803345693524,40.83868589814636,119596844.0
14,10,4,smart,564,396,70.2127659574468,587.5353535353536,127.88383838383838,381.0754462128851,219.03230043806246,57.47741099952728,601135142.0
15,15,8,smart,577,446,77.29636048526864,451.8856502242152,119.88340807174887,570.207269612229,254.5680672420727,44.644830188712326,358368805.0
16,5,4,basic,562,286,50.88967971530249,951.8041958041958,125.37762237762237,191.49874376819238,144.62252977562974,75.52139869423587,460669441.0
17,15,6,basic,532,402,75.56390977443608,613.6666666666666,127.80845771144278,569.1613444199315,234.84994828448453,41.26245581977023,8501172.0
18,15,8,smart,567,464,81.83421516754849,468.7866379310345,124.67025862068965,570.452156073485,267.6887896543775,46.92572143068457,738646825.0
19,20,4,basic,577,451,78.16291161178509,362.52993348115297,126.87583148558758,758.8525069653682,279.09214148965066,36.778180071610095,770142391.0
20,10,6,basic,509,316,62.082514734774065,514.4398734177215,121.08227848101266,380.1771314748769,176.896494381131,46.5300197554941,110158532.0
21,20,6,smart,559,456,81.5742397137746,370.3048245614035,128.69956140350877,758.0999536583286,280.8594420036447,37.047811525157606,272813683.0
22,20,8,smart,590,481,81.52542372881356,433.995841995842,126.25987525987526,759.1978209107881,298.5285522095218,39.32157653605823,8501172.0
23,20,6,basic,568,440,77.46478873239437,395.9613636363636,127.58636363636364,758.6820578628644,278.0229455068518,36.64551476148205,460669441.0
24,5,4,basic,559,276,49.37388193202147,913.7789855072464,121.58333333333333,191.3927162206822,141.43473634267323,73.8976587696233,350929302.0
25,15,4,basic,543,397,73.11233885819522,504.4836272040302,125.07556675062972,569.2793005902096,235.09629846778222,41.297180175713805,442685285.0
26,15,6,smart,560,417,74.46428571428572,506.4796163069544,126.71223021582733,570.5340825964322,252.80217856710905,44.30974174524976,720265055.0
27,15,4,basic,536,427,79.66417910447761,534.1850117096019,130.5152224824356,570.3325197422513,257.1736528623691,45.09187955450846,34346284.0
28,5,4,basic,537,262,48.78957169459962,988.2328244274809,124.05725190839695,191.19397437266005,134.23387355398273,70.2082134096678,292906152.0
29,15,4,smart,543,427,78.63720073664825,544.9180327868852,129.7353629976581,570.8594303978474,266.00268683253506,46.59688053977677,315111282.0
30,10,8,basic,579,378,65.28497409326425,547.6137566137567,110.11111111111111,380.41986226742745,200.08639641726418,52.59620126685382,153044519.0
31,15,6,basic,574,420,73.17073170731707,437.3095238095238,121.77619047619048,569.3321513644347,239.80111846026418,42.119721832952536,470148314.0
32,10,6,basic,565,358,63.36283185840708,710.1536312849162,119.03351955307262,380.83292278918384,195.16571774436187,51.2470708453951,173249261.0
33,15,6,smart,504,409,81.15079365079364,470.98533007334964,125.119804400978,569.5414195764029,245.39529039425787,43.08646956296364,292906152.0
34,15,8,basic,577,424,73.48353552859619,515.9834905660377,122.48584905660377,570.1746591093288,253.69051416247706,44.49347408016477,274970204.0
35,5,8,smart,561,277,49.376114081996434,1006.1480144404333,127.11913357400722,191.32618231526044,140.71569660719126,73.54753798166786,533011683.0
36,10,6,basic,535,365,68.22429906542055,642.9890410958905,118.98082191780821,380.81443114342824,203.59112553533353,53.4620300297007,852052273.0
37,5,4,basic,556,277,49.82014388489209,958.2743682310469,119.81227436823104,191.43667182011902,141.68514857720984,74.01149802183275,194642212.0
38,10,8,smart,513,369,71.9298245614035,600.6449864498645,124.07317073170732,381.18616395094233,213.13918736415297,55.91472291517471,671082961.0
39,10,6,smart,613,390,63.621533442088094,600.751282051282,122.2051282051282,381.6493987626242,219.4682972330733,57.505212361038396,884281372.0
40,10,4,basic,535,356,66.54205607476635,614.4775280898876,119.18539325842697,380.9512902265949,202.6227187128702,53.18861594939015,292906152.0
41,20,8,smart,597,486,81.4070351758794,340.0432098765432,127.06378600823045,759.091979354586,302.4744987278263,39.84688377092374,470148314.0
42,15,4,smart,558,439,78.67383512544804,516.257403189066,124.05466970387243,570.406628039147,263.9111214909997,46.267190547597814,292906152.0
43,5,4,smart,569,277,48.68189806678383,1053.3682310469314,131.24548736462094,191.61719590308155,144.9572959242179,75.6494192710847,572435721.0
44,10,8,basic,557,364,65.35008976660683,545.0494505494505,116.08516483516483,380.7653855969224,205.1285842449888,53.87269746786741,755568905.0
45,5,4,smart,559,280,50.089445438282645,1035.392857142857,123.67857142857143,191.72639722254198,144.59373702023004,75.4167079311443,350929302.0
46,15,4,basic,567,426,75.13227513227513,469.10093896713613,128.593896713615,570.0992454461303,257.6115157678739,45.18713501651461,884281372.0
47,5,6,basic,585,294,50.256410256410255,1052.5272108843537,123.36734693877551,191.09586342664505,139.53558116915138,73.01862984737718,481660159.0
48,5,4,smart,570,283,49.64912280701754,947.113074204947,124.34628975265018,191.28627879112818,143.60695329832097,75.07436194894571,456738583.0
49,20,6,basic,548,409,74.63503649635037,432.49388753056235,120.13447432762837,756.786722061926,234.0362779863779,30.92499791073598,292906152.0
50,10,4,smart,583,401,68.78216123499142,583.9551122194514,124.25935162094763,381.8572220750167,231.1371669097646,60.529735604779844,532925674.0
51,20,8,smart,497,428,86.11670020120724,322.00233644859816,128.56542056074767,758.4639044018154,270.7705271274539,35.69985671777023,755568905.0
52,10,8,basic,635,393,61.88976377952756,686.1348600508906,120.2849872773537,381.4740751898784,218.22196625699007,57.20492700542501,720265055.0
53,20,8,basic,559,456,81.5742397137746,359.4407894736842,123.26535087719299,758.410605821691,280.428202826489,36.97577548017836,655359215.0
54,15,6,basic,541,399,73.75231053604436,454.859649122807,119.56641604010025,569.7600501770055,234.5523917300367,41.16687220474112,755568905.0
55,10,8,basic,550,371,67.45454545454545,637.3692722371968,118.62533692722371,372.8060653281667,202.97150254042234,54.44425974179213,315111282.0
56,20,4,basic,582,443,76.1168384879725,496.91647855530476,129.9729119638826,758.5813497456274,278.4555663716538,36.70741001805902,481403749.0
57,15,4,smart,564,445,78.90070921985816,518.8988764044943,126.39775280898877,571.4209305688995,272.9567019314234,47.76806156884579,194642212.0
58,10,4,basic,559,362,64.75849731663685,573.256906077348,119.75414364640883,381.1332168887205,206.08305830067897,54.0711355423133,572435721.0
59,5,6,basic,530,260,49.056603773584904,1098.0961538461538,116.18076923076923,191.06776420238452,131.19635073855486,68.66482752139595,533011683.0
60,10,4,basic,541,353,65.24953789279112,583.9773371104816,123.25495750708215,380.7700661684376,200.92246094735108,52.767399225776046,755568905.0
61,15,8,smart,557,444,79.71274685816876,463.1373873873874,126.490990990991,570.3563252434722,259.1690829863742,45.439854265794416,533011683.0
62,10,6,basic,563,386,68.56127886323267,610.4507772020726,118.01554404145078,381.0850733145427,210.45939777688375,55.2263556130348,447450854.0
63,20,8,smart,569,492,86.46748681898066,323.390243902439,122.85365853658537,758.5933372106233,291.7168479202127,38.45497101159188,70952804.0
64,10,4,smart,551,362,65.69872958257713,568.560773480663,122.7513812154696,381.4055813336736,208.56878551435037,54.684251023553706,708741215.0
65,20,6,smart,542,447,82.47232472324724,413.09843400447426,132.3288590604027,758.2357336926743,280.1008958587667,36.941136300006704,173249261.0
66,20,6,smart,527,433,82.16318785578748,335.7990762124711,130.5080831408776,759.2956483321046,284.6009823537704,37.48223540842554,48265950.0
67,5,4,smart,555,290,52.25225225225225,1012.4413793103448,120.95172413793104,191.30116962558125,140.2305714811627,73.30356199892817,305489378.0
68,20,4,smart,586,485,82.76450511945393,379.76701030927836,128.52989690721648,759.4059828747651,303.1804359353092,39.9233667856561,534967818.0
69,20,4,basic,564,459,81.38297872340425,335.1938997821351,125.47712418300654,759.2787834561561,293.6263069074324,38.67173866901387,852052273.0
70,15,6,basic,523,404,77.24665391969407,482.0470297029703,124.67821782178218,569.2389963028638,233.13293270172395,40.95519355066909,316514901.0
71,10,4,smart,571,362,63.397548161120845,625.317679558011,131.16022099447514,381.88618963051783,221.61915034694724,58.032774257002586,720265055.0
72,15,8,basic,594,411,69.1919191919192,441.352798053528,121.8029197080292,569.0467636551338,238.01695292556036,41.82730983244966,272813683.0
73,10,6,basic,506,322,63.63636363636363,504.7142857142857,113.8136645962733,379.9265488706296,176.4825109421554,46.451744808770975,292906152.0
74,15,4,basic,573,424,73.99650959860384,493.5801886792453,127.0495283018868,570.4418506996464,254.11237048043128,44.54658615400723,572435721.0
75,10,4,basic,543,375,69.06077348066299,651.2693333333333,126.57066666666667,381.8526846166875,224.45818109866508,58.78135473212173,383864777.0
76,20,4,basic,544,420,77.20588235294117,435.65238095238095,131.16666666666666,757.8375732888712,265.86518295070397,35.08207989700214,62156218.0
77,15,6,basic,560,408,72.85714285714285,482.2867647058824,121.95588235294117,569.7725199684868,237.7830615985075,41.73298171903041,274970204.0
78,20,4,basic,574,473,82.40418118466899,458.32346723044395,129.31712473572938,758.6776765832112,290.9471435912946,38.34924271155667,979009661.0
79,15,6,smart,529,400,75.61436672967864,408.64,121.32,570.0222005857387,239.53025363585854,42.02121485614491,268048516.0
80,10,6,basic,545,333,61.100917431192656,671.1531531531532,111.54954954954955,379.85473830450604,175.7433254283987,46.265929500533474,362523190.0
81,20,6,smart,594,472,79.46127946127946,355.20974576271186,130.5635593220339,759.4047635765146,301.7058490071009,39.72925421038687,922285065.0
82,5,6,basic,541,270,49.90757855822551,969.6777777777778,126.97777777777777,191.38918501207024,140.63059745365064,73.47886320994657,878640559.0
83,10,8,basic,561,362,64.52762923351159,512.732044198895,113.72099447513813,381.28530774834167,201.10492678842152,52.74394861318813,396787687.0
84,10,4,basic,565,387,68.49557522123894,677.9431524547804,121.26356589147287,379.82076778065715,218.86315341289136,57.62274524685358,805309175.0
85,15,6,smart,515,403,78.25242718446603,449.46401985111663,125.00248138957816,570.2452635900685,244.9024617429018,42.94686468785027,315111282.0
86,20,8,basic,557,439,78.81508078994614,332.84738041002277,124.04100227790433,757.9816976822407,270.60339670314556,35.70051856536875,383864777.0
87,15,6,basic,597,437,73.19932998324958,488.6453089244851,120.49199084668192,569.8907739182004,248.34365906064366,43.57741350209853,367405145.0
88,20,4,basic,557,452,81.14901256732495,407.07300884955754,126.85176991150442,758.8972456591146,285.8446375313043,37.66578929707981,305489378.0
89,10,4,smart,577,391,67.76429809358753,699.0664961636828,123.67007672634271,381.9929800393899,223.039262885541,58.38831458697014,530467456.0
90,5,6,basic,509,263,51.66994106090373,1004.2889733840304,119.15209125475285,191.2278040076987,135.64675985725037,70.9346428784955,755568905.0
91,15,4,smart,588,447,76.0204081632653,481.5257270693512,124.834451901566,570.693649621752,262.7657027466663,46.04321476519388,534967818.0
92,20,8,smart,619,497,80.2907915993538,426.93360160965796,127.8692152917505,758.8033118415572,296.2133043067996,39.03690188013449,456738583.0
93,10,8,smart,559,388,69.40966010733453,625.909793814433,123.02061855670104,381.504183526522,217.15924499866554,56.92185154860005,533011683.0
94,5,4,smart,571,277,48.51138353765324,936.2418772563177,119.92779783393502,191.5466753456831,142.2835924453568,74.2814210628185,770142391.0
95,10,8,smart,582,399,68.55670103092784,633.4035087719299,113.6641604010025,381.1433150053127,212.07156766041612,55.640899187084024,194642212.0
96,10,4,basic,588,373,63.435374149659864,614.28418230563,125.57908847184987,381.1724646850775,210.57382920637875,55.243714778913436,533011683.0
97,10,8,smart,587,394,67.12095400340715,570.241116751269,120.55076142131979,381.41330666896994,221.70752462664296,58.12789453071279,272813683.0
98,10,8,basic,531,349,65.72504708097928,512.2550143266476,118.93982808022923,380.75579807485536,196.79436481344973,51.68519187585966,805309175.0
99,10,4,smart,539,377,69.9443413729128,591.5596816976127,130.08222811671087,381.5505599006441,223.35339649108795,58.538348508582786,590926899.0
100,5,8,smart,557,279,50.08976660682226,906.8243727598566,114.8673835125448,191.45392403929466,141.35372346056477,73.83171913026597,358368805.0
101,5,6,smart,580,290,50.0,1028.941379310345,132.4,191.72303740883777,147.79366243843444,77.08706498493105,390126418.0
102,5,6,basic,537,275,51.21042830540037,1096.7890909090909,128.48363636363635,191.15592972189668,137.4655294916056,71.91277282980309,433498721.0
103,5,6,smart,509,258,50.687622789783894,1035.5697674418604,121.2751937984496,191.20540885677684,126.92244000675558,66.38015146413946,755568905.0
104,20,4,smart,567,457,80.59964726631394,360.7242888402626,131.9124726477024,759.1886412093439,291.658017861625,38.417068173863946,884281372.0
105,5,6,basic,526,277,52.661596958174904,1008.4693140794224,119.54512635379061,190.99459787430396,133.21367545188022,69.74735250865571,153044519.0
106,20,8,smart,560,440,78.57142857142857,346.38863636363635,132.16590909090908,758.5275591084526,277.65121791688784,36.60397233862269,948896778.0
107,10,4,basic,594,399,67.17171717171718,632.0200501253133,124.56892230576442,381.540242769051,225.45185024631382,59.08992682137109,316514901.0
108,20,8,smart,552,467,84.60144927536231,390.1670235546039,126.98929336188436,759.4625391196234,292.31219250794896,38.4893496981168,676261138.0
109,20,8,smart,572,469,81.99300699300699,394.4221748400853,130.5501066098081,759.39766796652,296.8766111632081,39.09369539653323,530467456.0
110,10,8,basic,541,374,69.13123844731977,603.879679144385,120.21122994652407,380.8243725545356,205.97107806961256,54.085581941086666,228056230.0
111,5,8,basic,585,292,49.914529914529915,1188.7534246575342,118.70890410958904,191.41092609025378,143.00685722233396,74.71196140334413,362523190.0
112,15,4,smart,556,434,78.05755395683454,431.4377880184332,129.09677419354838,571.2230899389351,269.76115500706265,47.225183953243324,173249261.0
113,10,6,basic,544,359,65.99264705882352,604.4540389972145,122.83565459610028,380.8916316406112,203.03304521355747,53.304674702102275,783435377.0
114,10,8,basic,586,382,65.18771331058021,675.8376963350786,119.43193717277487,381.17990444365995,214.77197368060678,56.343991689192265,979009661.0
115,5,6,smart,548,286,52.18978102189781,943.3216783216783,119.13636363636364,191.51812753135363,147.34822011707635,76.93695736083981,948896778.0
116,5,6,basic,558,275,49.283154121863795,986.2872727272727,118.04363636363637,191.34190816305193,139.66365292865103,72.99166934701869,442685285.0
117,15,8,smart,565,429,75.929203539823,461.57575757575756,124.02797202797203,570.7620860002332,261.00733190265663,45.72961980213766,460669441.0
118,10,6,smart,536,386,72.01492537313433,769.3160621761658,121.85751295336787,381.18668054918913,213.80939435487633,56.09046833610072,433498721.0
119,20,6,basic,522,414,79.3103448275862,297.0193236714976,126.42995169082126,757.461025209062,257.9114811852841,34.049472197477044,315111282.0
120,10,8,basic,547,359,65.63071297989032,509.4707520891365,111.08356545961003,380.9501645957435,201.61152551823963,52.92333335311342,549004394.0
121,10,6,smart,543,398,73.29650092081032,680.6155778894472,130.91206030150755,381.6032487625743,228.61523029560317,59.90914150677026,383864777.0
122,20,6,smart,565,443,78.40707964601769,292.3544018058691,123.83521444695259,758.528753479764,273.35064665756585,36.03695250886205,930593199.0
123,10,6,basic,531,355,66.85499058380414,597.574647887324,118.4112676056338,380.98791453763914,203.4161024013057,53.39174672985841,48265950.0
124,5,6,smart,546,291,53.2967032967033,1098.4329896907216,116.34364261168385,191.42238508365588,139.69486234072616,72.97728647549573,362523190.0
125,5,4,smart,537,255,47.486033519553075,1080.6156862745097,120.3843137254902,191.51568183837568,138.88888632009505,72.52089488802616,292906152.0
126,5,6,basic,599,289,48.24707846410685,1021.0934256055364,129.71626297577853,191.55237831198525,144.03848582281697,75.19535235851707,922285065.0
127,5,4,basic,568,282,49.647887323943664,851.7056737588653,120.0354609929078,192.01060980683286,151.99091756717013,79.15756203267962,119596844.0
128,20,8,smart,548,467,85.21897810218978,357.745182012848,125.97216274089936,759.0275112378957,288.19048666518637,37.968384860672224,315111282.0
129,20,4,basic,535,441,82.42990654205607,369.39229024943313,136.09750566893425,758.5835208477839,285.83097059517775,37.67956497074131,590926899.0
130,15,6,basic,513,354,69.00584795321637,382.19209039548025,123.48022598870057,568.9224287623931,213.92432695782537,37.6016687236582,228056230.0
131,15,4,basic,537,395,73.55679702048417,413.53417721518986,126.95949367088608,569.9850945993325,247.32002762554131,43.39061318777001,590926899.0
132,15,8,smart,588,455,77.38095238095238,463.1164835164835,123.94505494505495,570.7258327592297,258.6295677216527,45.31590351733035,653495709.0
133,5,4,basic,554,269,48.55595667870036,1024.985130111524,127.07434944237919,191.0680607618259,137.89666917287698,72.17149146909006,173249261.0
134,5,6,basic,546,259,47.43589743589743,930.992277992278,132.5057915057915,191.23753780911264,134.49153405805626,70.32695337894462,979009661.0
135,5,6,smart,531,276,51.9774011299435,940.5289855072464,121.97101449275362,191.4023769669172,140.1770409922747,73.23683394825525,770142391.0
136,20,4,basic,575,461,80.17391304347827,427.5943600867679,133.3058568329718,759.1062486690281,304.3632992987154,40.094953747564055,119596844.0
137,10,6,smart,512,367,71.6796875,639.8910081743869,119.07901907356948,380.9629086588897,205.1976109377396,53.86288435798128,158944640.0
138,15,4,basic,608,444,73.02631578947368,484.3288288288288,125.65765765765765,570.2795505865347,263.2967899479959,46.16977580156857,358368805.0
139,15,4,basic,593,423,71.33220910623946,493.88652482269504,125.65248226950355,570.143083419787,251.31432499131333,44.07916754578512,62156218.0
140,15,8,basic,575,427,74.26086956521739,479.8454332552693,122.04683840749415,569.9199782388671,251.74981179867012,44.172835031439405,442685285.0
141,5,8,smart,562,257,45.729537366548044,1079.0739299610896,121.29961089494164,191.33521495988842,132.36727095265013,69.18082015398977,390126418.0
142,20,4,basic,561,424,75.57932263814617,390.0188679245283,130.51650943396226,758.3340308422839,268.41656087672925,35.39555788873119,228056230.0
143,5,8,basic,555,290,52.25225225225225,1064.296551724138,119.8551724137931,191.20855858757534,142.29837807515466,74.42050665843007,316514901.0
144,5,4,basic,561,260,46.3458110516934,949.7653846153846,129.63846153846154,191.27508362159347,138.52415797670702,72.42143375597966,383864777.0
145,5,4,smart,561,288,51.33689839572193,1150.3229166666667,124.06597222222223,191.63359847238488,148.08279846248215,77.27392254955825,922285065.0
146,15,6,basic,559,407,72.80858676207514,459.4250614250614,124.09582309582309,569.3945613283017,239.9692547429984,42.14463415020868,456738583.0
147,20,4,basic,573,457,79.75567190226876,416.89934354485774,130.35667396061268,758.6101337481163,284.6033813984195,37.51642230143439,367405145.0
148,5,8,smart,597,308,51.59128978224455,1031.5422077922078,122.32467532467533,191.35208514753126,149.95101996158584,78.36393308490709,470148314.0
149,10,4,smart,565,387,68.49557522123894,607.7984496124031,124.52454780361757,381.6731259877988,222.3054810339475,58.24499182608264,653495709.0
150,5,8,smart,591,292,49.407783417935704,998.3869863013699,125.4931506849315,191.5675856791603,148.01514988359756,77.26523741417044,922285065.0
151,20,4,smart,572,460,80.41958041958041,363.2,128.5391304347826,760.08063790244,295.67926856131817,38.90103941830314,48265950.0
152,10,6,basic,585,353,60.34188034188034,604.2861189801699,118.87535410764872,380.6653701911895,194.36371810938323,51.058943977952055,153354925.0
153,10,4,basic,591,376,63.62098138747885,575.3324468085107,125.19680851063829,380.8695728376773,215.6403428909786,56.61789711484311,671082961.0
154,20,8,basic,546,446,81.68498168498168,429.2130044843049,127.05156950672645,758.0137893986027,272.4410251891875,35.94143391577854,350929302.0
155,5,4,basic,557,253,45.421903052064636,983.0790513833992,126.29644268774703,191.47198093514328,133.19516252579427,69.56378780606602,481403749.0
156,15,6,basic,563,408,72.46891651865009,476.3382352941176,125.61274509803921,569.450462027869,237.54708815183832,41.71514538875073,116942809.0
157,10,6,basic,583,380,65.18010291595198,645.2973684210526,124.92368421052632,381.1261189700347,213.87110208801062,56.11557210142971,481660159.0
158,15,6,basic,556,400,71.94244604316546,483.9875,123.4225,569.4878521020319,237.09564953009726,41.63313557171685,738646825.0
159,10,4,basic,577,386,66.89774696707106,650.2927461139897,119.16839378238342,380.9393421491514,206.97099292519582,54.33174524781934,530467456.0
160,20,8,basic,599,459,76.62771285475793,460.60130718954247,129.18736383442265,758.548098138555,278.24177244552834,36.680834495310435,390126418.0
161,20,4,basic,563,455,80.81705150976909,336.50989010989014,127.62417582417582,757.7717994126142,278.5459967867429,36.758559371390895,601135142.0
162,10,4,basic,551,361,65.51724137931035,652.3157894736842,122.77562326869806,381.3235081148489,205.75760445453847,53.9588040275155,708741215.0
163,15,4,basic,588,434,73.80952380952381,570.1082949308756,130.14285714285714,570.3169768059913,256.74100859573,45.01724813341255,447450854.0
164,10,8,smart,557,362,64.99102333931778,557.5994475138122,117.96132596685082,381.3074056735515,211.44575401100113,55.452831721822385,755568905.0
165,20,8,smart,589,490,83.1918505942275,385.73061224489794,128.71020408163264,759.2191776505211,303.1311461325979,39.926697725242825,770142391.0
166,5,4,basic,534,271,50.749063670411985,960.2472324723248,123.94464944649447,191.33198148974068,140.82247210575855,73.60111519741383,590926899.0
167,10,4,basic,564,394,69.8581560283688,597.3121827411168,129.16497461928935,381.53886908906264,225.34808393212185,59.06294277963037,601135142.0
168,20,6,basic,567,446,78.65961199294532,362.9484304932735,123.98654708520179,757.8133125058816,267.56171639756565,35.307075236355004,481403749.0
169,15,4,basic,587,436,74.27597955706985,478.1605504587156,124.80963302752293,570.3154247712148,261.1713487539479,45.79419342528185,533011683.0
170,20,8,basic,561,473,84.31372549019608,255.03594080338266,122.94291754756871,758.4493566857113,284.66539308006617,37.53255119418959,597572982.0
171,20,4,smart,557,458,82.2262118491921,396.50218340611355,128.69650655021834,759.8611934680654,292.44732086023515,38.48693990088939,305489378.0
172,10,8,basic,587,375,63.88415672913118,593.88,116.304,380.81719057243106,207.10479573508675,54.384308498199374,272813683.0
173,15,6,basic,563,419,74.42273534635879,527.928400954654,124.68496420047732,569.6631763341309,240.10720889642175,42.14897835621887,173249261.0
174,15,8,basic,539,390,72.35621521335807,449.6948717948718,120.37179487179488,569.2501370928335,230.7039737845171,40.52769753604711,228056230.0
175,20,6,smart,549,447,81.4207650273224,340.60178970917224,126.47427293064877,758.7371085511999,280.0682517471706,36.91242310290554,447450854.0
176,10,8,smart,580,400,68.96551724137932,580.98,119.22,381.66722939562334,226.48714248369282,59.34152189129236,268048516.0
177,5,4,smart,548,266,48.54014598540146,911.015037593985,120.76691729323308,191.3682981488778,138.05509746313433,72.14104885634313,878640559.0
178,20,6,smart,541,444,82.0702402957486,369.5698198198198,133.86936936936937,758.7591053900098,284.0287044581303,37.433317431114936,783435377.0
179,20,4,smart,596,466,78.18791946308725,378.4420600858369,134.63090128755366,759.5149768429286,312.23693422136756,41.11004308555455,470148314.0
180,5,8,basic,564,284,50.35460992907801,1000.0669014084507,128.10211267605635,191.3168427960756,146.3432220864732,76.49259727877711,655359215.0
181,5,8,basic,529,284,53.68620037807184,948.0845070422536,116.20422535211267,191.08564734428063,140.6381295858231,73.59952541722518,572435721.0
182,10,4,basic,571,374,65.49912434325745,545.3475935828877,120.06417112299465,381.3587254097314,212.06235021081852,55.607053433215405,738646825.0
183,5,4,smart,589,279,47.368421052631575,1055.4444444444443,133.90322580645162,191.3341736706875,145.92583939061495,76.26752534117269,70952804.0
184,15,8,smart,582,473,81.27147766323024,484.6553911205074,120.83509513742072,570.9408263670415,273.29434613350884,47.86736794993458,534967818.0
185,15,6,smart,558,422,75.62724014336918,627.2322274881517,137.978672985782,570.2731791892055,250.00075643298874,43.83877158459934,358368805.0
186,20,6,smart,525,422,80.38095238095238,293.7843601895735,125.84123222748815,758.4738955363553,262.9427416455212,34.667342303136365,119596844.0
187,5,6,basic,497,281,56.53923541247485,1015.1814946619218,120.27758007117438,190.9246839541966,136.0146904753453,71.23997152090382,316514901.0
188,10,6,basic,564,388,68.79432624113475,690.3067010309278,126.14690721649484,381.06476651604515,214.72618786542162,56.34900067739018,116942809.0
189,5,6,basic,576,264,45.83333333333333,917.0378787878788,121.89393939393939,190.9283007729284,131.2081138304609,68.72114469111999,738646825.0
190,5,6,smart,516,265,51.356589147286826,1023.2339622641509,125.14339622641509,191.3619627237296,133.60950520813287,69.82030457172188,228056230.0
191,20,8,basic,597,479,80.23450586264657,348.98329853862214,124.34864300626305,757.9960117506681,291.17143773465403,38.41332054797548,470148314.0
192,5,6,smart,530,278,52.45283018867924,1025.363309352518,132.76258992805757,191.34488824403837,136.6769974668684,71.42965705598186,119596844.0
193,20,4,smart,560,440,78.57142857142857,391.575,132.82045454545454,759.1979373971969,287.96360498768155,37.9299772566459,805309175.0
194,5,8,basic,544,275,50.55147058823529,1016.7854545454545,123.00727272727272,191.46142667413474,142.52048689111874,74.43822464233855,671082961.0
195,5,4,smart,565,273,48.31858407079646,969.6190476190476,124.36996336996337,191.30917911951613,139.48370434815155,72.91009505665811,433498721.0
196,5,8,smart,529,280,52.93005671077504,930.95,118.58928571428571,191.4116008281567,139.7231868946999,72.996195784465,572435721.0
197,10,4,basic,568,371,65.3169014084507,654.5929919137467,118.91374663072776,380.77376881925534,205.04624052762748,53.84988602640804,852052273.0
198,10,4,smart,591,401,67.85109983079526,615.498753117207,129.713216957606,381.56837661066425,228.50065117323012,59.88458823629984,671082961.0
199,20,4,smart,554,466,84.11552346570397,338.5128755364807,132.6480686695279,759.583156631193,306.14427000950434,40.304246788103704,268048516.0
200,20,4,smart,556,469,84.35251798561151,307.52452025586354,129.9189765458422,759.2953923982533,296.41588744150494,39.03828344134527,433448262.0
201,10,4,basic,553,376,67.99276672694394,741.2340425531914,122.8936170212766,381.39493745191277,207.25294751096425,54.340770461090656,34346284.0
202,10,4,basic,561,369,65.77540106951871,674.8509485094851,121.29539295392954,381.3586728439259,208.8038767449147,54.75262308518924,979009661.0
203,15,8,basic,545,413,75.77981651376146,471.7191283292978,115.90799031476998,569.6597014026273,237.2740187674157,41.65188764155073,153044519.0
204,20,4,basic,548,451,82.2992700729927,402.8048780487805,131.6541019955654,758.584856267294,279.9023138613049,36.89795697195923,272813683.0
205,20,4,basic,548,461,84.12408759124088,457.9349240780911,129.71583514099783,758.1982176830138,286.7767016927081,37.82344708868773,597572982.0
206,20,8,basic,558,428,76.70250896057348,334.9672897196262,121.42289719626169,757.0317091690373,256.7562972810316,33.91618794447361,783435377.0
207,10,8,smart,550,395,71.81818181818181,586.6151898734178,120.80253164556962,373.4547980777804,216.6418745727865,58.01019981209773,315111282.0
208,15,4,smart,572,445,77.7972027972028,480.9573033707865,126.99101123595506,571.3552024514976,273.08300240861263,47.795662179481894,362523190.0
209,10,8,basic,597,411,68.84422110552764,591.6861313868613,117.60097323600974,381.31376502649925,226.2760758380607,59.34117689728189,852052273.0
210,20,6,basic,541,417,77.07948243992607,445.93764988009593,126.30935251798562,757.4133235615614,251.79647214787232,33.24426232217008,362523190.0
211,5,4,smart,563,268,47.60213143872114,905.9402985074627,126.78358208955224,191.80631713391517,146.71154999356185,76.48942547138888,447450854.0
212,5,6,basic,563,272,48.31261101243339,930.1580882352941,123.125,191.01508654230818,136.47743020306947,71.4485084259776,194642212.0
213,15,6,basic,545,407,74.6788990825688,411.987714987715,121.01474201474201,568.8306636597165,236.8971466240795,41.64633901765097,852052273.0
214,10,6,smart,546,369,67.58241758241759,578.1490514905149,123.36585365853658,381.28696461041443,205.05613129921664,53.780000454181746,350929302.0
215,15,4,basic,550,438,79.63636363636364,513.5456621004566,127.96118721461187,570.3813749155179,263.12030433776516,46.130591900329364,272813683.0
216,5,6,basic,578,310,53.63321799307958,1115.1967741935484,125.63870967741936,191.41980956033808,149.54553060585448,78.12437539737272,805309175.0
217,15,4,basic,559,426,76.20751341681574,487.09154929577466,128.481220657277,570.575505547171,261.13268750601907,45.7665435980463,738646825.0
218,20,8,smart,559,470,84.07871198568873,360.36170212765956,125.7468085106383,758.6947762559788,292.79704679325783,38.59220545028109,655359215.0
219,5,8,smart,522,270,51.724137931034484,1005.1481481481482,127.4037037037037,191.3601334419427,142.0904718330689,74.25291218046634,110158532.0
220,15,6,smart,557,439,78.81508078994614,490.76993166287014,128.95671981776766,570.132167388677,263.36647127689156,46.19393297578075,481660159.0
221,5,6,basic,546,268,49.08424908424908,951.8097014925373,120.09701492537313,191.3542126118787,136.01723921425253,71.08139264753714,362523190.0
222,20,6,smart,539,437,81.07606679035251,326.35011441647595,124.27917620137299,757.8545581536191,267.51799295142877,35.29938430444884,153044519.0
223,10,6,basic,528,365,69.12878787878788,643.5643835616438,122.26027397260275,381.26772692626736,200.31245033052534,52.53852770215281,119596844.0
224,20,6,basic,502,414,82.47011952191235,386.1183574879227,127.55797101449275,757.7142128671869,258.114614272761,34.06490334872518,158944640.0
225,20,8,smart,595,482,81.00840336134453,369.9045643153527,121.77800829875518,758.3260262906317,290.13255055157236,38.2596060919552,116942809.0
226,10,8,basic,594,375,63.13131313131313,576.2053333333333,115.744,381.09327602834435,205.7619867279707,53.99255239356857,481660159.0
227,5,8,basic,596,286,47.98657718120805,1097.055944055944,123.31818181818181,191.4995017820464,142.4786372234677,74.40157070780717,481660159.0
228,10,8,basic,547,370,67.64168190127971,556.0216216216216,116.5027027027027,380.77058023095015,201.99087663203565,53.047921010473395,532925674.0
229,5,8,basic,557,273,49.012567324955114,912.0952380952381,114.05860805860806,191.2724333073602,136.7586234423357,71.49939020359251,358368805.0
230,15,8,smart,578,442,76.47058823529412,390.14932126696834,122.49095022624434,570.7024837292299,267.109905501087,46.803704752723206,268048516.0
231,5,8,basic,591,280,47.377326565143825,934.7678571428571,116.33214285714286,191.04461755344835,138.98831375256535,72.7517558633552,922285065.0
232,5,6,smart,546,266,48.717948717948715,1076.1203007518798,130.21052631578948,191.12773710440896,135.7267756802683,71.01364654682418,979009661.0
233,15,4,basic,561,403,71.83600713012478,504.2952853598015,125.23821339950372,569.6197383939432,240.35175334800996,42.19512371984995,433498721.0
234,5,8,smart,544,286,52.57352941176471,984.8881118881119,120.31818181818181,191.39948024153045,142.42296935085258,74.41136682875339,671082961.0
235,20,4,basic,502,409,81.47410358565737,418.97799511002444,128.31784841075793,757.9708948613536,255.09561119147452,33.655066826561466,655359215.0
236,20,6,basic,505,395,78.21782178217822,355.67088607594934,123.92405063291139,757.7445277826582,244.9312259156175,32.323720849868074,572435721.0
237,15,6,basic,544,416,76.47058823529412,498.0048076923077,123.46634615384616,568.6923809417814,236.47576663967945,41.58236940823164,948896778.0
238,20,6,basic,591,447,75.63451776649747,329.61968680089484,120.2930648769575,758.1186199218945,259.2153450422502,34.19192435465521,153354925.0
239,10,8,smart,586,388,66.21160409556313,648.0,117.79381443298969,381.4356917897644,217.86557058410523,57.1172481426269,979009661.0
240,5,4,basic,571,261,45.709281961471106,999.4291187739464,125.40229885057471,191.17952940582387,139.17667255510176,72.7989408634155,8501172.0
241,20,6,smart,556,460,82.73381294964028,445.7130434782609,134.7391304347826,759.2722564183023,289.55093370113315,38.135323825346276,358368805.0
242,10,6,smart,530,352,66.41509433962264,679.1676136363636,119.94602272727273,381.2326858106262,200.5849221567522,52.61482806235321,533011683.0
243,15,6,smart,563,427,75.8436944937833,461.1850117096019,127.84777517564403,570.081977409466,256.08081516942025,44.91999840673582,116942809.0
244,15,8,smart,519,397,76.49325626204238,535.823677581864,126.77833753148614,569.7319914433177,238.31424313757074,41.82918402279688,110158532.0
245,5,6,basic,524,264,50.38167938931297,1034.2121212121212,123.29166666666667,191.06954214760657,132.69311585070065,69.44755001725575,671082961.0
246,10,4,smart,558,392,70.25089605734766,701.4617346938776,125.15306122448979,381.71063088782074,227.9943444667276,59.72962920535788,878640559.0
247,15,6,smart,556,431,77.51798561151078,523.3178654292343,122.25522041763341,569.9181944630307,251.82627031829492,44.18638898790769,590926899.0
248,10,4,basic,539,358,66.41929499072357,536.9385474860335,124.53072625698324,381.1164568806781,208.61735794342465,54.73848063421194,590926899.0
249,20,4,basic,596,464,77.85234899328859,370.2306034482759,133.64655172413794,758.9644397198597,299.9766029040578,39.52446085811106,470148314.0
250,15,6,basic,557,406,72.89048473967684,435.3374384236453,120.79556650246306,569.1152568034265,236.90772035317636,41.627371173253344,481660159.0
251,5,6,smart,583,275,47.16981132075472,869.3636363636364,123.7309090909091,191.23751360279894,138.85930265209316,72.61091196809036,260244418.0
252,20,4,basic,537,429,79.88826815642457,437.8065268065268,126.41025641025641,758.4294957406682,264.5635599713163,34.88307897531707,930593199.0
253,15,6,basic,526,369,70.15209125475285,413.3089430894309,122.54471544715447,568.8625119516091,218.6711266326576,38.440066279364714,119596844.0
254,5,4,smart,580,290,50.0,1009.4206896551724,123.5551724137931,191.77170965842834,145.82912071690484,76.04308319336907,362523190.0
255,15,4,smart,580,440,75.86206896551724,454.82045454545454,129.62954545454545,570.136188443464,271.6446370798697,47.64557005607558,671082961.0
256,5,4,basic,608,302,49.67105263157895,1000.6887417218543,134.96026490066225,191.31881574153846,151.54525915287329,79.21084947421107,116942809.0
257,15,6,basic,548,390,71.16788321167883,458.05384615384617,120.97692307692307,526.3486467538858,229.5369716058853,43.60930212730537,442685285.0
258,5,4,smart,564,288,51.06382978723404,1081.1284722222222,128.44444444444446,191.17925461766126,142.65742383490036,74.61971965535719,601135142.0
259,20,8,smart,560,463,82.67857142857142,378.6868250539957,122.47516198704103,759.1460154391731,282.643859188483,37.231817521293436,930593199.0
260,20,4,basic,568,458,80.63380281690141,365.18995633187774,131.20305676855895,758.9718670456161,294.078881015012,38.74700681064073,738646825.0
261,15,8,basic,568,422,74.29577464788733,426.76066350710903,121.77014218009478,569.8896691557383,247.02027031598647,43.34527956647013,572435721.0
262,10,8,smart,561,392,69.87522281639929,620.8112244897959,125.78316326530613,381.2322074593508,216.3916148633828,56.76110533931102,187959148.0
263,20,8,basic,560,469,83.75,351.8528784648188,120.73773987206823,757.9804198160489,282.19945387755683,37.23044111694107,305489378.0
264,5,4,smart,560,262,46.785714285714285,878.8549618320611,128.61832061068702,191.57072397777318,143.98838834613315,75.16200041235908,720265055.0
265,10,8,smart,599,403,67.2787979966611,614.4292803970224,118.62531017369727,381.2136788009687,217.090284289753,56.94713919305493,260244418.0
266,5,8,basic,550,272,49.45454545454545,911.0698529411765,108.98529411764706,191.430115445813,134.78033879917348,70.40707178454633,350929302.0
267,5,4,smart,554,279,50.361010830324915,1079.799283154122,127.65232974910394,191.26420944352145,139.0390717211187,72.69476716299901,173249261.0
268,5,8,smart,565,266,47.07964601769912,1050.0413533834587,113.95864661654136,191.07766508798568,135.23434068183136,70.77454113726996,948896778.0
269,10,4,smart,549,352,64.11657559198542,565.28125,121.67329545454545,380.52220407370095,199.55977485240442,52.443661031079536,442685285.0
270,10,8,smart,567,399,70.37037037037037,554.9348370927319,122.86466165413533,381.6171409093074,224.95249797572237,58.94716821149893,653495709.0
271,15,6,basic,521,379,72.7447216890595,439.75197889182056,125.11609498680738,569.0835490498044,221.88562219951143,38.98999058573958,110158532.0
272,15,4,basic,575,411,71.47826086956522,573.4549878345499,130.79562043795622,570.3333076778562,257.0704204128453,45.07371688662579,470148314.0
273,20,8,smart,538,472,87.73234200743495,297.5042372881356,124.13771186440678,759.0184813132887,291.32002555946895,38.38115048996089,532925674.0
274,5,6,basic,548,289,52.737226277372265,1009.19723183391,124.82698961937716,191.3990723562349,144.5894858351875,75.54346217837218,948896778.0
275,20,4,smart,560,448,80.0,341.1607142857143,132.80580357142858,758.7594006824281,290.2548998348039,38.253878577813815,433498721.0
276,20,6,basic,530,402,75.84905660377359,341.89800995024876,131.53482587064676,757.942983966815,258.18565346189007,34.06399411610547,671082961.0
277,15,8,smart,545,431,79.08256880733944,429.47331786542924,118.96287703016242,570.0670730113513,245.9318712440592,43.14086585372072,153044519.0
278,10,8,smart,537,381,70.94972067039106,711.6771653543307,127.03412073490814,381.42593627558506,217.1356609754817,56.92734560625119,738646825.0
279,10,6,smart,568,375,66.02112676056338,603.4293333333334,119.02133333333333,381.40815424503387,212.43299214424582,55.697024245519735,590926899.0
280,10,6,basic,530,350,66.0377358490566,657.6285714285714,120.06571428571428,380.75041765657784,196.06130850176214,51.49339289198151,533011683.0
281,10,6,smart,539,358,66.41929499072357,537.9525139664804,123.98324022346368,381.4437514465944,216.87818838704877,56.85718734795259,878640559.0
282,5,6,basic,587,295,50.255536626916516,896.1661016949153,127.75593220338983,191.0664013530959,144.78904299960308,75.77943687337734,470148314.0
283,10,8,smart,578,422,73.01038062283737,572.1587677725119,122.24881516587678,381.6727655116093,231.07366414007836,60.54235067842424,433448262.0
284,5,6,smart,568,289,50.88028169014085,1040.847750865052,123.03806228373702,191.1937479738911,137.40411338029705,71.86642598745466,653495709.0
285,20,8,smart,543,469,86.3720073664825,327.2174840085288,125.6503198294243,758.4036041586891,287.5413555909092,37.91402809983796,549004394.0
286,20,8,smart,556,461,82.91366906474819,346.38611713665944,120.6529284164859,742.031539318489,269.86178770292895,36.36796731723569,590926899.0
287,10,6,smart,545,364,66.78899082568807,665.1346153846154,113.50824175824175,380.61474329838774,192.6546582686901,50.616709326379414,362523190.0
288,10,6,basic,585,378,64.61538461538461,646.8465608465608,123.67989417989418,380.72731374062164,210.75387262621163,55.355595729544135,470148314.0
289,5,4,smart,553,270,48.824593128390596,1176.4851851851852,127.24444444444444,191.61535441401728,141.12705033777814,73.65122214206767,708741215.0
290,5,8,basic,597,306,51.256281407035175,1098.5261437908496,126.57516339869281,191.04552152038647,147.86909932930035,77.39992968823466,470148314.0
291,5,4,basic,559,284,50.80500894454383,1011.2077464788732,131.6232394366197,191.4046153588602,143.2976047511637,74.8663267510547,268048516.0
292,20,8,basic,566,443,78.26855123674912,293.21670428893907,117.9841986455982,757.4876787315048,257.4216493476255,33.98360878670738,367405145.0
293,5,6,basic,537,269,50.09310986964618,1006.8996282527881,122.3085501858736,191.14839581302775,137.8347366544688,72.10875930619484,447450854.0
294,5,6,smart,554,279,50.361010830324915,984.3906810035842,124.78853046594982,191.42983438180138,143.83020120314345,75.13468403063975,481403749.0
295,15,4,basic,557,427,76.66068222621185,456.26932084309135,126.1592505854801,570.0192703953725,250.41955290856234,43.93176966365859,433448262.0
296,10,6,smart,577,385,66.72443674176776,598.5246753246753,124.96363636363637,381.50860818692064,211.97886686489193,55.56332473657648,481403749.0
297,15,6,basic,528,387,73.29545454545455,586.405684754522,124.01550387596899,568.9528028431658,228.56809226074583,40.17347152849013,533011683.0
298,15,6,smart,579,447,77.2020725388601,446.3333333333333,128.69127516778522,570.7723781878593,268.84602300902367,47.10214321558111,805309175.0
299,10,8,basic,563,379,67.31793960923623,635.1767810026386,118.00263852242745,381.1912946347368,205.93142780213992,54.023119284365215,930593199.0
300,5,6,smart,524,261,49.80916030534351,985.6666666666666,126.39080459770115,191.25086777794616,134.8295657535047,70.49879946691276,671082961.0
301,15,4,smart,587,463,78.87563884156728,465.11663066954645,130.68250539956804,571.5013703666048,285.0600613236955,49.8791562198418,533011683.0
302,5,6,smart,534,281,52.62172284644194,1108.4128113879003,129.05693950177937,191.33754819159944,144.07380021765792,75.2982368486226,549004394.0
303,10,4,smart,533,358,67.16697936210132,651.2206703910615,124.88826815642459,381.4854488912111,215.00093416674468,56.35888204691574,676261138.0
304,20,6,smart,584,459,78.5958904109589,362.18518518518516,126.27015250544662,759.3423554292121,277.7108828900455,36.57255267066878,194642212.0
305,15,6,smart,563,429,76.19893428063943,487.57808857808857,125.13519813519814,570.4495854531954,258.05768758945675,45.23759753185587,884281372.0
306,15,4,basic,559,420,75.13416815742397,431.7,124.71666666666667,570.6575332450594,252.77558993910222,44.295496898408935,460669441.0
307,20,4,smart,580,450,77.58620689655173,325.22444444444443,129.65777777777777,759.6144399268976,287.8388103088424,37.892751266885206,153354925.0
308,10,6,basic,573,370,64.57242582897034,682.8216216216216,122.65675675675676,381.5185947131627,212.4536308446341,55.68631091345972,460669441.0
309,5,4,basic,539,263,48.79406307977737,1000.277566539924,124.60456273764258,191.4069284504995,133.86206212478643,69.93584987149775,34346284.0
310,20,8,smart,566,470,83.03886925795054,351.2106382978723,121.77659574468085,758.2269908704884,280.20805238362726,36.955694766541114,367405145.0
311,5,6,basic,547,272,49.725776965265084,1031.3235294117646,121.7279411764706,191.5591257388809,138.33493205591546,72.21526592498824,350929302.0
312,5,8,smart,565,276,48.849557522123895,928.9347826086956,111.31159420289855,191.03445294701498,133.40082979888348,69.83077017834229,979009661.0
313,15,8,smart,587,458,78.02385008517888,410.4366812227074,119.06331877729258,570.1279082862357,264.8140323489375,46.44817917174934,922285065.0
314,20,6,smart,533,434,81.42589118198875,422.1036866359447,134.01612903225808,722.8210885984548,280.6107772914416,38.82160907003197,676261138.0
315,20,4,basic,581,471,81.06712564543889,350.40976645435245,127.57537154989384,759.0759980949259,291.0781606855341,38.34637920525232,532925674.0
316,5,4,basic,561,251,44.741532976827095,896.808764940239,122.09561752988049,191.09336505199974,131.87483775316838,69.01068371331625,228056230.0
317,20,6,basic,519,401,77.26396917148362,389.8753117206983,127.81795511221945,757.2365800393325,247.46042875179785,32.67940763492226,110158532.0
318,5,4,smart,547,260,47.53199268738574,1177.1076923076923,116.16923076923077,191.47635533830834,141.3177091262238,73.80426104128514,315111282.0
319,5,6,smart,615,309,50.24390243902439,1017.7864077669902,121.72815533980582,191.21851950927194,142.0915974279704,74.30849155857028,884281372.0
320,5,4,basic,590,273,46.271186440677965,882.3919413919414,126.28571428571429,191.35162272658062,138.68398643515243,72.47599182020832,533011683.0
321,15,8,smart,563,442,78.50799289520425,451.2126696832579,123.47511312217195,570.8453025489758,258.74695011903145,45.32698245280423,119596844.0
322,5,6,basic,519,268,51.637764932562625,949.1716417910447,119.61194029850746,191.06140871059026,133.97788934793354,70.12294646632498,315111282.0
323,15,8,smart,588,462,78.57142857142857,494.6709956709957,122.2034632034632,570.2370097014847,265.23633070093854,46.51334904407344,433498721.0
324,10,8,smart,572,394,68.88111888111888,635.274111675127,119.71065989847716,381.23118041884004,215.32269131526016,56.480871023900946,878640559.0
325,20,4,smart,577,469,81.28249566724438,383.19189765458424,129.08955223880596,759.6899096359408,298.3297173565354,39.269932846613855,770142391.0
326,20,8,basic,588,458,77.89115646258503,383.6965065502183,125.90393013100437,757.1423987609596,266.1712326742804,35.15471239094013,485221178.0
327,5,4,smart,568,285,50.176056338028175,1001.3859649122807,123.74385964912281,191.49342760023487,146.758480141694,76.63891235372823,119596844.0
328,15,6,basic,595,429,72.10084033613445,465.0699300699301,126.57342657342657,570.3991502286365,255.8362459924094,44.85214360678151,922285065.0
329,20,8,basic,595,484,81.34453781512605,404.4235537190083,121.77685950413223,758.0777229509599,281.1949382248375,37.09315413335632,116942809.0
330,10,4,basic,590,379,64.23728813559322,660.6279683377309,121.43007915567283,381.58566142260213,212.53448015909936,55.69771132561494,534967818.0
331,10,6,smart,578,399,69.03114186851211,666.9649122807018,121.83458646616542,381.0634220844698,216.68151612233254,56.86232358305465,390126418.0
332,15,4,basic,545,430,78.89908256880734,525.3372093023256,127.0,570.1059944607109,263.9981956177437,46.30686191389227,878640559.0
333,10,8,smart,603,413,68.49087893864014,683.547215496368,116.23002421307505,381.3303480940653,222.18539294991172,58.265856378969275,173249261.0
334,15,4,smart,554,430,77.6173285198556,514.6395348837209,135.13488372093022,571.4714686248745,276.3019304306411,48.34920824577706,481403749.0
335,20,4,smart,575,478,83.1304347826087,370.4686192468619,127.86610878661088,759.5660208800476,307.47934441748464,40.48092410205939,653495709.0
336,15,4,smart,565,452,80.0,492.6637168141593,135.56858407079645,570.8867233797635,270.16891950588524,47.32443555639747,383864777.0
337,15,4,smart,579,459,79.27461139896373,471.7276688453159,129.18082788671023,571.3917442574178,277.54100069314904,48.57280551959008,653495709.0
338,10,8,smart,565,385,68.14159292035397,616.0675324675325,117.73766233766234,381.09729169886293,211.3455793353126,55.45711920259841,305489378.0
339,10,4,smart,606,409,67.49174917491749,635.0488997555012,127.87530562347189,381.78046021069326,235.8797940951929,61.784145255893364,116942809.0
340,20,4,smart,544,450,82.72058823529412,327.9488888888889,131.13555555555556,759.1932734038447,296.9172085527231,39.10956787347366,110158532.0
341,15,4,smart,608,468,76.97368421052632,475.5149572649573,127.69017094017094,570.8117913142029,278.7727828207888,48.83795097837048,358368805.0
342,10,8,smart,549,371,67.57741347905282,590.3827493261456,121.47169811320755,381.3598422654121,212.45366028319114,55.709499726332325,350929302.0
343,20,4,basic,544,431,79.22794117647058,396.7819025522042,132.6264501160093,758.1713764044806,277.5788603300897,36.611624887036456,187959148.0
344,10,4,smart,559,374,66.90518783542039,534.6684491978609,125.73529411764706,381.780274863599,222.67891051852257,58.32645769823506,572435721.0
345,15,8,smart,539,411,76.25231910946196,395.54744525547443,124.46958637469587,570.0893599468026,245.8104903302402,43.11788775590862,228056230.0
346,20,6,smart,530,432,81.50943396226415,366.4791666666667,132.96064814814815,758.850751778464,281.8333726198245,37.139499692042456,671082961.0
347,10,6,smart,538,379,70.4460966542751,608.2849604221636,127.07387862796834,380.99764100536976,209.36681714921116,54.95226075330486,655359215.0
348,20,4,basic,558,461,82.61648745519713,376.59652928416483,128.76572668112797,758.9665110271561,299.78215243476296,39.498732563186394,112043825.0
349,20,8,basic,586,478,81.56996587030717,439.7154811715481,122.26987447698745,757.8364961426266,277.7025815798992,36.64412877888569,433498721.0
350,5,8,basic,577,295,51.12651646447141,940.1084745762712,121.93898305084745,191.64767352103186,146.33037745582047,76.35385014979681,433448262.0
351,20,8,basic,595,449,75.46218487394958,361.75723830734967,118.1403118040089,757.658681112523,267.81747638633396,35.348037719712906,260244418.0
352,5,4,basic,596,289,48.48993288590604,842.8339100346021,119.64359861591696,191.16717363029917,140.75418593424178,73.62884707729593,62156218.0
353,20,6,basic,563,438,77.797513321492,456.2716894977169,123.94063926940639,757.8609550989689,261.4617017627868,34.499956753761325,653495709.0
354,15,4,basic,506,382,75.49407114624506,526.0287958115183,126.8586387434555,570.0200174074809,235.7583023242541,41.35965319191965,655359215.0
355,15,4,basic,577,422,73.13691507798961,432.84123222748815,123.00473933649289,570.2189462932406,259.74617623843415,45.552007334540086,274970204.0
356,10,8,smart,635,422,66.45669291338582,670.3483412322275,121.8175355450237,381.8245656869785,231.38363947181463,60.59946380231177,720265055.0
357,5,6,basic,531,288,54.23728813559322,914.0659722222222,124.59722222222223,191.14119987156778,138.5564978956936,72.48908031800205,770142391.0
358,5,8,smart,593,282,47.5548060708263,987.177304964539,119.45744680851064,191.4521240951625,140.44533340629988,73.35793952147046,485221178.0
359,15,4,smart,582,468,80.41237113402062,466.0747863247863,130.1239316239316,571.3126741512532,285.58340607879813,49.987234486450554,532925674.0
360,5,8,smart,549,282,51.36612021857923,1063.2695035460993,120.40780141843972,191.4418790131493,139.62315217710423,72.93239749674319,549004394.0
361,20,4,smart,502,411,81.87250996015936,366.8540145985401,127.18978102189782,758.9265915586803,265.9390037599272,35.041466028188935,655359215.0
362,5,4,basic,580,282,48.62068965517241,1008.9397163120567,126.38297872340425,191.38842587662757,143.2952731363498,74.87144140509339,274970204.0
363,20,4,basic,602,479,79.56810631229236,406.19415448851777,128.53444676409185,758.7343079442585,293.3133953494974,38.65824864888621,671082961.0
364,10,6,basic,574,399,69.51219512195121,631.4887218045113,119.17794486215539,381.5555724638807,221.47383418314388,58.044974354059356,532925674.0
365,20,6,smart,567,470,82.89241622574956,400.85744680851064,129.34893617021277,758.6904665682742,286.71149702457996,37.79031234192778,481403749.0
366,20,8,basic,575,457,79.47826086956522,366.636761487965,124.70240700218818,757.9097239624831,281.92256721809923,37.19738094190946,274970204.0
367,5,4,basic,566,269,47.52650176678445,1044.1152416356877,120.8736059479554,191.17619419508142,135.14211584009712,70.68982433147217,260244418.0
368,15,6,smart,586,434,74.06143344709898,407.08294930875576,120.6589861751152,570.1436214054648,257.0523219501125,45.085538502816384,770142391.0
369,10,6,smart,544,374,68.75,674.0802139037434,128.30213903743316,381.37428496079997,216.6952531033516,56.81957637118216,8501172.0
370,10,4,basic,561,383,68.27094474153299,677.3342036553524,123.99216710182768,381.21205476549983,212.00494307859736,55.613389038552526,460669441.0
371,15,4,basic,556,422,75.89928057553958,486.16824644549763,128.48104265402844,570.1187466418666,252.11519979596534,44.221524249287214,173249261.0
372,10,4,basic,576,380,65.97222222222221,621.6921052631579,119.91052631578947,381.4140531821518,213.0305666586431,55.85283627630421,770142391.0
373,5,6,smart,599,277,46.24373956594324,934.5054151624548,126.31768953068593,191.45800266615572,139.47449159923553,72.84860891525983,922285065.0
374,15,8,smart,568,442,77.8169014084507,471.21719457013575,125.30316742081448,570.6635388337328,261.3003117351895,45.788856997804686,447450854.0
375,20,4,smart,557,449,80.61041292639139,363.08240534521155,132.75723830734967,759.1910356165665,292.7125197236621,38.555845102404255,158944640.0
376,20,8,smart,527,436,82.73244781783681,366.80045871559633,125.46330275229357,758.5933550672414,274.1839835916699,36.143736530274026,110158532.0
377,5,4,basic,537,267,49.72067039106145,1001.87265917603,128.47191011235955,191.60646125395766,145.8093224539414,76.0983327491675,481660159.0
378,5,8,smart,570,278,48.771929824561404,969.8309352517986,114.61870503597122,191.31623210480515,138.57261936351804,72.43118779780612,292906152.0
379,15,4,basic,565,421,74.51327433628319,532.3919239904989,130.3729216152019,570.1578142906064,256.6026742561934,45.00555246716383,383864777.0
380,15,8,smart,577,433,75.04332755632582,425.4618937644342,127.17551963048498,570.695981311582,263.42116036809347,46.15787897484314,274970204.0
381,10,6,smart,521,386,74.08829174664108,707.2849740932643,127.11398963730569,381.97273477089385,219.80333125751983,57.54424629008068,534967818.0
382,10,6,smart,561,388,69.16221033868094,752.5025773195877,123.37886597938144,381.55495738517465,217.71563120356367,57.060097631959906,274970204.0
383,5,8,smart,580,281,48.44827586206897,939.9857651245552,119.79715302491103,191.23605841448105,137.18703501675367,71.73701244114609,260244418.0
384,10,8,basic,588,405,68.87755102040816,642.9802469135802,117.31358024691357,381.2687697794814,215.0183291784647,56.395473802595276,70952804.0
385,20,4,basic,565,460,81.41592920353983,423.8782608695652,133.90217391304347,758.7153081729423,293.16378202511174,38.639497432980185,447450854.0
386,20,4,smart,571,472,82.66199649737302,425.52542372881356,131.3177966101695,759.538111941286,302.4436174129172,39.81941296400631,362523190.0
387,15,8,basic,593,439,74.03035413153457,468.31890660592256,120.9886104783599,570.1451495624948,252.90390895001926,44.35781118967459,481660159.0
388,5,4,smart,608,296,48.68421052631579,1086.1047297297298,125.62162162162163,191.34235723564586,150.46418172686893,78.63610749896124,116942809.0
389,10,4,smart,569,373,65.5536028119508,587.4209115281501,122.63270777479893,381.5336590616374,217.34448654999625,56.96600585241782,884281372.0
390,15,4,smart,536,435,81.15671641791045,615.383908045977,131.91494252873562,570.6335965481497,258.34196423411476,45.272827572169774,34346284.0
391,20,6,smart,559,438,78.35420393559929,379.36986301369865,128.52511415525115,758.1095751894918,271.3020484985406,35.786653720964786,456738583.0
392,5,4,basic,570,280,49.122807017543856,1130.0607142857143,122.9,191.6200087639459,145.84885066575356,76.11358104331516,153044519.0
393,15,6,smart,532,405,76.12781954887218,523.6444444444444,128.8469135802469,570.1594646824782,242.47243664377694,42.527126473084124,549004394.0
394,20,6,basic,529,430,81.28544423440454,413.0604651162791,128.75116279069766,757.7217262170468,261.78130581913746,34.5484756159877,549004394.0
395,5,4,smart,558,287,51.4336917562724,1084.006968641115,123.25783972125436,191.33160409206127,144.85469983928004,75.70871551862474,112043825.0
396,20,4,basic,532,445,83.64661654135338,376.3820224719101,127.82247191011236,758.3615635042717,283.898981416669,37.43583470987317,481660159.0
397,20,4,smart,579,487,84.11053540587218,391.782340862423,128.2546201232033,759.5663578152198,313.9775937958872,41.3364271028271,530467456.0
398,15,6,basic,529,403,76.18147448015122,435.9454094292804,124.82630272952854,569.5769633481465,245.39651323417783,43.083995495825974,48265950.0
399,20,8,basic,552,455,82.42753623188406,370.4065934065934,126.37582417582418,742.8052153121389,278.82162601076476,37.536304304702455,676261138.0
400,5,6,smart,540,274,50.74074074074074,936.6751824817518,124.6094890510949,191.37009274409328,139.86264208207936,73.08490061145999,655359215.0
401,5,8,smart,561,296,52.76292335115864,920.8074324324324,117.37837837837837,191.52197272740176,147.63286272710846,77.08403407959786,653495709.0
402,15,4,smart,572,438,76.57342657342657,476.6849315068493,127.50913242009132,570.8609605679032,264.90279489486,46.404083164371535,367405145.0
403,10,8,smart,531,357,67.2316384180791,566.204481792717,120.18487394957984,381.0122636426972,200.92109660889395,52.733498572453364,805309175.0
404,15,4,basic,593,432,72.84991568296796,506.92824074074076,127.64814814814815,570.6095696820917,266.25592657991024,46.6616651256395,390126418.0
405,15,8,basic,578,423,73.1833910034602,471.0661938534279,116.89834515366431,569.0054721657532,228.82820036918756,40.21546567877807,187959148.0
406,5,4,basic,603,295,48.92205638474295,1039.7525423728814,121.03728813559322,191.37715853263234,148.74888939627718,77.7255188324439,358368805.0
407,15,4,smart,559,433,77.4597495527728,447.8013856812933,125.79907621247114,570.2303292978598,261.3311846348539,45.82905734892042,112043825.0
408,15,6,smart,505,411,81.38613861386138,495.25790754257906,129.11435523114355,570.3963201571803,249.60786001517707,43.76042607469738,158944640.0
409,5,6,smart,558,253,45.340501792114694,1054.0474308300395,128.90513833992094,154.22053434835817,125.49762450542993,81.3754309928352,442685285.0
410,10,8,basic,582,385,66.1512027491409,557.3818181818182,111.34025974025974,380.6801969042126,205.1336251290576,53.88607728935101,194642212.0
411,5,6,basic,564,289,51.24113475177305,1043.9515570934257,119.4083044982699,190.5408082682176,133.50656378635284,70.06717616019574,272813683.0
412,20,8,basic,572,446,77.97202797202797,435.3968609865471,123.76008968609865,758.4948308396795,269.78743283854567,35.568789907227426,530467456.0
413,20,6,smart,512,416,81.25,379.0264423076923,133.27403846153845,758.1672750136095,265.11851113011676,34.968340083704845,228056230.0
414,15,4,smart,564,445,78.90070921985816,469.99101123595506,125.05393258426966,571.0037478828456,276.4255381493649,48.41045950648995,119596844.0
415,20,4,smart,563,469,83.30373001776199,331.3880597014925,134.45628997867803,759.4859303382165,297.5695286199185,39.18038725054511,601135142.0
416,5,8,smart,541,285,52.68022181146026,1011.5368421052632,117.16140350877193,191.25076844924064,142.48286823042318,74.50054678773184,532925674.0
417,5,8,basic,580,305,52.58620689655172,1078.4065573770492,122.14426229508197,191.02049204528947,140.16312269658235,73.37596149807361,367405145.0
418,15,8,basic,568,415,73.06338028169014,472.2289156626506,120.19518072289156,569.5399676008562,246.86761677431733,43.345090918593186,655359215.0
419,5,8,smart,595,301,50.588235294117645,978.6777408637873,119.3421926910299,191.2762387139888,148.54641820355272,77.66067505419267,8501172.0
420,10,6,smart,546,376,68.86446886446886,614.9441489361702,122.94680851063829,381.2825037952408,208.55924656980451,54.699401229752354,433448262.0
421,5,8,smart,599,312,52.08681135225376,1012.0801282051282,122.25320512820512,191.3626148460201,150.79934332485345,78.80292785829359,852052273.0
422,10,4,smart,546,390,71.42857142857143,731.876923076923,127.32307692307693,381.2270949512717,218.8854262804872,57.416020314208005,272813683.0
423,5,8,smart,580,291,50.172413793103445,966.828178694158,125.82817869415807,191.22846041192224,146.0606982311878,76.38020926203178,481403749.0
424,20,6,basic,543,417,76.79558011049724,364.8393285371703,125.47242206235012,757.1494854825712,251.19833261969706,33.176847826766355,852052273.0
425,20,6,basic,582,454,78.00687285223368,346.83700440528634,125.74008810572687,757.9875511015988,272.1957800472405,35.9103232832324,470148314.0
426,5,6,basic,545,275,50.45871559633027,984.709090909091,128.41454545454545,191.04773110367816,134.08104990537302,70.18196402060889,383864777.0
427,15,6,smart,535,427,79.81308411214954,511.8009367681499,126.65807962529274,569.9381718930846,256.05854615406554,44.92742525097966,433498721.0
428,10,4,smart,598,425,71.07023411371237,708.76,129.3505882352941,382.2326627597804,242.7934348757812,63.51980312796246,274970204.0
429,5,4,smart,539,267,49.53617810760667,989.6928838951311,124.79775280898876,191.3649757505925,135.031312583116,70.56218728295579,34346284.0
430,5,8,basic,565,283,50.08849557522124,894.148409893993,114.41696113074205,191.12682830918925,140.82304814241016,73.680419116566,601135142.0
431,20,8,smart,588,479,81.4625850340136,336.62630480167013,125.62839248434238,758.6821280094774,288.1854018248381,37.98499940692396,485221178.0
432,20,4,smart,558,464,83.15412186379928,399.0086206896552,129.48060344827587,759.3108392154544,301.1243220954895,39.65758244760753,112043825.0
433,15,6,basic,577,433,75.04332755632582,471.4364896073903,121.32332563510393,569.6854249311067,247.04315404157074,43.3648366677884,390126418.0
434,20,8,basic,586,488,83.27645051194538,348.36270491803276,125.2438524590164,758.9707066999209,299.7224981423088,39.49065431596585,442685285.0
435,15,6,basic,555,414,74.5945945945946,446.2342995169082,121.54106280193237,569.6664862765452,244.14216357215093,42.85703467794169,481403749.0
436,20,4,smart,588,477,81.12244897959184,340.5639412997904,132.30607966457023,759.553343009156,301.7124045025813,39.72234567585127,260244418.0
437,20,4,smart,571,467,81.78633975481611,388.89935760171306,136.30406852248393,759.896102312953,305.7882558242658,40.24079803719417,572435721.0
438,5,4,basic,565,260,46.017699115044245,1014.6538461538462,120.97692307692307,191.4198085600572,140.94301208987244,73.63031712867487,433498721.0
439,10,4,basic,573,364,63.525305410122165,609.0302197802198,121.68956043956044,381.2258004791348,207.51815801958926,54.43444744788387,62156218.0
440,20,4,smart,565,461,81.59292035398231,392.5835140997831,134.06724511930585,759.2703967465454,303.11592802597005,39.922000031189704,153044519.0
441,5,4,basic,535,250,46.728971962616825,1148.708,120.38,191.36629988427217,132.5278729257558,69.25350649821907,676261138.0
442,10,4,smart,561,391,69.6969696969697,601.1508951406649,126.49616368286445,381.6038826259633,221.3562918727126,58.00682381674807,460669441.0
443,10,6,basic,546,359,65.75091575091575,764.7353760445683,118.983286908078,380.1372819373448,195.13993930908114,51.33407023761606,272813683.0
444,15,6,basic,553,415,75.04520795660035,495.8963855421687,128.45301204819276,570.619728381895,258.9051452159042,45.37262424313315,70952804.0
445,15,4,basic,605,443,73.22314049586777,376.5237020316027,123.30699774266365,570.8577864116803,273.83751141614744,47.969479953570534,116942809.0
446,15,8,basic,579,445,76.8566493955095,466.5595505617978,123.65168539325843,569.9981387003584,259.8052833147648,45.58002310448623,315111282.0
447,15,8,basic,557,416,74.68581687612208,481.5264423076923,118.17788461538461,569.1165981882749,233.9697538146422,41.11104026125073,533011683.0
448,10,6,smart,559,367,65.65295169946333,690.3269754768393,123.02452316076294,381.12120834950747,207.2697374354483,54.38420452460663,358368805.0
449,5,4,basic,557,287,51.526032315978455,1136.8606271777003,121.77003484320558,191.32666615479505,141.30926890562492,73.85759222464947,597572982.0
450,5,8,basic,580,272,46.89655172413793,1043.7316176470588,119.82720588235294,190.81890892193093,130.07540765450366,68.16693816634334,260244418.0
451,10,4,basic,547,354,64.71663619744058,660.3107344632768,124.89265536723164,381.33340283319865,205.21353819754262,53.81472922981948,268048516.0
452,15,6,basic,560,394,70.35714285714286,467.0736040609137,121.16751269035532,569.5136770787801,233.88183114699095,41.066938435376386,720265055.0
453,10,8,smart,527,374,70.96774193548387,615.8315508021391,116.93315508021391,381.2708759899862,209.7127611336784,55.00361405500753,572435721.0
454,20,8,smart,592,476,80.4054054054054,556.3487394957983,127.48109243697479,758.0274245059547,281.38997623925405,37.121345104717065,272813683.0
455,15,6,smart,556,426,76.61870503597122,485.28403755868544,125.45539906103286,570.1376914378336,257.443288775135,45.154581540800656,738646825.0
456,5,6,smart,532,269,50.56390977443609,882.4163568773234,124.94423791821562,191.28617465742084,137.2603707829607,71.75655586650929,48265950.0
457,5,6,basic,540,262,48.51851851851852,945.3854961832061,124.05343511450381,191.23205936042092,135.44473484732873,70.82742051742062,655359215.0
458,20,8,basic,560,432,77.14285714285715,395.025462962963,128.10416666666666,757.8430435675333,265.8899930217972,35.08510044113152,948896778.0
459,5,8,basic,549,278,50.63752276867031,943.9028776978417,113.73741007194245,191.04097492181754,135.64235883113187,71.00170991413897,549004394.0
460,15,8,basic,519,387,74.56647398843931,467.25064599483204,128.36692506459949,569.2193284163859,234.0254324575152,41.113402299354945,110158532.0
461,10,4,basic,569,349,61.335676625659055,558.6189111747851,119.59025787965616,380.8334438661017,198.6009695623523,52.149035952887324,884281372.0
462,15,8,smart,588,454,77.21088435374149,534.3700440528635,122.39427312775331,570.6297735602484,259.6837398409602,45.5082703134736,590926899.0
463,5,6,basic,530,265,50.0,944.4150943396227,129.37735849056602,191.2991994550997,136.98431886429466,71.60736649943304,173249261.0
464,15,8,basic,561,432,77.00534759358288,487.91898148148147,119.25,570.0665053664517,244.40607105599585,42.87325579651204,930593199.0
465,20,8,basic,574,463,80.66202090592334,441.08855291576674,123.61555075593952,758.5780659821294,284.1321930026975,37.45589356513125,979009661.0
466,10,8,basic,538,368,68.40148698884758,577.9728260869565,116.94021739130434,380.9545747930061,204.08636079300615,53.57236119395539,597572982.0
467,15,8,basic,541,421,77.81885397412199,446.3562945368171,120.15676959619952,569.4664827576121,245.32432059812666,43.079676860024534,671082961.0
468,20,6,smart,522,442,84.67432950191571,396.6968325791855,131.0814479638009,758.7963629397719,288.4758083209206,38.01755285216329,530467456.0
469,20,8,basic,577,465,80.58925476603119,301.1956989247312,120.56989247311827,758.1221155986723,278.7350140487707,36.766506122652785,481403749.0
470,5,6,smart,547,284,51.91956124314442,946.080985915493,127.74295774647888,191.56788874605718,143.67845634790618,75.00132579023547,350929302.0
471,20,4,basic,573,454,79.23211169284468,438.9383259911894,130.87665198237886,758.7993057853206,288.86827390461093,38.06912733079616,720265055.0
472,15,6,basic,563,412,73.17939609236235,497.2839805825243,120.75970873786407,569.3205385374785,238.7333529937299,41.93303013571397,884281372.0
473,10,6,smart,544,358,65.80882352941177,663.5055865921788,118.99720670391062,381.3524653930066,207.0853831925559,54.302883024275715,755568905.0
474,10,6,basic,564,368,65.24822695035462,650.4429347826087,115.83152173913044,380.4436015748477,196.94607462060503,51.76748243506949,770142391.0
475,15,6,smart,587,443,75.46848381601363,468.9119638826185,122.3273137697517,570.2018683919835,257.98606555458014,45.24468961880505,655359215.0
476,5,6,smart,587,282,48.040885860306645,837.4858156028369,129.2695035460993,191.2356924193819,142.08803616982377,74.29995644234822,470148314.0
477,10,8,basic,603,381,63.18407960199005,662.6272965879265,116.71391076115485,381.4140365081462,210.89013417511023,55.291655258892405,48265950.0
478,15,4,smart,548,416,75.91240875912408,485.6442307692308,133.76682692307693,570.2268993150154,262.22808134579054,45.986620704984595,187959148.0
479,15,4,basic,593,455,76.72849915682967,562.9934065934066,129.05274725274725,570.6334994383043,272.3859992801131,47.73396576756056,530467456.0
480,20,4,basic,566,434,76.67844522968198,387.71889400921657,132.64285714285714,758.844769701433,291.2280011456357,38.37780963558847,8501172.0
481,20,8,basic,527,422,80.07590132827325,493.8009478672986,128.44549763033174,757.5514271604147,261.35629681738385,34.500139191479676,110158532.0
482,10,8,basic,549,380,69.2167577413479,584.3973684210526,115.76842105263158,380.41024654369244,203.3487090181102,53.45510823267332,158944640.0
483,20,6,smart,559,459,82.11091234347049,362.6884531590414,129.62091503267973,759.0667431375648,278.78267658673747,36.72703080553932,350929302.0
484,5,8,basic,563,274,48.66785079928952,941.8467153284671,118.81021897810218,190.95094752056644,134.748180580113,70.56690858556746,783435377.0
485,10,6,basic,568,346,60.91549295774647,511.3612716763006,119.11849710982659,380.5614510615404,187.87081936658169,49.36674979626383,485221178.0
486,10,6,basic,565,388,68.67256637168143,634.4072164948453,122.29639175257732,381.41752121149705,220.0072329176626,57.68146995944321,653495709.0
487,5,6,smart,524,266,50.76335877862596,950.5526315789474,125.1842105263158,191.3559016222196,134.73234916055762,70.40929912187927,601135142.0
488,10,8,basic,574,398,69.33797909407666,623.1507537688442,112.7286432160804,380.8276550590148,209.97181395591437,55.13565287777647,770142391.0
489,20,4,smart,535,445,83.17757009345794,368.561797752809,134.03370786516854,759.5341334482491,299.10264956011554,39.379750874684674,590926899.0
490,15,6,smart,548,420,76.64233576642336,448.7857142857143,125.74285714285715,570.6982983739338,253.32273329340828,44.388205469543166,442685285.0
491,5,4,basic,566,268,47.349823321554766,1094.9850746268658,119.98134328358209,189.58992168649985,139.30762111933942,73.47838950516278,805309175.0
492,15,8,smart,558,430,77.06093189964157,463.2,123.96279069767442,570.2569858209262,253.5202102258318,44.45718623873956,8501172.0
493,15,8,smart,547,416,76.05118829981718,468.15384615384613,124.61057692307692,569.8110705675023,252.28066426090885,44.274440650942495,948896778.0
494,10,4,basic,570,358,62.807017543859644,554.7765363128492,117.29608938547486,380.9386822133297,204.48964003019893,53.68046081381742,456738583.0
495,20,4,smart,537,417,77.6536312849162,379.8465227817746,127.1462829736211,758.2403009288643,261.3969440944666,34.474155986466094,755568905.0
496,5,6,smart,546,272,49.81684981684982,1043.1948529411766,126.84191176470588,191.4972172207882,139.40722746648197,72.79856568659758,8501172.0
497,15,8,basic,578,438,75.77854671280276,446.1826484018265,120.44520547945206,570.4652296069228,257.27928184986797,45.099905918393205,268048516.0
498,15,4,basic,564,431,76.41843971631207,441.5197215777262,125.74941995359629,570.0268525962415,253.46326154457967,44.4651441226246,194642212.0
499,20,4,basic,598,467,78.09364548494983,449.11777301927197,124.96573875802999,758.5546466878003,286.8866889188141,37.820174218363015,358368805.0
500,20,4,smart,557,472,84.73967684021544,392.13347457627117,132.33262711864407,759.4768126421905,294.5588259328663,38.78443963392477,460669441.0
501,15,6,basic,562,405,72.06405693950177,439.6469135802469,120.17283950617283,569.4308577796995,234.68448917419389,41.21386924643768,34346284.0
502,5,8,basic,591,324,54.82233502538071,1068.4413580246915,116.96604938271605,191.09466437698006,147.6949304330817,77.28888240527638,433498721.0
503,15,4,basic,581,414,71.25645438898451,467.25845410628017,128.0048309178744,569.8905256221295,248.30005488456223,43.56978116340884,153354925.0
504,10,8,smart,556,389,69.96402877697841,673.452442159383,124.80462724935732,381.6539201477988,225.62347201273485,59.11729451786063,708741215.0
505,15,4,smart,567,417,73.54497354497354,492.1606714628297,132.17985611510792,570.6386418813311,262.92288951101636,46.075198946252456,153044519.0
506,10,4,smart,583,388,66.55231560891939,567.8659793814433,124.52061855670104,381.2577371431045,217.45014563467913,57.03494629751199,153354925.0
507,15,8,basic,573,413,72.07678883071553,410.8401937046005,118.818401937046,569.5248558849163,243.26632381968727,42.713908147468814,34346284.0
508,15,4,smart,546,426,78.02197802197803,472.8755868544601,128.55164319248826,570.7096483550133,264.8735830521995,46.41126776385481,110158532.0
509,5,6,smart,524,269,51.335877862595424,1008.7397769516729,133.80669144981414,191.53135726600115,140.40969866868022,73.30898745403735,110158532.0
510,15,4,smart,545,427,78.34862385321101,479.0983606557377,127.66510538641687,570.3370690036828,261.41588634656927,45.83533151776976,878640559.0
511,20,8,smart,571,470,82.31173380035027,349.86382978723407,125.82553191489362,758.8472227201239,291.8880041340254,38.46465999937892,34346284.0
512,10,4,smart,550,379,68.9090909090909,646.2559366754617,125.01055408970976,381.53360395361796,218.44955165910494,57.2556517683987,350929302.0
513,20,6,smart,591,471,79.69543147208121,361.25053078556266,123.33970276008493,758.4191570563219,283.62726676593536,37.39716542324531,153354925.0
514,5,6,basic,568,284,50.0,1025.9647887323943,120.43661971830986,191.20847725790972,138.7005942925226,72.53893565892355,653495709.0
515,15,4,smart,553,399,72.15189873417721,377.82706766917295,126.52882205513785,570.414665646596,249.3537767927299,43.71447506702406,158944640.0
516,10,6,basic,567,345,60.84656084656085,632.4405797101449,111.59710144927536,380.26137995260206,178.17981422330325,46.85719445017335,187959148.0
517,15,4,basic,553,387,69.98191681735986,463.49612403100775,125.0,569.817915635824,241.0584943778752,42.304477932901285,158944640.0
518,10,4,smart,569,358,62.91739894551846,612.7374301675977,129.268156424581,381.3982252375317,216.64576710059214,56.80303492908676,8501172.0
519,15,4,smart,562,417,74.19928825622776,522.9952038369305,128.96163069544363,570.3186450603498,256.7403373044686,45.016998747656395,228056230.0
520,20,6,basic,556,433,77.87769784172663,473.99538106235565,127.31870669745959,757.7387311541609,259.19117036941043,34.20587594547525,358368805.0
521,10,4,smart,546,376,68.86446886446886,662.3617021276596,128.22340425531914,381.68799646088604,226.23123510761192,59.271246988453626,110158532.0
522,20,4,basic,565,438,77.5221238938053,362.01141552511416,130.2876712328767,758.5308226152539,280.625964967649,36.99598705825955,153044519.0
523,15,8,smart,574,447,77.87456445993031,445.20581655480987,122.55704697986577,570.145600636067,254.52480297434295,44.64207084828673,530467456.0
524,10,6,basic,568,376,66.19718309859155,568.3909574468086,118.76595744680851,380.8381514751459,207.27476965610472,54.42594678428162,930593199.0
525,5,6,basic,560,268,47.85714285714286,1026.0335820895523,119.66044776119404,191.3838099962313,134.92294763372658,70.49862140187484,534967818.0
526,20,8,basic,564,459,81.38297872340425,344.4945533769063,121.7516339869281,758.2951591374045,278.5094669084885,36.72837200033108,112043825.0
527,20,8,smart,564,472,83.68794326241135,401.7775423728813,125.32627118644068,758.5180876169534,294.7418643756959,38.8575920848098,112043825.0
528,10,4,basic,546,374,68.4981684981685,612.6042780748663,118.28877005347593,380.7805201233672,205.93764048375394,54.08302935692015,272813683.0
529,15,4,basic,548,402,73.35766423357664,475.4228855721393,130.66915422885572,570.132769104189,254.99762109786317,44.72600680338436,8501172.0
530,10,8,basic,547,385,70.38391224862889,599.1688311688312,124.0961038961039,381.5190199729407,221.15602100599796,57.96723346104303,119596844.0
531,20,4,smart,599,497,82.97161936560936,356.2796780684105,132.04828973843058,760.4295137824528,324.6416042687422,42.69187326172313,316514901.0
532,5,4,smart,552,284,51.449275362318836,975.4401408450705,125.80281690140845,191.5230078312561,145.77178170224036,76.1118903430519,316514901.0
533,10,8,basic,589,399,67.74193548387096,679.5814536340852,121.40100250626567,380.8471012083771,212.38185741490759,55.765648928677216,590926899.0
534,10,4,basic,552,374,67.7536231884058,714.1737967914438,120.60160427807487,381.0092500695258,207.36208908771545,54.42442382957275,597572982.0
535,5,6,smart,548,279,50.912408759124084,888.68458781362,119.57347670250896,191.20680557467136,134.83996107567805,70.52048208766266,433448262.0
536,20,4,smart,602,489,81.22923588039868,453.3701431492843,130.6237218813906,759.6995955910959,308.7737517478412,40.64419061689708,671082961.0
537,10,6,smart,599,401,66.9449081803005,619.3017456359103,120.14214463840399,381.5807699844303,218.0858141470648,57.15325071438044,367405145.0
538,15,4,smart,593,441,74.36762225969646,502.9024943310658,129.1814058956916,570.9411494739751,271.30884801972763,47.51958205669577,390126418.0
539,10,6,basic,563,348,61.811722912966246,718.8620689655172,126.14367816091954,380.56465108653015,198.6054838054282,52.18705500849858,708741215.0
540,10,8,smart,595,423,71.09243697478992,583.8936170212766,124.69976359338061,381.82474401498104,237.26155607916678,62.13886339169724,470148314.0
541,20,4,basic,584,481,82.36301369863014,404.77130977130975,130.47817047817048,759.063097766003,302.5343303282553,39.85628220086623,274970204.0
542,15,6,basic,541,392,72.45841035120148,496.41326530612247,131.40561224489795,532.8521148455355,238.14230190452557,44.69200651921197,676261138.0
543,15,6,basic,553,405,73.23688969258589,502.358024691358,124.01481481481481,569.5065922475602,240.7696921554877,42.27689291625038,305489378.0
544,10,8,basic,537,354,65.92178770949721,575.2146892655368,118.75141242937853,380.99215500091515,204.33406826907634,53.632093361236144,738646825.0
545,5,4,basic,547,264,48.263254113345525,916.3939393939394,124.63257575757575,191.46743779144347,143.04780769602695,74.7112978301001,110158532.0
546,20,4,smart,581,486,83.64888123924268,351.7489711934156,131.0514403292181,759.9776216976128,307.3191916172787,40.437926439307425,532925674.0
547,10,6,basic,576,403,69.96527777777779,583.091811414392,122.83126550868487,381.6259103894332,225.93300744307555,59.20274312939612,805309175.0
548,10,8,smart,566,402,71.02473498233216,681.1865671641791,118.40547263681592,381.10194962591225,223.83665969967214,58.734063134389395,112043825.0
549,5,4,smart,576,279,48.4375,1127.336917562724,131.0573476702509,191.27438321647824,142.62948227127794,74.56800010164164,367405145.0
550,5,8,smart,558,283,50.7168458781362,958.660777385159,123.07773851590106,191.4202065700697,145.62302567292545,76.07505408245389,383864777.0
551,5,8,smart,601,287,47.75374376039934,900.801393728223,125.07317073170732,191.44302991727932,147.00149967140467,76.78602858245746,116942809.0
552,15,8,basic,561,391,69.6969696969697,436.9156010230179,118.53964194373401,569.1522827476516,224.75545086594303,39.4895105719174,783435377.0
553,20,6,basic,514,410,79.76653696498055,381.08048780487803,122.40487804878049,757.2372613678772,250.8169426748786,33.12263612355811,112043825.0
554,5,6,smart,526,280,53.2319391634981,996.0607142857143,121.00714285714285,191.2662351932023,133.66188861197034,69.8826368788801,153044519.0
555,15,6,basic,554,380,68.59205776173285,346.35263157894735,117.7578947368421,568.9530758977003,219.07922321229591,38.50567515899802,485221178.0
556,10,4,smart,573,386,67.36474694589877,657.598445595855,127.18911917098445,381.6790021045549,221.9968208488478,58.16322606818053,62156218.0
557,20,6,basic,557,435,78.09694793536805,431.8551724137931,133.08505747126438,757.9179272549434,269.1045894516766,35.50576913074613,305489378.0
558,15,6,basic,549,406,73.95264116575592,579.4162561576354,124.16009852216749,569.2116783091249,234.88121075686695,41.264299329661455,447450854.0
559,5,8,smart,570,276,48.421052631578945,1031.8840579710145,121.03985507246377,191.2971202645316,145.30063070317678,75.95547204382927,456738583.0
560,10,6,smart,576,382,66.31944444444444,610.4921465968587,124.15968586387434,381.5739411257901,211.93703033431663,55.542847006014284,738646825.0
561,5,6,smart,541,261,48.24399260628466,956.4865900383141,134.08045977011494,191.20848808586982,135.69609060651518,70.96760816683798,676261138.0
562,15,8,smart,595,471,79.15966386554622,400.2823779193206,120.4692144373673,570.286410844402,271.84273644775243,47.66775628499458,852052273.0
563,15,8,smart,598,464,77.59197324414716,535.5862068965517,123.92025862068965,570.3462752621995,264.3238477709812,46.34445059704586,116942809.0
564,10,6,smart,515,343,66.60194174757281,568.8950437317784,120.09620991253644,380.97278184143704,197.45569287536313,51.82934379746459,228056230.0
565,15,6,smart,560,425,75.89285714285714,465.94117647058823,126.17411764705882,570.6107154359781,255.32614280910042,44.74611778259669,350929302.0
566,5,6,basic,536,262,48.88059701492538,959.4809160305343,118.29770992366412,191.33161636103333,133.92541196480389,69.99648804100063,62156218.0
567,15,6,smart,546,414,75.82417582417582,529.7270531400966,121.46859903381643,569.7677198201407,246.44974977799197,43.254424777835624,153044519.0
568,20,6,basic,555,440,79.27927927927928,437.39772727272725,123.48863636363636,758.4715937663055,267.2688550255217,35.23782000830878,534967818.0
569,5,6,basic,570,281,49.29824561403508,941.1672597864768,117.45195729537366,191.22408927984083,142.2105806872732,74.36854907916944,930593199.0
570,5,4,basic,558,288,51.61290322580645,950.9791666666666,119.84027777777777,191.33248648565,142.41540118704486,74.43346595389909,112043825.0
571,20,8,basic,543,452,83.24125230202579,373.75221238938053,120.86946902654867,757.5061893391911,262.32895911639054,34.63060273411531,549004394.0
572,20,6,basic,559,435,77.8175313059034,393.56091954022986,123.64597701149425,757.1457276769387,259.5638495110298,34.28188788800527,272813683.0
573,20,8,smart,588,490,83.33333333333334,424.39183673469387,127.00408163265305,758.9074271541344,301.4772562712081,39.72516877344751,884281372.0
574,5,4,smart,578,248,42.90657439446367,867.2741935483871,127.6008064516129,191.05219850434065,132.73283960242017,69.47464653195526,470148314.0
575,20,8,smart,557,453,81.32854578096948,482.54746136865344,123.8167770419426,758.3243094607122,272.57009752630455,35.94373728044466,194642212.0
576,15,6,smart,541,431,79.66728280961183,509.41299303944317,126.5986078886311,570.3456172644909,253.08892436965945,44.37465927826925,755568905.0
577,5,6,smart,566,272,48.0565371024735,937.3970588235294,124.44117647058823,191.56758718117786,143.28477346748787,74.79593785976652,116942809.0
578,15,8,smart,568,442,77.8169014084507,517.893665158371,124.05882352941177,570.88202547753,261.39949296131067,45.7887061241166,572435721.0
579,15,8,basic,577,443,76.77642980935875,438.04966139954854,121.23024830699774,569.971460503115,250.48214138377895,43.94643569744313,358368805.0
580,20,8,basic,548,453,82.66423357664233,352.58057395143487,125.63576158940397,758.0234454512201,271.32593083877174,35.793870554658454,315111282.0
581,5,4,basic,556,268,48.201438848920866,1005.4664179104477,121.55970149253731,191.3831109203715,135.74222970427437,70.92696374903866,433448262.0
582,5,8,basic,558,269,48.2078853046595,914.553903345725,117.30111524163569,191.38057134903516,140.49430962100004,73.4109573561519,383864777.0
583,20,8,basic,522,441,84.48275862068965,392.9591836734694,120.71655328798185,757.3797833716288,258.67620406222613,34.15409412047901,805309175.0
584,5,4,basic,593,254,42.83305227655986,908.8897637795276,123.53149606299213,190.9210749947168,132.14796964847935,69.21602010261893,671082961.0
585,10,4,basic,569,352,61.86291739894551,554.0909090909091,129.27272727272728,380.9071361320766,209.7319194929238,55.06116835264564,8501172.0
586,15,6,basic,587,410,69.84667802385009,365.7390243902439,116.51219512195122,569.3458184987003,231.09215266582032,40.5890664614318,655359215.0
587,10,6,basic,581,364,62.65060240963856,547.5027472527472,116.67857142857143,380.6095745736414,197.55532140034916,51.90497943244083,260244418.0
588,15,8,smart,593,456,76.89713322091062,439.49342105263156,124.37938596491227,570.5825212860814,267.891641715877,46.95055171196879,470148314.0
589,15,8,smart,572,447,78.14685314685315,424.7136465324385,118.07158836689038,570.5717307491703,257.11664067920475,45.06298276320249,601135142.0
590,5,6,smart,497,287,57.74647887323944,1064.121951219512,124.20557491289199,191.05489825393119,138.7651127393248,72.63101548691623,316514901.0
591,10,8,smart,598,425,71.07023411371237,690.2729411764706,120.80235294117647,381.60361511173306,228.64216980758854,59.91614354613554,116942809.0
592,5,6,smart,537,273,50.83798882681564,893.1135531135532,122.9084249084249,191.09503824937053,144.47097922266744,75.60163808865578,447450854.0
593,20,6,smart,565,479,84.77876106194691,350.544885177453,127.16283924843424,759.646358120184,309.33017813187587,40.720287121147045,532925674.0
594,20,6,basic,554,423,76.3537906137184,382.2789598108747,126.47517730496453,757.7248583866034,254.7763542985397,33.623861152058005,442685285.0
595,15,8,basic,560,432,77.14285714285715,563.8078703703703,124.45833333333333,570.3133486172934,258.2671498493693,45.28513149403389,383864777.0
596,20,4,smart,578,487,84.2560553633218,398.1211498973306,131.2135523613963,759.2576543108812,309.45684832847576,40.75781739854116,456738583.0
597,15,4,smart,532,402,75.56390977443608,475.863184079602,126.07462686567165,570.5820545391739,250.92790785850787,43.977532392105786,48265950.0
598,5,6,basic,537,268,49.906890130353815,1120.9291044776119,126.94402985074628,191.15604467394513,133.42731172787092,69.80020535341055,530467456.0
599,5,8,basic,593,283,47.72344013490725,905.1024734982332,112.41342756183745,191.0913134081599,139.94777774410824,73.23607507222893,485221178.0
600,20,8,basic,557,432,77.55834829443447,440.43981481481484,123.71064814814815,757.4896720575036,247.61679327766203,32.68913127291649,194642212.0
601,15,4,smart,555,448,80.72072072072072,532.0982142857143,129.04241071428572,570.906154462714,270.4088175445721,47.36484541825561,783435377.0
602,5,4,smart,542,265,48.8929889298893,863.2981132075472,117.58490566037736,191.10490478830812,135.39361956905773,70.8477993900977,755568905.0
603,15,8,basic,547,404,73.85740402193784,460.7029702970297,122.49752475247524,568.9890653661379,238.31151199130306,41.88332017205855,948896778.0
604,20,6,basic,549,432,78.68852459016394,386.4699074074074,124.0,740.0070519063057,262.7058290635552,35.50044940609797,447450854.0
605,15,6,basic,505,374,74.05940594059406,479.1898395721925,121.8048128342246,569.0617227804838,225.86380329730406,39.69056330018375,158944640.0
606,10,4,basic,575,364,63.30434782608696,619.1483516483516,121.06318681318682,380.94070508923903,200.27652512083512,52.57419919825013,48265950.0
607,15,8,smart,561,416,74.15329768270945,456.49278846153845,119.98557692307692,569.5729656030653,235.7244778485597,41.38617737921849,783435377.0
608,15,4,basic,550,417,75.81818181818181,470.6546762589928,125.32613908872902,570.1584164636455,252.74918792759092,44.329642539567196,549004394.0
609,10,8,smart,547,403,73.6745886654479,638.258064516129,124.06451612903226,381.98512953630205,232.2507398027747,60.800989840810715,119596844.0
610,10,8,basic,556,388,69.7841726618705,594.8917525773196,126.01288659793815,381.31886122476067,225.33483299496652,59.09354503766533,708741215.0
611,10,6,basic,523,358,68.45124282982792,681.804469273743,127.41340782122904,380.7399242048643,201.00067837767358,52.79212018478036,671082961.0
612,10,8,smart,584,414,70.8904109589041,733.2004830917874,123.79468599033817,381.1220683295904,221.35739877088824,58.0804464409709,362523190.0
613,15,6,basic,581,417,71.77280550774526,501.947242206235,119.24460431654676,569.4499184584555,234.6417837391077,41.204990313160636,194642212.0
614,15,4,smart,595,437,73.44537815126051,469.21967963386726,130.21052631578948,570.3337102263064,262.21415226063283,45.97556615697628,260244418.0
615,10,4,smart,574,387,67.42160278745645,650.7545219638243,124.33074935400516,381.9506943225292,222.9171476174649,58.36280727617367,362523190.0
616,5,4,smart,507,264,52.071005917159766,1064.5,120.68560606060606,191.28011481271656,135.1830710939723,70.67283038089496,655359215.0
617,15,4,basic,564,432,76.59574468085107,500.85185185185185,127.02083333333333,570.4488553025639,267.15337394421573,46.83213428529339,119596844.0
618,15,6,smart,555,428,77.11711711711712,450.8014018691589,124.29906542056075,570.6202863987032,251.03556113349623,43.993451883358546,481403749.0
619,20,4,basic,556,464,83.45323741007195,408.0948275862069,129.94612068965517,758.4805770984863,292.6514068423377,38.58390256502743,878640559.0
620,5,8,basic,531,257,48.39924670433145,951.6692607003891,114.82879377431907,191.05507291785614,132.11628216522072,69.15088939932203,187959148.0
621,5,4,basic,580,284,48.96551724137931,1025.2957746478874,123.06338028169014,191.57966123014737,143.80586649619323,75.06322204184148,362523190.0
622,20,6,basic,528,434,82.1969696969697,319.51612903225805,125.07834101382488,757.8000022710228,258.6898005401696,34.13694903205486,268048516.0
623,15,8,smart,568,451,79.40140845070422,469.25942350332593,124.5609756097561,570.4267225973764,269.6644530517205,47.274162020992385,655359215.0
624,15,8,smart,565,445,78.76106194690266,485.51460674157306,120.12584269662922,570.2149913242388,259.60928933853756,45.52831708889904,292906152.0
625,20,6,basic,541,435,80.40665434380776,418.64367816091954,128.68965517241378,757.7750716345473,266.483919130121,35.16662517748253,8501172.0
626,15,6,basic,560,410,73.21428571428571,426.99024390243903,125.50487804878048,570.2771525061089,244.11678599317045,42.80669231099092,350929302.0
627,20,4,basic,578,455,78.719723183391,417.23296703296705,124.46813186813186,758.6383784831813,279.0715016426562,36.78584020500395,456738583.0
628,5,4,basic,557,281,50.44883303411131,1240.7544483985764,129.864768683274,191.24585623479442,143.9256935492892,75.256895172981,783435377.0
629,15,6,basic,521,387,74.28023032629558,439.3488372093023,122.42377260981912,569.8060890732527,230.00911496696293,40.36620867654393,671082961.0
630,15,4,basic,533,388,72.79549718574108,490.14690721649487,126.30927835051547,569.7189149153688,239.40495849754288,42.0215920921471,676261138.0
631,15,6,basic,566,400,70.6713780918728,509.99,116.8625,569.1414069036649,221.15044267337197,38.856853497360234,187959148.0
632,15,6,smart,521,391,75.04798464491363,418.0869565217391,123.7237851662404,569.8658450463536,236.86473751677278,41.56499982860105,671082961.0
633,10,6,basic,577,367,63.60485268630849,592.3978201634877,120.04359673024523,381.0759732451897,204.96721186098134,53.78644319018836,481403749.0
634,5,6,basic,514,260,50.583657587548636,1002.1,120.47307692307692,191.30636905899874,139.69906768047295,73.02374111621441,158944640.0
635,15,6,smart,565,437,77.34513274336283,493.1716247139588,125.94050343249428,570.0668004344752,257.3484223626991,45.14355548622751,597572982.0
636,10,6,smart,573,373,65.09598603839441,651.1528150134048,127.76943699731903,381.6420632870942,219.81066528979295,57.59602686259405,460669441.0
637,10,6,basic,546,359,65.75091575091575,665.7966573816155,119.24791086350974,380.60636233856616,198.84986165940563,52.24554325303682,153044519.0
638,15,8,basic,574,433,75.43554006968641,438.49422632794455,118.77598152424942,570.3065142762416,249.40517467225297,43.731777286248494,530467456.0
639,15,8,basic,588,427,72.61904761904762,404.04918032786884,115.96252927400468,569.6049050975333,243.1232754772453,42.682791756439556,590926899.0
640,15,4,smart,550,417,75.81818181818181,505.5011990407674,128.78177458033574,571.0542438403721,257.3733911338586,45.069867514337695,708741215.0
641,10,8,smart,597,409,68.50921273031825,533.8508557457212,118.47921760391198,381.4447096842552,228.97091788020654,60.02728890112006,852052273.0
642,5,4,smart,557,285,51.16696588868941,1077.361403508772,126.74035087719298,191.30130621755967,145.02541150535052,75.80994315868323,783435377.0
643,5,6,smart,585,296,50.598290598290596,1054.706081081081,121.8141891891892,191.14294951138024,145.12253932305023,75.92356385314122,481660159.0
644,20,8,basic,602,458,76.0797342192691,334.57860262008734,120.61572052401746,757.9031175006949,272.80420191511666,35.994600842219995,228056230.0
645,5,4,smart,574,272,47.386759581881535,972.2426470588235,122.61764705882354,191.37510857834621,143.23318454575536,74.84420811555948,153354925.0
646,5,8,smart,616,284,46.103896103896105,977.0070422535211,114.8556338028169,191.13408641214116,140.63863321191363,73.58113659991315,48265950.0
647,20,4,smart,549,468,85.24590163934425,370.45940170940173,128.43803418803418,759.5406529255396,295.2262936712607,38.869057572380235,34346284.0
648,20,6,smart,519,424,81.69556840077071,331.92216981132077,132.42216981132074,759.0303716918202,273.7050503758262,36.05982851065086,110158532.0
649,5,8,smart,580,291,50.172413793103445,1088.2886597938145,120.893470790378,191.65861392148864,145.38541471782514,75.85644691001525,274970204.0
650,15,8,basic,582,455,78.1786941580756,450.96043956043957,120.34285714285714,570.2013289724526,259.77957158110473,45.55927150314571,534967818.0
651,15,4,basic,570,424,74.3859649122807,530.4622641509434,127.49764150943396,570.2775258087635,256.82022419817594,45.034253074230016,922285065.0
652,10,4,basic,558,374,67.02508960573476,569.663101604278,119.52139037433155,381.3748749219191,210.84665201728782,55.28593147633429,173249261.0
653,20,8,basic,555,432,77.83783783783784,337.44675925925924,122.92361111111111,758.1439002617154,265.56082192019306,35.027759483195744,460669441.0
654,10,4,smart,599,372,62.10350584307178,731.8924731182796,129.78763440860214,381.29386169062906,220.8527489825297,57.9219261498952,470148314.0
655,20,6,smart,563,460,81.70515097690941,379.2717391304348,128.2413043478261,758.3215276315433,282.66298922607854,37.27482063036197,653495709.0
656,15,4,smart,580,433,74.6551724137931,411.6928406466513,123.364896073903,570.8794816198752,264.66259471428657,46.360502213760476,456738583.0
657,20,8,smart,581,473,81.41135972461274,389.19027484143766,123.35940803382664,758.723522403671,286.4287265333333,37.75139666500834,173249261.0
658,10,4,smart,556,382,68.70503597122301,672.1675392670157,123.86910994764398,381.25889258870455,216.1303240609385,56.6885988136403,783435377.0
659,15,4,basic,546,422,77.2893772893773,508.2962085308057,128.48578199052133,570.0738059263086,257.80646278239107,45.22334829320622,110158532.0
660,20,6,basic,512,388,75.78125,366.61340206185565,127.55670103092784,757.2361074954486,238.2111755725461,31.457978986293632,228056230.0
661,20,8,basic,560,456,81.42857142857143,394.9188596491228,120.45394736842105,758.174983788308,270.00254614493167,35.61216762861695,930593199.0
662,20,6,basic,561,443,78.96613190730838,379.36568848758463,126.29345372460497,757.7851504235779,272.69527080800634,35.98582931528526,116942809.0
663,5,4,basic,550,260,47.27272727272727,963.723076923077,121.51923076923077,191.04915804319816,133.4873039172235,69.87065804657493,442685285.0
664,5,6,basic,547,261,47.714808043875685,986.4789272030652,122.48275862068965,191.29450276900565,130.0374081390502,67.97759802647053,358368805.0
665,5,8,basic,577,288,49.91334488734835,1029.7916666666667,119.71875,191.6260026067713,143.28883978506542,74.77525901278815,530467456.0
666,10,6,basic,597,379,63.484087102177554,558.4459102902375,122.2664907651715,381.3726710813333,211.2904483021956,55.40261909777349,922285065.0
667,15,4,basic,560,404,72.14285714285714,458.2004950495049,123.43316831683168,569.098495926225,236.77500454127815,41.60527680817705,852052273.0
668,20,4,smart,554,476,85.92057761732852,405.7226890756302,133.36974789915968,759.0210558193398,305.1079211105527,40.197556941447175,783435377.0
669,10,4,basic,561,354,63.101604278074866,625.5310734463277,124.33333333333333,380.96284915857325,207.28674903574066,54.41127645217156,948896778.0
670,20,4,basic,580,441,76.0344827586207,378.73015873015873,125.93650793650794,758.1836917859641,275.27440658093883,36.3070862065771,153354925.0
671,5,4,basic,507,256,50.4930966469428,1024.42578125,118.0234375,191.40055672891012,132.73920851955205,69.3515268649699,655359215.0
672,5,4,smart,533,260,48.78048780487805,884.2115384615385,119.95384615384616,191.21089951603102,135.72551460374072,70.98210141120201,485221178.0
673,10,4,smart,578,390,67.47404844290658,635.1769230769231,128.77435897435896,382.0175554298152,231.70644349772448,60.65334961819416,119596844.0
674,5,4,smart,557,259,46.49910233393178,865.096525096525,129.1196911196911,191.42174363958577,139.03448932990918,72.63254773798697,481403749.0
675,5,4,smart,583,286,49.056603773584904,1005.6643356643357,125.23776223776224,191.32096294498928,145.78769676257303,76.20058697095912,530467456.0
676,5,8,basic,581,277,47.67641996557659,920.4043321299639,118.16606498194946,190.85676320307874,134.58780950026784,70.51770513212642,878640559.0
677,5,6,basic,554,275,49.63898916967509,1016.0254545454545,121.00727272727272,191.2255922014381,137.4028503109488,71.85379777315993,481403749.0
678,5,8,basic,543,272,50.09208103130756,1093.985294117647,121.47058823529412,191.06338069051054,133.61927476553592,69.93452867976619,228056230.0
679,15,8,smart,579,439,75.82037996545769,426.41913439635533,123.47152619589977,570.3038199531738,256.53964882859003,44.98297922143566,315111282.0
680,15,6,basic,544,388,71.32352941176471,456.0257731958763,119.8659793814433,569.0305110876874,219.9529189934376,38.65397631719312,362523190.0
681,5,6,smart,559,269,48.1216457960644,978.1784386617101,127.85873605947955,191.24938356447797,140.004124634404,73.20500700448162,485221178.0
682,20,8,basic,578,446,77.16262975778547,403.1591928251121,119.94618834080717,757.412930616119,256.62293106021644,33.881509106461394,153354925.0
683,20,6,smart,545,435,79.81651376146789,419.75172413793103,129.53563218390804,758.8220928766068,281.87360790150893,37.14620469640765,979009661.0
684,10,4,smart,571,400,70.05253940455341,581.9975,126.215,381.7503940048183,225.15446792973302,58.979498506265124,738646825.0
685,15,8,smart,533,432,81.05065666041276,513.2523148148148,121.39351851851852,570.3898074683997,256.06154446902127,44.89237730342989,755568905.0
686,5,4,basic,561,281,50.08912655971479,1022.982206405694,122.06049822064057,191.19384171165737,144.13589327880612,75.38730954325395,852052273.0
687,20,4,smart,610,499,81.8032786885246,311.1182364729459,127.14228456913828,759.5980450503821,319.4720921772911,42.058045601749974,116942809.0
688,5,6,smart,548,290,52.919708029197075,954.0,116.34827586206896,191.05758445443539,135.15626046857165,70.74111234814893,532925674.0
689,20,6,smart,557,443,79.53321364452424,370.55981941309255,129.9255079006772,759.0363910462436,278.24751090878203,36.657993502162675,305489378.0
690,20,8,smart,577,495,85.78856152512998,330.2141414141414,126.07474747474747,759.2449109967309,307.76627359091486,40.535836214810004,268048516.0
691,5,6,basic,568,274,48.23943661971831,865.2408759124088,115.31021897810218,190.8617388319787,132.9168477895021,69.64038397790809,720265055.0
692,20,8,basic,534,431,80.71161048689139,353.262180974478,124.70069605568446,757.5899873699594,262.6651925870545,34.671154181818046,738646825.0
693,5,4,smart,590,272,46.101694915254235,834.6066176470588,119.50735294117646,191.30834872264325,136.82895864026418,71.52273256962629,533011683.0
694,20,6,basic,541,402,74.3068391866913,353.4303482587065,128.0820895522388,757.8403607319462,250.78510129729236,33.09207509812174,783435377.0
695,20,8,basic,539,442,82.00371057513914,402.93891402714934,120.34615384615384,758.2298156939978,265.65094127975874,35.03567596278339,671082961.0
696,20,8,smart,566,475,83.92226148409894,430.5810526315789,125.52842105263159,759.2499323742987,295.966352681421,38.98141311068488,447450854.0
697,5,8,smart,591,292,49.407783417935704,939.4417808219179,117.40753424657534,191.49028036464458,141.40951155952735,73.84683509275189,590926899.0
698,10,6,smart,536,378,70.52238805970148,679.6507936507936,127.60317460317461,381.7521665049338,220.2136054440063,57.684965473839746,70952804.0
699,20,6,smart,520,435,83.65384615384616,328.167816091954,127.2367816091954,757.9070870304035,273.23516842995764,36.0512750316843,433498721.0
700,20,4,basic,544,435,79.96323529411765,377.7011494252874,132.38390804597702,758.5063980629477,278.18704194372265,36.67563551924531,383864777.0
701,15,6,basic,546,397,72.7106227106227,480.3249370277078,119.54911838790932,568.8886650914081,224.38840985240387,39.44329068612212,153044519.0
702,20,8,basic,572,461,80.5944055944056,354.2646420824295,121.67028199566161,758.7429828678833,277.06093532182103,36.515782231631455,358368805.0
703,15,4,basic,562,412,73.30960854092527,482.6043689320388,128.78883495145632,570.0791933205704,252.75433718562323,44.33670622381282,228056230.0
704,5,6,basic,580,285,49.137931034482754,956.4842105263158,123.58947368421053,191.3176453313003,140.42798743587386,73.40043684559151,390126418.0
705,20,8,smart,522,451,86.39846743295018,347.68957871396896,123.18847006651885,758.4289492739038,276.70350954535917,36.48377475705094,805309175.0
706,10,4,basic,559,375,67.08407871198568,667.4666666666667,124.53866666666667,381.3581269077892,214.44143843754236,56.230986914143664,433448262.0
707,15,6,basic,565,415,73.45132743362832,401.39518072289155,124.02409638554217,570.0036589730342,244.71008058608274,42.93131749837759,653495709.0
708,10,4,basic,572,361,63.11188811188811,619.831024930748,121.37673130193906,380.79413917573714,204.4267400424059,53.684318903884865,433498721.0
709,10,8,basic,593,384,64.75548060708263,563.1458333333334,120.6640625,381.33891206614356,218.7260385319941,57.35738777532775,8501172.0
710,5,4,smart,603,294,48.756218905472636,1036.1156462585034,123.48639455782313,191.55522191003524,148.48871009457193,77.51744307148688,358368805.0
711,20,6,smart,536,449,83.76865671641791,364.7037861915367,132.1826280623608,758.6619813657558,289.2726854205472,38.129324063371904,878640559.0
712,10,8,smart,520,362,69.61538461538461,651.3370165745856,122.28729281767956,381.1211959569557,210.441125821651,55.216326998884234,110158532.0
713,5,8,smart,570,292,51.2280701754386,903.6232876712329,135.23287671232876,191.7777736640696,150.36657363128285,78.4066739113755,676261138.0
714,20,8,basic,567,459,80.95238095238095,393.6165577342048,123.00871459694989,758.3007748127827,282.3338875258095,37.23244086035848,708741215.0
715,20,6,basic,571,419,73.38003502626971,366.8568019093079,118.20525059665871,757.0036350486449,244.24473654720094,32.264671560197435,738646825.0
716,5,6,basic,516,248,48.06201550387597,1042.7217741935483,121.56854838709677,191.28058203104953,131.1678453148774,68.5735289605014,228056230.0
717,10,4,basic,568,354,62.323943661971825,685.2655367231638,125.72033898305085,381.0115298448594,203.35221178356989,53.371668796052184,447450854.0
718,5,4,basic,562,265,47.15302491103203,1039.9245283018868,126.66415094339622,191.10967809199252,133.2394805985713,69.71885564813476,979009661.0
719,10,8,smart,532,352,66.16541353383458,688.8778409090909,118.88352272727273,380.378292408194,195.54706328931968,51.40857593405277,442685285.0
720,10,4,basic,556,366,65.82733812949641,627.1448087431694,121.72950819672131,380.72012018271926,207.34824366883961,54.46211867377192,783435377.0
721,5,4,basic,561,286,50.98039215686274,1079.7202797202797,127.04895104895105,191.3649677672636,146.5952643802316,76.60506836262711,922285065.0
722,10,8,basic,591,377,63.7901861252115,614.5172413793103,116.51193633952255,380.83080852762436,209.1587438430309,54.92169728906246,485221178.0
723,10,8,basic,578,401,69.37716262975778,597.8304239401497,117.2718204488778,381.3629476965826,215.17088673315433,56.421550135580326,433448262.0
724,10,4,basic,517,331,64.02321083172147,463.4471299093656,116.60725075528701,379.95245273521783,182.53530191025555,48.04161694343929,158944640.0
725,20,6,smart,574,436,75.9581881533101,351.54357798165137,127.90825688073394,759.3084547424298,282.2763266102794,37.175448903177596,260244418.0
726,10,4,basic,533,346,64.9155722326454,680.2514450867052,124.77167630057804,380.88084927450006,204.34730128325708,53.6512407154355,676261138.0
727,15,6,basic,543,408,75.13812154696133,398.16911764705884,119.30147058823529,569.3235453275933,236.43257388082475,41.52868361430223,930593199.0
728,20,4,smart,568,467,82.21830985915493,355.26338329764457,132.04282655246251,759.9502070232301,308.3639170725764,40.57685809185527,738646825.0
729,5,6,smart,553,272,49.186256781193485,1150.985294117647,121.76838235294117,191.2151570183247,132.68129697241181,69.38848313143741,292906152.0
730,20,6,smart,586,474,80.88737201365188,331.42616033755274,126.18565400843882,758.7988948549068,288.0778002624363,37.964973620252955,390126418.0
731,20,4,basic,537,400,74.487895716946,318.0325,124.2325,757.1067008657694,248.12245090744057,32.772454744318956,755568905.0
732,20,8,basic,545,449,82.38532110091742,457.6926503340757,128.01559020044544,758.0021571547287,276.35550874475064,36.45840663331239,158944640.0
733,5,8,basic,616,288,46.75324675324675,958.4131944444445,109.45486111111111,190.83764777041074,136.50260374264198,71.52813154921238,48265950.0
734,10,6,basic,579,377,65.11226252158895,675.3129973474801,125.56498673740053,381.3555372739052,216.9730624127185,56.89521750850559,305489378.0
735,10,6,basic,544,361,66.36029411764706,577.4404432132964,119.97783933518005,380.875971404906,208.12293728654885,54.643231107192925,755568905.0
736,20,6,smart,543,462,85.0828729281768,334.012987012987,129.65367965367966,758.4968228095721,291.8195083735894,38.47339891189676,948896778.0
737,20,8,smart,556,449,80.75539568345323,340.57238307349667,124.14253897550111,758.3850873249687,276.4935432002612,36.45819885192224,533011683.0
738,15,4,smart,560,433,77.32142857142857,431.43187066974593,128.2771362586605,570.6762934907017,263.4392520600652,46.16264159996293,852052273.0
739,10,6,smart,563,355,63.05506216696269,734.0338028169014,121.0507042253521,381.00544417686564,201.85275311944943,52.97896820228842,708741215.0
740,10,6,smart,576,402,69.79166666666666,590.9278606965174,122.79353233830845,381.50464911108276,223.9644605118935,58.7055651965808,805309175.0
741,15,8,basic,564,431,76.41843971631207,480.12064965197214,116.29234338747099,569.80058769251,248.2757441504335,43.57239173021251,112043825.0
742,15,8,smart,544,421,77.38970588235294,511.9144893111639,122.4893111638955,570.0995303455478,251.75151068103494,44.15922085191751,194642212.0
743,20,6,smart,560,440,78.57142857142857,370.4022727272727,128.42727272727274,759.3320643706289,284.79116275038473,37.505483583975,708741215.0
744,10,4,smart,588,383,65.1360544217687,638.2558746736293,126.44647519582246,381.6871038723425,217.8913147328026,57.08637062196308,533011683.0
745,5,8,basic,571,278,48.68651488616462,963.3273381294964,119.4748201438849,191.21388739798135,139.57335306338373,72.99331390762636,315111282.0
746,15,4,basic,548,403,73.54014598540147,467.14143920595535,130.4863523573201,570.1350534696464,249.13617038848543,43.69774650275019,187959148.0
747,15,8,smart,567,451,79.54144620811287,491.4745011086475,122.44124168514412,570.3690935333456,261.7579577057738,45.89273168435985,597572982.0
748,5,6,basic,566,276,48.76325088339223,1077.858695652174,126.47463768115942,191.2052221575119,139.72818139673672,73.07759684598508,116942809.0
749,10,8,basic,563,358,63.58792184724689,677.3240223463687,119.04748603351955,380.32792158597397,198.85234383637885,52.28444522483681,948896778.0
750,10,8,basic,575,383,66.6086956521739,668.7310704960836,117.1644908616188,381.3622443056436,207.59139635283168,54.43417628580377,530467456.0
751,20,6,smart,572,474,82.86713286713287,360.13502109704643,129.92616033755274,759.4939388671337,299.28135586313175,39.40536461812215,590926899.0
752,15,4,smart,562,426,75.80071174377224,492.9107981220657,126.01877934272301,570.46507369745,257.24662895784337,45.09419433700088,770142391.0
753,10,8,basic,583,363,62.264150943396224,565.9449035812672,113.14876033057851,380.5975674122098,197.39423890476024,51.86429336553551,153354925.0
754,20,4,basic,575,470,81.73913043478261,389.163829787234,126.73617021276596,758.8321104280972,293.2584844175079,38.64602991721915,653495709.0
755,20,6,smart,564,461,81.73758865248227,451.11930585683297,127.32971800433839,759.2315904133864,283.4445887564612,37.3330868124351,187959148.0
756,5,4,basic,563,255,45.293072824156305,1009.7450980392157,123.73725490196078,191.52193869031697,137.44007462887123,71.76205272812433,447450854.0
757,5,6,basic,565,270,47.78761061946903,1009.6925925925926,121.91111111111111,191.32815109946986,136.62171929649858,71.40701381966008,708741215.0
758,15,8,basic,587,447,76.14991482112437,470.7427293064877,119.45413870246085,569.8419614609542,259.23602709211696,45.49261806334701,316514901.0
759,20,4,basic,589,457,77.58913412563668,405.4835886214442,131.36105032822758,758.5512188662358,289.8493074702151,38.21090788087279,390126418.0
760,20,8,smart,592,489,82.60135135135135,324.1431492842536,122.64621676891616,758.9878258080189,299.0535935548764,39.40163246182556,852052273.0
761,10,8,basic,595,400,67.22689075630252,565.01,118.8875,380.95868961593226,219.52605755845687,57.62463583119065,470148314.0
762,10,4,smart,534,398,74.53183520599251,684.8768844221106,127.12311557788945,382.07588993605845,233.2088725288862,61.03731710679635,481660159.0
763,5,4,basic,567,297,52.38095238095239,960.6565656565657,122.82828282828282,191.42862289113467,145.77989336466365,76.15365516554364,653495709.0
764,5,4,basic,542,266,49.07749077490775,1086.3045112781954,127.37218045112782,191.04291450887717,137.17290729311762,71.80214332772002,930593199.0
765,20,8,basic,569,463,81.37082601054482,317.40172786177106,116.99784017278618,757.8913387432125,268.0780578350534,35.371569000854244,70952804.0
766,5,6,basic,533,264,49.530956848030016,867.2954545454545,119.97348484848484,191.2461386036314,135.15921901005373,70.67291397196728,268048516.0
767,20,6,basic,545,409,75.04587155963303,397.6723716381418,125.21760391198045,757.862441845875,254.37205383257248,33.564409553403316,979009661.0
768,15,8,smart,529,427,80.71833648393195,429.9578454332553,121.16861826697892,570.0590673585644,252.09225638581478,44.22212904250674,158944640.0
769,15,8,smart,595,457,76.80672268907564,424.87527352297593,124.86433260393873,571.2750853194816,276.32452871193425,48.369784682173155,720265055.0
770,5,8,smart,571,279,48.86164623467601,1017.5268817204301,123.3584229390681,191.31898885605983,142.79211366083806,74.63562007860531,315111282.0
771,20,8,smart,581,480,82.61617900172116,387.99791666666664,123.35833333333333,758.8864410636121,290.34409981049134,38.25922879891773,362523190.0
772,20,6,smart,561,454,80.92691622103388,353.0726872246696,123.28414096916299,758.2814392917003,267.68729349209434,35.301839082615174,34346284.0
773,10,8,smart,589,397,67.40237691001698,659.8992443324937,118.88664987405542,381.37071435642633,217.68508489793453,57.079654179866466,590926899.0
774,5,4,smart,535,253,47.28971962616823,1003.8102766798419,121.52569169960475,191.40618463883288,135.44137470134476,70.76123217069033,676261138.0
775,15,6,smart,559,423,75.67084078711986,478.59810874704493,127.39716312056737,570.1279902327734,254.42613314756454,44.626143165447246,456738583.0
776,5,6,smart,534,283,52.99625468164793,1127.6643109540637,125.86219081272085,191.2036280968117,140.59627770962356,73.53222274549924,274970204.0
777,20,8,smart,575,455,79.13043478260869,365.52967032967035,123.3912087912088,759.2270874691814,283.3675491370515,37.32316112187633,274970204.0
778,5,6,basic,513,251,48.927875243664715,1034.8525896414342,123.26294820717132,191.45902759483374,132.75946232673346,69.34092583384445,572435721.0
779,10,6,basic,515,336,65.24271844660194,677.7083333333334,120.9047619047619,380.66789144131036,190.20311549770253,49.965631400521524,315111282.0
780,20,4,smart,558,482,86.37992831541219,374.0207468879668,129.92116182572613,759.4811830632012,297.60001497724045,39.184646257717134,549004394.0
781,10,4,basic,549,325,59.19854280510018,606.9723076923077,114.6923076923077,342.628429364974,178.62376585903533,52.13337556083593,442685285.0
782,20,8,smart,574,480,83.62369337979094,375.33958333333334,127.13333333333334,759.1820780988747,310.7564762895728,40.93306273348306,979009661.0
783,20,6,smart,595,490,82.35294117647058,337.61632653061224,124.65510204081633,759.3903518549461,302.06440985100755,39.777225127124865,367405145.0
784,15,8,basic,568,427,75.17605633802818,460.3395784543325,120.87822014051523,569.6043905618271,246.5164542530396,43.2785382868782,447450854.0
785,10,4,smart,568,394,69.36619718309859,671.4543147208121,123.41878172588832,381.16598435326773,220.08704635841923,57.74047406980597,852052273.0
786,10,4,basic,596,389,65.26845637583892,667.8868894601543,133.75321336760925,382.02688391373056,232.5580448302421,60.87478515851215,70952804.0
787,15,8,smart,594,440,74.07407407407408,475.1909090909091,121.94318181818181,569.9129618861376,256.054834812836,44.92876139637493,272813683.0
788,20,6,basic,543,425,78.26887661141805,316.4164705882353,123.04235294117647,757.7423511362903,257.3981602987673,33.969087238265075,433448262.0
789,20,4,basic,586,481,82.08191126279864,445.987525987526,131.6237006237006,758.6506008242139,288.35966624128224,38.009548259502104,534967818.0
790,10,6,smart,549,355,64.66302367941712,588.4901408450704,120.68169014084508,380.7834295456177,199.46470605050635,52.38271693926496,720265055.0
791,10,6,smart,564,392,69.50354609929079,718.280612244898,120.59693877551021,381.1307729963573,213.51623949142046,56.02177903736501,770142391.0
792,5,4,smart,553,293,52.98372513562387,1058.8668941979522,122.71672354948805,191.2484718388194,141.55262360262378,74.01503512243573,272813683.0
793,15,8,basic,576,456,79.16666666666666,474.9736842105263,119.00877192982456,570.0727677441179,258.3163794571435,45.31287829786162,433448262.0
794,15,4,smart,550,436,79.27272727272727,557.9151376146789,124.84862385321101,570.3424939941942,262.3272360332068,45.994685438233745,597572982.0
795,20,8,basic,590,463,78.47457627118644,373.2526997840173,124.54427645788337,758.5445572278754,289.8011799209601,38.20489873133458,8501172.0
796,5,8,smart,550,270,49.09090909090909,901.6925925925926,121.8037037037037,191.25301437515216,136.48239173741172,71.36221731370719,350929302.0
797,10,4,smart,545,362,66.42201834862385,589.3480662983426,128.45027624309392,381.5676810783351,210.51318048095013,55.17060037318312,481403749.0
798,15,6,smart,521,405,77.73512476007679,447.57283950617284,130.29382716049383,570.1453554459116,249.71464789383515,43.7984183346601,110158532.0
799,5,6,smart,537,271,50.46554934823091,975.8413284132841,124.98154981549816,191.44165210484837,137.0938832370117,71.6113143246008,530467456.0
800,20,4,smart,598,503,84.11371237458194,422.506958250497,127.81709741550696,759.5521864672326,304.9114482664388,40.14358113885738,358368805.0
801,15,6,basic,529,384,72.5897920604915,365.6875,119.00520833333333,569.3570466260105,225.01269639437086,39.52049030178656,268048516.0
802,15,4,basic,579,438,75.64766839378238,483.50228310502285,123.73059360730593,570.6916947775038,255.73207002985137,44.8108974372851,653495709.0
803,5,8,smart,571,278,48.68651488616462,971.3453237410072,126.85251798561151,191.28930742696457,142.77714677449546,74.63937670902419,447450854.0
804,15,8,basic,529,407,76.93761814744802,414.13513513513516,120.26289926289927,568.9162776046905,236.0872520882511,41.49771440575576,158944640.0
805,5,8,basic,580,293,50.51724137931034,977.0955631399318,124.2901023890785,191.18878921525027,142.39311910472594,74.47775556777671,481403749.0
806,10,8,basic,533,351,65.85365853658537,673.05698005698,120.5071225071225,380.88053150521137,198.2972043170016,52.06283543381593,783435377.0
807,10,4,smart,577,388,67.24436741767764,744.8376288659794,131.23969072164948,381.7218176084199,224.8773247795822,58.91131038526783,367405145.0
808,15,4,smart,569,438,76.97715289982425,549.8744292237443,135.96803652968038,571.220385157486,282.95276645323395,49.534780936647344,720265055.0
809,5,6,basic,575,290,50.43478260869565,1010.2310344827587,123.04482758620689,191.0821220754672,136.5652962073374,71.46942619435713,597572982.0
810,10,4,basic,546,361,66.11721611721612,617.8365650969529,132.24930747922437,381.4989828504913,213.7308779933024,56.02397060048339,110158532.0
811,15,4,smart,537,434,80.8193668528864,397.2857142857143,134.65668202764977,570.6816445532272,267.4842936992268,46.8710175370427,590926899.0
812,15,4,smart,506,392,77.4703557312253,528.9260204081633,128.78316326530611,570.7205289844675,243.43942330896644,42.65475148443307,655359215.0
813,5,8,smart,585,284,48.547008547008545,1056.3838028169014,129.1161971830986,192.13683079992742,147.49792773835858,76.76712846999573,534967818.0
814,20,6,basic,610,456,74.75409836065575,446.08991228070175,124.1140350877193,758.4094905099014,275.5604485204642,36.333992647586285,884281372.0
815,20,4,smart,566,454,80.21201413427562,367.8942731277533,135.81057268722466,759.7643051200209,312.65328969394346,41.15135280599333,8501172.0
816,15,8,basic,544,386,70.95588235294117,402.0621761658031,124.89378238341969,569.5813983561953,236.18842626642956,41.46701892794715,390126418.0
817,15,8,basic,553,420,75.9493670886076,479.49285714285713,119.95,569.7966238085162,246.18635153719796,43.206003905690125,708741215.0
818,15,8,basic,533,404,75.79737335834896,481.2227722772277,122.79455445544555,568.8859879190836,236.1208735503539,41.50583395700351,805309175.0
819,5,8,basic,547,290,53.016453382084094,853.0862068965517,112.13448275862069,190.8930678405536,134.42237154750654,70.4176286064955,70952804.0
820,20,8,smart,576,467,81.07638888888889,311.65524625267665,127.07922912205568,759.2642018712644,294.0197038492795,38.724294273935946,878640559.0
821,5,8,basic,550,278,50.54545454545455,1040.7517985611512,120.29856115107914,191.48034594650994,143.09561006624818,74.73122599549824,158944640.0
822,5,6,smart,577,278,48.18024263431543,821.0539568345324,124.23381294964028,191.5946395263718,144.0053137241173,75.1614523663622,153354925.0
823,20,4,basic,554,444,80.14440433212997,440.73198198198196,128.27477477477478,758.0058098345866,269.2571482453401,35.52177895629822,268048516.0
824,5,8,smart,556,281,50.53956834532374,940.6049822064057,125.08540925266904,191.3517941806356,142.7467773639558,74.59913191574427,708741215.0
825,15,6,basic,556,428,76.97841726618705,479.3200934579439,122.99532710280374,569.2898906921216,247.3400394794602,43.44711605167507,590926899.0
826,5,4,smart,559,290,51.878354203935594,1084.2793103448275,127.65172413793104,191.7629464276042,147.1862522684249,76.75427135971327,268048516.0
827,20,8,basic,619,485,78.35218093699515,417.77113402061855,125.71752577319587,758.3398361823471,288.00868727050374,37.97884187653969,456738583.0
828,15,8,basic,589,444,75.38200339558574,465.60135135135135,121.52027027027027,570.0588559096055,250.41422587042925,43.927784521627984,485221178.0
829,20,8,smart,578,487,84.2560553633218,372.5564681724846,127.35318275154005,759.6389741747645,307.1320057011899,40.43131226051736,534967818.0
830,15,6,smart,537,412,76.72253258845437,465.5121359223301,125.93446601941747,570.0601017747333,249.20394175777824,43.715380357605596,878640559.0
831,10,4,basic,585,354,60.51282051282051,664.9350282485875,123.85310734463278,380.85550477124065,201.41707277688886,52.88543036757976,390126418.0
832,10,8,smart,562,397,70.64056939501779,731.9219143576826,121.96725440806046,381.4852190610143,222.91652787630767,58.433857129509036,655359215.0
833,5,6,smart,568,274,48.23943661971831,1094.14598540146,120.82116788321167,191.10747811236442,138.56263612223282,72.50508326040644,720265055.0
834,10,8,basic,579,412,71.15716753022453,617.1820388349514,119.7621359223301,381.1662682706868,222.17258866114614,58.28757871705723,481403749.0
835,20,4,smart,547,446,81.53564899451554,342.11210762331837,133.94170403587444,758.6075453424902,292.261321361976,38.526023522482646,442685285.0
836,10,6,basic,576,361,62.673611111111114,710.7673130193906,121.47368421052632,381.04088213423637,198.90183144778237,52.19960397260247,738646825.0
837,15,4,basic,595,434,72.94117647058823,475.10829493087556,131.64976958525347,570.4841455903404,268.40388699462767,47.04843930708744,70952804.0
838,20,4,smart,557,467,83.84201077199282,456.64453961456104,128.01927194860815,759.3367519460418,300.1188601708244,39.523815935640464,292906152.0
839,20,4,smart,566,473,83.56890459363959,393.1310782241015,132.32558139534885,759.734996003365,310.3565573765036,40.85063331413642,922285065.0
840,5,4,smart,580,283,48.79310344827586,1024.5936395759718,124.72084805653711,191.30428417317702,143.93213122296513,75.23727544578743,274970204.0
841,15,8,smart,533,421,78.98686679174483,417.37054631828977,124.54394299287411,569.9137123450398,253.79764584061803,44.53264421315813,805309175.0
842,5,4,smart,557,291,52.244165170556556,1012.8487972508591,126.86941580756013,191.43860917179472,143.39162181577976,74.90214353108982,597572982.0
843,10,6,smart,554,395,71.29963898916968,664.8759493670887,124.7113924050633,381.52474514622025,219.69452380769178,57.58329613024008,948896778.0
844,20,4,basic,533,411,77.11069418386491,323.9294403892944,130.4647201946472,757.9103040082964,263.3800321171288,34.75081823326757,485221178.0
845,20,6,smart,571,457,80.03502626970229,383.60831509846827,124.68052516411379,758.4154296408144,280.1225875268065,36.93524374358689,738646825.0
846,15,6,smart,543,405,74.58563535911603,416.9925925925926,127.1679012345679,570.1600716388912,252.29384732051196,44.249651960949905,979009661.0
847,15,6,smart,560,424,75.71428571428571,549.627358490566,124.71698113207547,570.568351299371,252.48989552676946,44.25234854891045,274970204.0
848,10,8,smart,583,393,67.40994854202401,553.2798982188295,115.60050890585242,380.915880554893,206.95739944769358,54.331523050761696,153354925.0
849,10,8,smart,603,399,66.16915422885572,679.1027568922306,118.53884711779449,381.6856728802965,222.1027296422034,58.18995718811243,48265950.0
850,20,8,basic,592,449,75.8445945945946,421.1314031180401,121.58574610244989,757.0594433973774,260.583043031444,34.42042039156826,272813683.0
851,5,4,basic,549,272,49.544626593806925,951.2279411764706,127.69117647058823,191.35603937467837,143.49314145202487,74.98751642275731,187959148.0
852,5,8,basic,585,297,50.76923076923077,961.6127946127946,114.97643097643098,191.03477192274067,137.27311767421935,71.85766041050165,153354925.0
853,10,8,smart,591,393,66.49746192893402,605.941475826972,119.0,381.4169440107439,218.2488371362661,57.22054055629956,485221178.0
854,5,4,smart,521,262,50.287907869481764,978.7099236641221,125.91603053435115,191.26504312929472,137.66389588598463,71.97546066634044,158944640.0
855,20,4,basic,557,457,82.04667863554758,367.6389496717724,128.9737417943107,759.0317596492288,289.30819370743916,38.115426664246186,460669441.0
856,5,8,basic,570,277,48.59649122807018,911.9638989169675,117.66064981949458,191.10296042329935,136.26704221852967,71.30556319833752,292906152.0
857,5,4,smart,534,277,51.87265917602997,950.7292418772563,127.04332129963899,191.2922076255767,144.05201526220225,75.30469591535092,590926899.0
858,15,8,smart,544,404,74.26470588235294,434.08663366336634,127.57178217821782,570.7311719091247,248.89043456366937,43.60904867542424,390126418.0
859,5,6,basic,573,263,45.89877835951135,867.06463878327,120.79087452471482,191.33793158254983,136.5540936557002,71.36802019665716,460669441.0
860,20,6,smart,543,436,80.29465930018415,316.5550458715596,121.90825688073394,758.8339971207564,270.2283011897604,35.61099031080415,433448262.0
861,20,8,basic,556,435,78.23741007194245,380.07586206896553,122.85057471264368,758.1089319078304,264.54590749715476,34.8955006810707,533011683.0
862,15,6,smart,551,425,77.13248638838476,523.3623529411765,122.06117647058824,569.9570423061688,243.55172091425686,42.73159252999037,572435721.0
863,20,8,basic,564,445,78.90070921985816,406.1438202247191,123.43595505617978,757.9083284681238,265.20649086407184,34.991895576619974,292906152.0
864,20,8,basic,497,401,80.6841046277666,331.9002493765586,119.61845386533666,757.029757245452,240.4046178894345,31.756296973606023,755568905.0
865,15,6,basic,542,400,73.80073800738008,447.205,122.105,569.5515944893561,233.05267940817276,40.91862469757831,783435377.0
866,5,8,basic,582,300,51.546391752577314,1040.51,114.82,191.38805097118694,143.6222673623322,75.04244211356446,268048516.0
867,10,8,smart,593,401,67.62225969645868,734.279301745636,120.4139650872818,381.52843998406973,223.51746916066412,58.58474643987138,8501172.0
868,5,6,basic,548,281,51.277372262773724,1074.1138790035586,127.82918149466192,191.4033901233168,141.6738373071474,74.01845767510713,852052273.0
869,10,6,basic,599,378,63.10517529215359,560.9629629629629,114.47883597883597,380.98878633012237,204.48199238667715,53.67139394215552,367405145.0
870,15,4,smart,570,440,77.19298245614034,502.625,127.38636363636364,571.3018625297037,273.7750907878669,47.921266977075966,922285065.0
871,10,6,smart,534,363,67.97752808988764,741.0661157024794,123.89531680440771,381.73949708128265,208.4144684775435,54.59599283570241,549004394.0
872,5,6,basic,546,272,49.81684981684982,978.3272058823529,127.6875,191.37376454280619,141.43994351031517,73.90769777049461,8501172.0
873,10,6,smart,538,338,62.825278810408925,596.9082840236687,120.3905325443787,381.12269218188857,197.35735977647371,51.78315640210845,456738583.0
874,5,8,basic,581,277,47.67641996557659,877.8194945848376,113.23826714801444,191.0035052861732,138.35933953407417,72.4381153773988,173249261.0
875,5,6,basic,569,257,45.16695957820738,878.5136186770428,106.61867704280155,190.97712713335585,121.12129405073307,63.42188505441088,187959148.0
876,20,6,basic,585,446,76.23931623931624,343.69730941704034,123.57174887892377,758.0127094384164,269.6452573045309,35.57265649335894,770142391.0
877,15,6,basic,537,403,75.04655493482309,433.1563275434243,123.26550868486352,569.8972775492864,245.32833210728646,43.04781611911977,878640559.0
878,15,4,basic,558,423,75.80645161290323,576.4397163120567,120.66666666666667,570.0086249709318,245.49836220797002,43.06923640330697,292906152.0
879,5,4,smart,570,277,48.59649122807018,1222.216606498195,127.26353790613719,191.48030535048102,144.45554829674583,75.44146539370607,153044519.0
880,10,8,basic,569,384,67.48681898066783,608.2734375,115.78125,380.6148338615362,202.84968792989812,53.295265944283386,367405145.0
881,20,6,basic,565,436,77.16814159292036,377.4426605504587,124.28899082568807,757.8973421406478,266.6501110136279,35.18287981595058,930593199.0
882,10,6,basic,554,363,65.52346570397111,638.4820936639119,119.17079889807162,380.78254209787804,202.9483300124017,53.29769818077295,948896778.0
883,5,8,smart,563,273,48.49023090586146,864.978021978022,119.7985347985348,191.19566676062016,133.85021938035726,70.00693145830536,783435377.0
884,10,8,basic,520,348,66.92307692307692,728.7068965517242,121.25862068965517,380.69863318551904,202.95932770741757,53.31233422330494,110158532.0
885,10,8,basic,567,397,70.01763668430335,735.4937027707808,125.36523929471032,381.26941319178565,222.68690727321007,58.40670653567335,653495709.0
886,20,8,basic,562,434,77.22419928825623,375.241935483871,122.1221198156682,757.953881913187,261.90785607639174,34.55458997258485,601135142.0
887,20,4,basic,548,421,76.82481751824818,358.83610451306413,123.41330166270784,758.2906711463241,263.1379812474592,34.70146623980853,708741215.0
888,5,4,smart,593,254,42.83305227655986,878.8582677165355,129.61417322834646,191.38654729399224,137.68863467263114,71.94269222126944,671082961.0
889,15,8,basic,545,433,79.44954128440367,457.2863741339492,119.91224018475751,568.8658982739701,243.61393629545603,42.8244929138167,549004394.0
890,20,8,basic,572,483,84.44055944055944,382.13250517598345,122.46997929606626,758.6075197177826,289.3290410977285,38.13949026043992,433448262.0
891,20,8,smart,567,475,83.77425044091711,330.6505263157895,125.00421052631579,759.4434117389083,298.515221946818,39.307105352761376,708741215.0
892,15,8,smart,585,472,80.68376068376068,449.364406779661,126.48305084745763,570.7725783921403,283.18638733476837,49.614574710736996,456738583.0
893,5,6,basic,524,268,51.14503816793893,957.4888059701492,131.61567164179104,191.52267165954453,139.81479169162552,73.00169242634824,110158532.0
894,15,8,smart,546,436,79.85347985347985,463.8050458715596,121.67660550458716,569.722273808823,249.04580303255733,43.713545087080014,532925674.0
895,20,4,basic,572,439,76.74825174825175,364.48974943052394,125.31890660592255,758.3998376788453,276.1227690943408,36.40860076387157,48265950.0
896,10,8,smart,541,393,72.64325323475046,656.6488549618321,123.59541984732824,381.06998116678653,217.12560446355258,56.97788206742036,228056230.0
897,5,8,smart,579,296,51.122625215889464,968.8209459459459,120.0304054054054,191.26516538142855,145.15772333319424,75.89344512562701,720265055.0
898,20,6,smart,558,469,84.05017921146953,412.8720682302772,130.5501066098081,759.3517013323809,292.82747153665,38.562825502707945,274970204.0
899,20,6,smart,514,419,81.51750972762646,366.9498806682578,123.10262529832936,758.3116061514347,262.23049662864463,34.58083649273294,112043825.0
900,10,8,basic,589,381,64.68590831918506,546.1863517060367,111.35695538057743,381.0090027416449,209.5882681965254,55.0087443310738,922285065.0
901,10,8,basic,592,387,65.37162162162163,543.1421188630491,120.93023255813954,381.4758983265649,215.44117596552172,56.475697917117664,676261138.0
902,5,4,smart,571,260,45.53415061295972,965.623076923077,123.73076923076923,191.20087625134363,140.95840456646638,73.72267707663072,8501172.0
903,5,4,basic,542,264,48.708487084870846,1025.5416666666667,116.17045454545455,191.44614556793908,136.9496744849793,71.53430750914728,755568905.0
904,20,4,smart,582,476,81.78694158075601,417.0798319327731,132.42226890756302,759.6329256443559,308.38650657612936,40.596779861081146,481403749.0
905,20,6,smart,543,452,83.24125230202579,390.34513274336285,127.68141592920354,759.0277570221305,295.95145535271286,38.990860691815776,383864777.0
906,5,6,smart,537,278,51.76908752327747,967.6079136690647,114.25539568345324,191.13153646724382,133.81364925913783,70.01128737437364,34346284.0
907,10,6,smart,508,343,67.51968503937007,658.2478134110787,121.77551020408163,381.0092359226729,196.7831894654749,51.647879083281,572435721.0
908,15,8,smart,553,438,79.20433996383363,498.175799086758,123.65981735159818,570.6639646081544,265.63646146293803,46.548665753818355,708741215.0
909,10,8,basic,561,363,64.70588235294117,636.1790633608815,120.3030303030303,380.67928805342706,197.6984736173179,51.93307853133622,187959148.0
910,10,6,basic,518,358,69.1119691119691,545.5642458100559,118.42178770949721,380.4483896432534,195.12216705107815,51.28742093876235,112043825.0
911,20,6,basic,505,400,79.20792079207921,319.26,127.095,757.8223128955223,256.3277763296446,33.82425826843969,533011683.0
912,10,4,basic,531,337,63.465160075329564,598.053412462908,127.35608308605342,380.78992853943754,194.4207427190176,51.057217680294265,485221178.0
913,5,4,smart,556,273,49.10071942446043,1038.5274725274726,124.61904761904762,191.77200435156456,142.8052658241609,74.46616950530705,433448262.0
914,20,6,smart,582,472,81.09965635738831,387.02966101694915,129.0656779661017,758.6385693157347,288.5839229212654,38.03971147704209,470148314.0
915,10,8,smart,569,394,69.24428822495607,651.5609137055837,118.70812182741116,381.251363154955,214.7689190841584,56.33262981852426,367405145.0
916,5,6,smart,575,285,49.56521739130435,1070.621052631579,122.6140350877193,191.19611675207088,138.40529568465365,72.38917716311546,597572982.0
917,15,8,basic,595,446,74.95798319327731,452.67040358744396,119.26008968609865,569.4981294402951,253.68958033176017,44.54616568821521,852052273.0
918,15,4,basic,562,402,71.53024911032028,446.2835820895522,124.43034825870647,569.9506771896578,248.55975931757806,43.61074901133363,805309175.0
919,5,8,basic,562,260,46.263345195729535,928.4615384615385,120.06923076923077,191.4922048887417,137.82446346123936,71.97392893424373,390126418.0
920,10,6,smart,509,337,66.2082514734774,634.3976261127597,122.33531157270029,380.774858777509,191.11235810779627,50.19038250617942,110158532.0
921,20,6,smart,528,448,84.84848484848484,341.77232142857144,126.91294642857143,758.1933427157071,271.59422647717554,35.82123597978,268048516.0
922,5,6,smart,570,295,51.75438596491229,997.6915254237288,124.37288135593221,191.26045695479075,144.56197871587005,75.58383003865819,930593199.0
923,20,6,smart,504,417,82.73809523809523,339.96163069544366,128.47002398081534,757.9327837983044,264.46923817758056,34.89349502105179,755568905.0
924,5,8,smart,587,288,49.063032367972745,952.3298611111111,115.62847222222223,191.22450284458142,143.28878207262767,74.93222884155503,62156218.0
925,10,8,smart,558,384,68.81720430107528,676.2890625,118.53645833333333,381.53491882714843,217.25599657811767,56.9426246085077,460669441.0
926,5,8,basic,593,296,49.915682967959526,1119.0101351351352,120.74662162162163,191.33487088424022,146.2047535665809,76.41302021471897,884281372.0
927,5,4,basic,578,266,46.02076124567474,946.312030075188,123.52631578947368,191.03659530671092,136.35122978362352,71.37440319469181,470148314.0
928,15,8,smart,582,445,76.46048109965635,440.36629213483144,118.6,569.818681864311,254.31860039717046,44.63149568299526,153354925.0
929,5,6,smart,513,255,49.707602339181285,1006.7450980392157,121.06274509803922,191.4250082060834,136.98872263609877,71.56260507436946,572435721.0
930,15,8,smart,576,441,76.5625,494.43990929705217,122.71655328798185,570.2422251366478,256.51961507084616,44.98432486464433,878640559.0
931,15,8,basic,587,446,75.97955706984668,449.05829596412553,118.26681614349776,569.7381340009638,258.2308021570372,45.3244721998195,922285065.0
932,5,4,smart,561,289,51.515151515151516,997.273356401384,124.5674740484429,191.381834470396,149.95747033415452,78.35512223462922,852052273.0
933,5,8,smart,577,302,52.33968804159446,936.566225165563,119.43046357615894,191.77328922934336,146.94970917248878,76.62678664115226,433448262.0
934,5,4,basic,548,255,46.53284671532847,825.9294117647058,118.0,190.8217453711573,132.84859974068578,69.61921424745853,878640559.0
935,10,6,smart,546,376,68.86446886446886,721.5744680851063,125.34042553191489,380.9571131378311,209.1490307189569,54.90093858499141,272813683.0
936,20,6,smart,502,420,83.66533864541833,324.7595238095238,128.69285714285715,758.1429824334664,269.81099382396457,35.588404835976014,158944640.0
937,5,6,smart,537,272,50.65176908752328,889.6801470588235,125.65073529411765,191.5553841265253,142.57885163473807,74.43218173421977,70952804.0
938,5,6,smart,519,275,52.98651252408478,1020.9236363636363,128.87636363636364,191.29367965380737,139.27570785826242,72.80727105585288,315111282.0
939,5,4,basic,579,281,48.53195164075993,961.3701067615658,119.88256227758008,191.35426996349224,137.86381713059606,72.04637615711349,884281372.0
940,10,8,smart,589,384,65.19524617996605,535.7760416666666,112.4140625,381.06990205787423,211.06013979059372,55.38620044532916,922285065.0
941,10,6,basic,540,352,65.18518518518519,632.6306818181819,124.58522727272727,381.1825921903831,202.8883312415433,53.22602222616975,676261138.0
942,20,4,smart,531,438,82.48587570621469,359.30593607305934,134.52739726027397,758.972264240379,289.87614868054607,38.19324662287495,676261138.0
943,10,6,smart,545,361,66.23853211009174,689.027700831025,127.93074792243767,381.04984513670667,207.72176164495514,54.513015631966,979009661.0
944,10,6,basic,538,332,61.71003717472119,589.2801204819277,120.8132530120482,380.5639584386826,193.31393442259898,50.79670056399894,456738583.0
945,5,4,smart,554,270,48.73646209386281,918.7851851851852,123.2,191.54000268088905,142.88820516628766,74.59966751924055,549004394.0
946,15,8,smart,561,430,76.6488413547237,415.47906976744184,120.65116279069767,570.2153755603852,249.20168867269916,43.70308121344388,930593199.0
947,5,4,basic,592,280,47.2972972972973,925.6392857142857,119.68928571428572,191.59599512812966,142.63485709188205,74.4456359834114,534967818.0
948,15,6,smart,544,418,76.83823529411765,414.47846889952154,123.44736842105263,569.1726405987803,238.4396920609466,41.892331966291216,948896778.0
949,20,6,basic,574,436,75.9581881533101,389.8669724770642,124.98394495412845,758.0344194310463,271.02754075945467,35.753988712396236,260244418.0
950,5,4,basic,569,279,49.03339191564148,1019.4444444444445,126.38709677419355,191.58311910056972,145.4716366258723,75.93134369500913,572435721.0
951,20,6,smart,522,437,83.71647509578544,288.4347826086956,127.83981693363845,758.5990482803123,282.49876536860637,37.23953595895092,315111282.0
952,5,6,smart,576,275,47.74305555555556,932.6145454545455,127.97454545454545,191.20379301412356,140.4438370174708,73.45243250854165,738646825.0
953,5,8,smart,545,271,49.72477064220184,990.8634686346863,121.07749077490774,191.38330096209012,140.5108716208287,73.41856416650563,442685285.0
954,20,4,basic,585,456,77.94871794871796,350.280701754386,128.2017543859649,758.6624841252698,284.08279280660173,37.44521427524472,533011683.0
955,5,8,smart,564,273,48.40425531914894,989.1611721611722,115.06593406593407,191.4300239183261,137.36078770404237,71.7550909164842,930593199.0
956,15,4,basic,595,412,69.24369747899159,434.2281553398058,122.36893203883496,569.5700839696503,243.9561435767202,42.831628704312266,260244418.0
957,10,4,smart,559,396,70.84078711985688,660.4015151515151,126.81060606060606,381.92509223840807,229.2477784056327,60.02427781375778,433448262.0
958,15,4,basic,593,443,74.70489038785834,472.90519187358916,124.89390519187359,557.1538349624141,266.31044052656665,47.798368029636215,316514901.0
959,20,6,smart,548,442,80.65693430656934,371.5633484162896,125.3710407239819,757.6480144010703,267.36271729388426,35.28851289938873,292906152.0
960,20,4,basic,547,426,77.87934186471664,376.1431924882629,129.03755868544602,758.0555291631955,265.47486202746006,35.02050335554088,442685285.0
961,10,4,basic,558,370,66.30824372759857,577.7162162162163,119.78918918918919,380.8512845004706,212.0238914441417,55.67104538513896,878640559.0
962,15,6,smart,595,433,72.77310924369748,497.5011547344111,126.83602771362587,570.5593711795178,253.33641903542005,44.40141233885923,922285065.0
963,20,8,smart,548,477,87.04379562043796,306.84067085953876,127.68972746331237,759.2597871819271,304.4562041242302,40.09908193007977,720265055.0
964,15,4,smart,557,433,77.737881508079,460.5773672055427,125.68591224018476,570.7805200543172,268.0594459621242,46.963664060682184,433448262.0
965,15,8,smart,524,406,77.48091603053436,420.14778325123154,122.28325123152709,570.4781825675193,248.0981599004956,43.48950888601806,48265950.0
966,15,8,smart,602,463,76.91029900332225,473.80345572354213,125.38444924406048,570.7547562305293,272.3939987846053,47.725226257174576,979009661.0
967,10,8,basic,545,336,61.65137614678899,472.7083333333333,107.44345238095238,380.06066246544947,184.22763919890744,48.473219512860055,292906152.0
968,10,4,basic,505,338,66.93069306930694,639.4112426035502,121.46153846153847,381.06945932320417,195.24901252804085,51.23711904774828,655359215.0
969,5,6,basic,559,272,48.658318425760285,1023.1139705882352,122.25367647058823,191.4137179088393,137.08622896343155,71.61776619830289,485221178.0
970,10,4,smart,565,383,67.78761061946904,613.2532637075718,125.37859007832898,381.6053426119069,221.34576082321237,58.00384221777557,194642212.0
971,10,6,basic,538,346,64.31226765799256,615.7601156069364,117.0,380.62227703906257,193.02460199965137,50.712901909270435,655359215.0
972,20,8,smart,555,447,80.54054054054053,315.93959731543623,125.40044742729306,759.2625879876792,288.4476658945696,37.99050163383663,460669441.0
973,10,4,basic,565,383,67.78761061946904,676.6083550913838,128.18798955613576,381.52105782634845,218.4543057393654,57.25878067752584,194642212.0
974,20,4,basic,554,456,82.31046931407943,424.890350877193,129.91228070175438,758.4940631489414,285.33577438361533,37.61872218208588,783435377.0
975,5,4,basic,521,254,48.75239923224568,867.2480314960629,115.64566929133858,190.95362827893803,127.85434768735504,66.95570481676846,158944640.0
976,20,8,basic,557,420,75.40394973070018,434.7857142857143,121.42142857142858,757.1729757440903,248.83975495384848,32.86432069360482,187959148.0
977,10,4,basic,599,357,59.59933222036727,698.3081232492997,126.0532212885154,380.675852648476,210.21323983254817,55.22105969423372,470148314.0
978,15,6,smart,529,409,77.31568998109641,442.1491442542787,128.55012224938875,570.4351552412671,248.64767556174183,43.58912196717182,48265950.0
979,20,8,basic,592,473,79.89864864864865,343.9429175475687,120.80126849894292,757.9779721231406,273.3635452434149,36.064840311613224,852052273.0
980,15,4,basic,556,415,74.64028776978418,488.9710843373494,128.3156626506024,570.0379104972126,245.19783152565893,43.01430255959405,268048516.0
981,15,6,smart,582,427,73.3676975945017,423.95316159250586,120.95550351288057,569.8788335423222,247.1822971496005,43.374535532954376,260244418.0
982,10,8,basic,602,385,63.95348837209303,567.3428571428572,119.52987012987013,381.16136254148944,211.0099316642056,55.35973800105124,62156218.0
983,15,8,smart,585,448,76.5811965811966,391.6986607142857,125.640625,560.9440086456722,264.2328242400269,47.10502655656906,676261138.0
984,10,6,smart,585,381,65.12820512820512,546.5984251968504,119.96325459317585,381.34734006337607,210.67167533034598,55.24403954026125,153354925.0
985,5,8,basic,587,288,49.063032367972745,939.7604166666666,121.53125,191.02693858065606,141.2224665732881,73.92803738707285,62156218.0
986,5,8,smart,570,295,51.75438596491229,1051.3627118644067,116.70508474576272,191.1318182490865,144.038788485679,75.36096805083756,738646825.0
987,5,8,smart,597,284,47.571189279731996,1035.2640845070423,114.16901408450704,191.16233628085618,139.68566723459895,73.07175145075252,272813683.0
988,20,8,smart,602,483,80.23255813953489,313.1304347826087,124.34782608695652,759.3692036696675,298.18549582217986,39.26752551738894,228056230.0
989,20,6,basic,543,441,81.21546961325967,335.671201814059,126.85034013605443,758.1871141340981,279.63804812173436,36.882458552609435,383864777.0
990,10,4,smart,541,369,68.20702402957485,631.1734417344173,124.88346883468834,381.23015842962633,211.67969500325785,55.525432687491104,755568905.0
991,5,8,smart,549,280,51.001821493624774,954.575,122.27857142857142,191.74660391621768,148.8415582570362,77.62409097063929,119596844.0
992,20,6,basic,565,473,83.71681415929203,328.4799154334038,128.1522198731501,759.1075215287628,293.8749512837601,38.7132182133997,532925674.0
993,15,8,smart,576,474,82.29166666666666,466.23628691983123,124.25527426160338,570.7696022709251,271.3387948371927,47.539111010399836,433448262.0
994,10,6,smart,549,364,66.3023679417122,665.1510989010989,127.49725274725274,381.58311174961983,210.23189922906099,55.09465507137199,442685285.0
995,10,8,smart,586,405,69.11262798634812,544.0098765432099,114.98518518518519,381.48293595316244,220.376402620384,57.768351307708635,34346284.0
996,5,8,smart,585,313,53.504273504273506,1075.182108626198,122.07987220447285,191.29355381951393,147.11123659990008,76.9033946322624,362523190.0
997,15,8,basic,544,404,74.26470588235294,457.08168316831683,119.29950495049505,568.6973847736475,229.94602755919146,40.43381132317223,194642212.0
998,5,8,basic,588,272,46.25850340136054,836.1507352941177,114.6654411764706,191.08954536903897,138.2895103191408,72.36895668576277,112043825.0
999,5,4,basic,555,270,48.64864864864865,899.6148148148148,120.94074074074074,191.387974245359,135.64787553900777,70.87586149227299,305489378.0
1000,5,4,smart,561,255,45.45454545454545,865.3490196078432,123.89411764705882,191.31316721515662,137.08938936607098,71.65705913587017,228056230.0
1001,10,4,smart,590,408,69.15254237288136,726.1936274509804,127.70098039215686,381.76063917328736,228.79827591581727,59.932390204313855,534967818.0
1002,15,6,smart,544,410,75.36764705882352,527.5878048780488,126.22682926829269,569.8808368508404,237.59511356285992,41.692069323792275,362523190.0
1003,5,4,basic,577,263,45.58058925476603,958.5133079847909,115.82509505703422,191.04584946893644,131.04079671577318,68.59128166355694,48265950.0
1004,10,8,smart,562,405,72.06405693950177,566.9629629629629,123.32345679012346,382.11568038135334,230.97826283003081,60.447208709025844,534967818.0
1005,10,8,smart,555,389,70.09009009009009,606.3316195372751,120.52442159383034,381.8643531866447,223.421611666971,58.50810891420617,383864777.0
1006,20,6,smart,568,463,81.51408450704226,374.7278617710583,131.41900647948165,759.7512847718674,304.67898882137814,40.102464441750165,460669441.0
1007,20,6,smart,514,413,80.35019455252919,330.51089588377727,129.97094430992735,758.4068150014386,267.0468209549684,35.21155343975408,601135142.0
1008,5,8,basic,570,277,48.59649122807018,953.9025270758123,121.64620938628158,191.23464365533505,141.33917441014083,73.90877076900276,456738583.0
1009,20,8,basic,566,472,83.3922261484099,402.8919491525424,124.76059322033899,758.8879812302227,285.08668565503774,37.56637246947668,447450854.0
1010,5,6,basic,545,272,49.908256880733944,1015.5772058823529,126.25735294117646,191.45508284946334,140.9656606163303,73.62858092786617,783435377.0
1011,5,4,basic,547,258,47.16636197440585,1068.6705426356589,125.37596899224806,191.28208032607543,141.5239919485146,73.98706230466595,315111282.0
1012,20,6,basic,561,434,77.36185383244207,393.71198156682027,120.98617511520737,757.2038082893563,254.54931029575326,33.61701400720905,34346284.0
1013,15,4,basic,559,409,73.16636851520573,576.9682151589242,131.30073349633253,569.8663113181356,248.3418673737068,43.578969741039245,948896778.0
1014,15,8,basic,598,452,75.58528428093646,486.77433628318585,121.84070796460178,569.819288906906,260.7945944698391,45.7679477593898,116942809.0
1015,5,8,basic,545,266,48.80733944954129,954.015037593985,117.34586466165413,191.37114492478,138.12957404609577,72.17889306164142,442685285.0
1016,15,4,basic,550,421,76.54545454545455,470.8456057007126,124.8289786223278,570.076406049062,256.0033486407937,44.906848612633425,481660159.0
1017,20,6,basic,559,440,78.71198568872988,393.5,125.94318181818181,757.989494737101,265.9533895499253,35.086685421961924,350929302.0
1018,20,8,basic,588,472,80.27210884353741,431.2351694915254,124.39406779661017,757.7193599178762,285.60165816404896,37.69227411518208,884281372.0
1019,5,8,smart,531,248,46.70433145009416,898.3346774193549,122.14112903225806,191.30765945801693,128.39550726634732,67.11467153489697,187959148.0
1020,5,4,basic,584,273,46.74657534246575,953.032967032967,119.65201465201466,191.25707536730764,139.70266277049942,73.04444162507536,532925674.0
1021,20,4,basic,566,449,79.3286219081272,423.98440979955456,128.38975501113586,758.7230550900122,281.226080067129,37.065709046335144,922285065.0
1022,15,4,smart,543,411,75.69060773480662,491.31143552311437,127.95620437956204,570.263891774433,255.43818303953407,44.792978605871866,442685285.0
1023,5,6,basic,559,286,51.162790697674424,992.06993006993,122.81118881118881,191.25523253836698,140.22932541102955,73.32051706501608,590926899.0
1024,15,8,smart,545,451,82.75229357798165,458.34368070953434,123.73614190687361,570.1112474805108,260.0782951688752,45.61886760140896,549004394.0
1025,20,6,basic,533,445,83.48968105065666,425.02696629213483,131.02247191011236,758.7420893005229,288.30423833730873,37.99765986398536,70952804.0
1026,10,4,basic,552,356,64.4927536231884,620.9831460674158,120.82865168539325,380.7449550901219,200.23412498790572,52.59009274082451,549004394.0
1027,15,8,basic,562,435,77.40213523131672,427.6183908045977,116.75632183908046,570.0324830349981,249.20869588636282,43.71833242897181,884281372.0
1028,20,8,basic,589,468,79.45670628183362,386.45299145299145,126.45726495726495,758.5192878744015,284.6972210616025,37.53328697275576,770142391.0
1029,5,4,basic,554,263,47.47292418772563,1025.9847908745246,121.57414448669202,191.1043687168721,134.23801150612218,70.24329815557518,549004394.0
1030,10,4,smart,565,394,69.73451327433628,638.494923857868,124.15482233502539,381.84072633680785,227.45497204455137,59.56802309346164,805309175.0
1031,5,4,smart,542,287,52.952029520295206,1053.658536585366,128.3275261324042,191.58966157423967,147.48339900847455,76.97878778877939,930593199.0
1032,15,8,basic,588,430,73.12925170068027,492.0837209302326,118.63255813953488,569.8513831608569,241.66820143817145,42.40898742715759,653495709.0
1033,10,4,smart,517,362,70.01934235976789,658.9171270718232,124.70441988950276,381.06761702927207,208.61082866801618,54.74378282109223,158944640.0
1034,10,4,basic,583,394,67.58147512864494,569.9289340101523,119.11421319796955,381.27618826328506,219.75328482272664,57.63624679099525,532925674.0
1035,10,8,smart,579,421,72.71157167530224,569.2019002375297,117.9809976247031,381.8052637258192,232.5576981109055,60.91002932791129,481403749.0
1036,5,8,smart,593,303,51.09612141652614,1045.3531353135313,120.45544554455445,191.5535816236233,150.61604015802172,78.62867344029189,884281372.0
1037,10,4,smart,531,345,64.97175141242938,562.8985507246376,121.55652173913043,380.9519813638714,200.13679933313966,52.535964930964965,485221178.0
1038,5,4,smart,537,279,51.955307262569825,1000.7598566308244,125.47670250896057,191.40546209729033,147.6351087732418,77.13212943641061,481660159.0
1039,5,8,basic,565,265,46.902654867256636,960.2603773584906,113.19622641509434,191.08733727072968,135.92639497000263,71.1331252564497,948896778.0
1040,10,4,smart,535,365,68.22429906542055,694.2328767123288,120.75068493150685,381.20215556832346,204.90541202855567,53.75242742871378,292906152.0
1041,10,8,smart,589,410,69.60950764006792,657.7146341463415,117.3390243902439,381.12492640259154,220.70144327886175,57.907900530685694,433498721.0
1042,5,8,basic,522,260,49.808429118773944,952.4269230769231,127.54230769230769,191.20734603542337,138.2513042277144,72.30438949877048,110158532.0
1043,15,6,basic,532,375,70.48872180451127,462.66133333333335,122.37333333333333,569.0883155358463,224.97063006315344,39.53176052320174,549004394.0
1044,20,4,basic,555,450,81.08108108108108,435.61333333333334,131.46,758.084502982984,277.4982338439607,36.605184877415894,350929302.0
1045,15,4,basic,559,409,73.16636851520573,543.8361858190709,125.44009779951101,547.3450055275183,242.6733717666725,44.336454944498776,979009661.0
1046,15,6,smart,526,400,76.04562737642586,401.195,126.7,569.9982608668173,238.103826441348,41.77272858328633,119596844.0
1047,5,8,basic,564,280,49.645390070921984,1019.7785714285715,117.47857142857143,191.29458034540974,138.87780981399573,72.5989254704613,930593199.0
1048,10,4,basic,610,397,65.08196721311475,650.8740554156171,120.81108312342569,381.0284620047907,218.75159906035617,57.41082907806656,358368805.0
1049,15,6,basic,543,397,73.11233885819522,433.8362720403023,126.26196473551637,569.3993287385583,239.3929846068153,42.04307460937198,979009661.0
1050,10,6,basic,545,339,62.20183486238532,607.8672566371681,125.1976401179941,380.67652483458835,195.70172923978703,51.40893027875133,979009661.0
1051,15,4,smart,605,476,78.67768595041322,404.077731092437,129.17016806722688,571.2827267030806,289.7974256562959,50.727496581025754,116942809.0
1052,15,6,smart,562,405,72.06405693950177,449.241975308642,123.92592592592592,569.9638738043228,244.50027722369987,42.89750429123522,708741215.0
1053,15,4,smart,573,442,77.13787085514834,506.92533936651586,129.37556561085972,571.3737429487563,274.3079114856824,48.008490917001005,572435721.0
1054,5,4,basic,570,273,47.89473684210526,996.2527472527472,116.93772893772893,191.23999394743794,137.9736180746559,72.14684294153332,456738583.0
1055,10,8,smart,595,416,69.91596638655462,661.2524038461538,114.63942307692308,381.89221685352754,225.41209473544077,59.02505596805505,358368805.0
1056,15,4,basic,550,430,78.18181818181819,551.6255813953488,125.97674418604652,569.970462908113,253.62531679946295,44.49797547497665,597572982.0
1057,15,8,smart,593,442,74.53625632377741,567.4389140271493,121.68778280542986,570.538600843526,260.7160500435965,45.69647867087956,481660159.0
1058,15,6,smart,523,414,79.1586998087954,443.52657004830917,123.84299516908213,570.0003857275631,242.4014665737594,42.52654430476428,316514901.0
1059,10,6,basic,508,343,67.51968503937007,644.4518950437317,120.85131195335276,380.8835772548167,194.911053558437,51.173393970735226,572435721.0
1060,5,6,basic,530,261,49.24528301886792,1088.8659003831417,125.4904214559387,191.02378542239563,127.06336475170735,66.51703842573443,119596844.0
1061,10,6,basic,561,376,67.02317290552585,716.8164893617021,123.21010638297872,381.0053345046832,205.71884761747913,53.99369221035158,274970204.0
1062,15,4,basic,559,422,75.49194991055455,458.2037914691943,125.31042654028435,569.9599440159758,255.79407587190036,44.87930749476152,112043825.0
1063,20,4,basic,571,450,78.80910683012259,454.6911111111111,131.12,758.7891216813344,279.54945512413803,36.84152119955395,362523190.0
1064,20,6,basic,542,422,77.85977859778598,349.6350710900474,120.80568720379146,757.2984028085506,245.31238335993365,32.39309398384537,597572982.0
1065,10,4,basic,540,365,67.5925925925926,607.7561643835617,121.11232876712329,380.9086783037565,203.12557050441453,53.32657985346072,930593199.0
1066,5,8,basic,570,278,48.771929824561404,835.884892086331,121.55755395683454,191.58452019433105,144.32644188735514,75.33303929824793,676261138.0
1067,10,6,smart,523,364,69.59847036328873,645.2005494505495,125.67582417582418,381.251781864071,213.72305974604157,56.058245472605016,671082961.0
1068,20,6,basic,527,412,78.17836812144212,333.81796116504853,128.52184466019418,757.4461373874502,260.4929772671908,34.390957245576786,48265950.0
1069,5,6,smart,563,282,50.08880994671403,961.5957446808511,124.11347517730496,191.4099681594418,142.10716534946954,74.24230133672886,194642212.0
1070,15,6,smart,566,414,73.14487632508833,472.9154589371981,118.96376811594203,569.7049732830568,228.80753533130454,40.16246058249205,187959148.0
1071,5,4,smart,561,276,49.19786096256685,935.2789855072464,132.80797101449275,191.4551965310751,142.030629527426,74.18478688530816,383864777.0
1072,20,4,basic,549,456,83.06010928961749,362.62280701754383,128.51315789473685,758.7695455597942,280.21958965877803,36.93079029048822,34346284.0
1073,20,6,smart,505,422,83.56435643564356,326.38862559241704,129.21563981042655,758.4435842239702,274.13714805679786,36.14469866434318,572435721.0
1074,5,8,basic,540,270,50.0,995.7851851851852,114.77037037037037,191.1674897852838,133.50289513563348,69.83556424033279,597572982.0
1075,15,4,basic,560,427,76.25,521.8548009367681,129.43091334894615,570.055307642052,252.0395639390404,44.213177311086554,601135142.0
1076,15,8,basic,533,406,76.17260787992495,431.29802955665025,115.85714285714286,569.5469536302585,233.6775294632229,41.0286681324123,755568905.0
1077,5,8,smart,564,283,50.177304964539005,1028.13074204947,131.21201413427562,191.42555928758543,148.26457387703883,77.45286179589826,655359215.0
1078,5,8,basic,576,272,47.22222222222222,987.8823529411765,115.03676470588235,191.29963860838512,140.2614500756195,73.32029014584428,34346284.0
1079,10,6,basic,521,362,69.48176583493282,636.0303867403314,126.22099447513813,380.89421384097795,206.82303848273827,54.29933849535614,316514901.0
1080,5,8,basic,597,286,47.90619765494137,902.479020979021,112.7132867132867,190.90071333344943,138.23023942931687,72.40949340397059,272813683.0
1081,10,4,smart,547,379,69.28702010968921,716.7150395778364,128.23218997361477,381.8510228547027,224.50263264678847,58.793251611169175,187959148.0
1082,20,6,basic,522,426,81.60919540229885,417.38967136150234,129.55399061032864,757.8294215362513,266.01358187340657,35.1020393658181,530467456.0
1083,5,8,basic,585,294,50.256410256410255,971.0816326530612,125.73809523809524,191.64964870095764,145.850491377467,76.10266565374518,534967818.0
1084,5,8,basic,547,284,51.91956124314442,1069.5457746478874,122.45422535211267,191.25852388707017,138.96667948598449,72.65907770366265,194642212.0
1085,15,8,smart,564,461,81.73758865248227,452.75704989154013,121.75921908893709,570.556262393058,265.0322516519451,46.45155423241391,305489378.0
1086,10,8,basic,565,377,66.72566371681415,577.8328912466843,116.23872679045093,380.70097995262626,205.9451692719846,54.096306580984376,305489378.0
1087,5,4,smart,547,277,50.6398537477148,1019.8050541516245,134.27797833935017,191.77227854539944,148.55249502529423,77.46296605123064,110158532.0
1088,10,6,smart,583,394,67.58147512864494,703.7791878172588,116.5228426395939,381.20407881753584,213.42737493343066,55.987694464200146,194642212.0
1089,10,4,smart,576,384,66.66666666666666,673.5625,123.5390625,381.9110978901277,221.7254167484856,58.056814262117605,770142391.0
1090,20,8,smart,578,475,82.17993079584775,379.7157894736842,124.87789473684211,758.7908012229931,279.2594080509236,36.80321474651812,153354925.0
1091,20,8,basic,576,452,78.47222222222221,325.8008849557522,125.07300884955752,758.6091562772533,277.4207121626284,36.56964984762691,878640559.0
1092,15,4,smart,556,440,79.13669064748201,486.1,131.45909090909092,571.1290924673949,272.2079548554823,47.66137086091833,268048516.0
1093,20,4,basic,558,469,84.05017921146953,438.23027718550105,128.409381663113,758.4062975643374,279.1402574458559,36.80616291588426,549004394.0
1094,10,6,basic,534,364,68.16479400749064,722.2197802197802,122.54120879120879,381.25709932145696,206.91470538558423,54.27169900674402,549004394.0
1095,20,8,smart,560,485,86.60714285714286,344.37319587628866,122.21855670103093,759.1165965863092,296.74517233857847,39.09085556461542,305489378.0
1096,15,4,smart,529,399,75.42533081285444,402.9749373433584,130.34837092731829,570.5316629748044,252.69780796482164,44.291636093820294,485221178.0
1097,15,8,basic,585,462,78.97435897435898,487.1060606060606,122.65800865800865,570.6216703079419,274.5625716392726,48.11639408841624,456738583.0
1098,20,6,smart,561,450,80.21390374331551,348.8177777777778,128.27555555555554,758.1539289816836,276.6673603152317,36.492241184694265,116942809.0
1099,15,4,basic,543,406,74.76979742173113,497.5049261083744,125.33497536945812,569.7135686240097,244.46748546775532,42.9105955924836,315111282.0
1100,15,8,basic,566,437,77.20848056537103,368.04805491990845,115.63386727688787,569.6173024652576,249.57991824501806,43.81536817172799,70952804.0
1101,20,6,basic,536,414,77.23880597014924,395.67391304347825,125.40579710144928,757.5513233412172,260.2747632328127,34.35737688172177,878640559.0
1102,15,8,basic,582,434,74.5704467353952,471.1405529953917,118.74193548387096,569.0482588396764,245.3151379485325,43.10972472681752,153354925.0
1103,5,6,smart,583,267,45.79759862778731,879.7116104868913,113.62546816479401,191.25038175284135,136.97654251407266,71.62157861263336,367405145.0
1104,10,6,smart,535,371,69.34579439252336,756.8382749326146,127.28840970350404,381.1176930541083,211.79413991427066,55.57184664323671,852052273.0
1105,20,8,smart,543,449,82.68876611418048,320.20712694877506,127.65033407572383,759.2084277533528,289.0180678454272,38.068342931951975,119596844.0
1106,10,8,smart,594,381,64.14141414141415,654.3595800524935,119.21784776902886,381.7104370332501,214.05224667569226,56.07712703361227,481660159.0
1107,10,8,basic,527,352,66.79316888045541,612.53125,116.88920454545455,380.67662013917476,193.82277214775442,50.91533388020865,572435721.0
1108,10,4,basic,571,358,62.6970227670753,670.4050279329609,128.6927374301676,381.60197782885507,215.33559796999668,56.429371565409625,720265055.0
1109,5,8,smart,582,298,51.20274914089347,1019.4798657718121,116.01006711409396,191.79685710510645,148.40511364557835,77.37619681862199,268048516.0
1110,15,6,basic,582,418,71.8213058419244,454.4162679425837,120.4688995215311,569.7399327438982,239.732981395334,42.07761605207609,260244418.0
1111,10,8,basic,562,388,69.03914590747331,618.9201030927835,118.70618556701031,381.3250620560627,221.13415584333862,57.99098403105414,655359215.0
1112,10,8,basic,564,406,71.98581560283688,660.948275862069,119.0,381.3209737675351,219.867679592115,57.65947711183414,884281372.0
1113,10,8,basic,513,351,68.42105263157895,594.1794871794872,118.997150997151,380.835213085072,202.9054740711653,53.2790737567221,671082961.0
1114,20,8,smart,557,454,81.50807899461401,353.0726872246696,127.8920704845815,759.63823875728,298.0253359369741,39.23253474239589,383864777.0
1115,15,8,basic,581,442,76.07573149741825,470.9977375565611,119.05882352941177,569.6109567731025,247.9958312601892,43.53775648297005,362523190.0
1116,20,4,smart,588,473,80.4421768707483,375.1374207188161,137.63213530655392,760.4680369166241,310.8479913723806,40.87587857508615,70952804.0
1117,10,8,smart,575,404,70.26086956521739,608.3811881188119,118.06188118811882,381.6592866121159,229.38714173616125,60.10259668312216,456738583.0
1118,20,4,basic,560,436,77.85714285714286,441.47935779816515,127.09633027522936,758.2624375475867,268.9678698719473,35.471606735770486,433498721.0
1119,5,8,smart,581,293,50.4302925989673,940.0887372013652,116.42320819112628,191.23643762684011,141.7078362851652,74.1008554874254,153044519.0
1120,5,8,smart,540,270,50.0,1025.862962962963,117.64444444444445,191.1976316877044,138.8814070864186,72.6376189184512,597572982.0
1121,15,4,basic,556,425,76.43884892086331,519.4376470588236,126.65411764705883,569.9067036123399,253.05788614362078,44.403388228216905,350929302.0
1122,5,6,basic,534,268,50.187265917603,979.3171641791045,130.5410447761194,190.90278624846258,130.38683759200165,68.30012288154947,274970204.0
1123,10,4,smart,561,363,64.70588235294117,676.404958677686,126.01928374655647,381.2934220601241,216.20979233581326,56.70430692657485,948896778.0
1124,15,4,smart,593,450,75.88532883642496,588.7822222222222,124.7,571.5411900429378,277.42536944518935,48.53987328968318,530467456.0
1125,15,8,smart,581,456,78.48537005163512,485.609649122807,120.42324561403508,570.4201022081093,264.0180528617111,46.28484372126635,362523190.0
1126,20,4,smart,584,491,84.07534246575342,430.5519348268839,133.65376782077394,759.8652008426733,317.10548216162533,41.731807406098156,274970204.0
1127,5,4,basic,583,281,48.19897084048028,1114.2775800711743,126.64768683274022,191.02350796698607,140.6090866495543,73.60826326875711,530467456.0
1128,20,4,basic,579,474,81.86528497409327,459.0822784810127,131.7594936708861,758.943617483216,298.6174010909014,39.34645396731402,530467456.0
1129,10,6,basic,546,360,65.93406593406593,717.6361111111111,118.58055555555555,381.1532580254003,200.7097093009543,52.658531725728785,350929302.0
1130,5,8,basic,571,279,48.86164623467601,1002.1146953405018,122.60573476702508,191.33773905620492,141.56106699784831,73.98491677392778,447450854.0
1131,20,8,smart,556,457,82.19424460431655,383.52297592997814,123.96936542669584,758.8502463539767,278.22806640122616,36.66442328219824,653495709.0
1132,5,8,smart,543,273,50.27624309392266,1047.4578754578754,113.83150183150182,191.34667677029117,139.19662716804228,72.74577720267688,228056230.0
1133,5,6,basic,532,261,49.06015037593985,935.4367816091954,122.01532567049809,191.22071120843725,132.37520775766873,69.22639651380396,48265950.0
1134,10,8,basic,555,383,69.009009009009,571.3446475195823,119.51958224543081,381.3668694439128,216.3813303002904,56.73836602948893,383864777.0
1135,15,4,smart,577,464,80.4159445407279,480.5215517241379,129.23275862068965,571.3549107325157,286.1885991978546,50.08946170269919,274970204.0
1136,15,8,basic,564,430,76.24113475177306,422.2348837209302,120.31162790697674,569.7948815489162,249.71775877939967,43.82590417459931,173249261.0
1137,15,4,basic,532,385,72.36842105263158,461.94545454545454,122.98961038961039,569.1660968401305,227.76340223869542,40.01703606437234,48265950.0
1138,10,4,smart,559,369,66.01073345259391,673.7235772357724,124.09214092140921,381.12267840282715,209.91851412621762,55.07898795367525,922285065.0
1139,20,6,smart,529,435,82.23062381852552,316.79540229885055,128.29655172413794,758.8939539984028,275.2534139769963,36.270339554922266,549004394.0
1140,5,6,basic,548,292,53.284671532846716,1017.7328767123288,119.24657534246575,191.12143057761705,137.26262170930187,71.81958679069098,532925674.0
1141,20,8,basic,538,448,83.27137546468401,339.1674107142857,119.35491071428571,758.192950428684,268.64739755549994,35.43258973901116,532925674.0
1142,20,6,smart,555,456,82.16216216216216,376.6030701754386,127.53070175438596,758.8680493155637,279.3012786930283,36.80498591882145,534967818.0
1143,15,4,smart,559,438,78.35420393559929,571.5091324200913,130.3082191780822,570.6568111367334,265.9526875165628,46.60466366585408,979009661.0
1144,15,8,smart,573,436,76.09075043630017,398.64220183486236,123.0,570.4497393369903,261.5268346374489,45.84572778338203,34346284.0
1145,15,4,basic,580,434,74.82758620689656,555.147465437788,127.78110599078342,570.013321153892,265.9837801441089,46.662730549116176,671082961.0
1146,20,6,basic,558,451,80.82437275985663,468.0975609756098,129.26607538802662,758.5421526312667,280.926073043893,37.03499826204825,274970204.0
1147,5,4,basic,556,281,50.53956834532374,908.4199288256227,121.18505338078292,191.28968959946093,139.467134189508,72.90886115270324,738646825.0
1148,15,4,smart,550,451,82.0,604.170731707317,134.67849223946786,570.9770281259644,274.66467023159925,48.104329369097655,272813683.0
1149,5,6,smart,536,257,47.94776119402985,979.9571984435797,125.99610894941634,191.49752430507854,133.01726741988958,69.46161205090938,62156218.0
1150,15,6,basic,574,400,69.68641114982579,387.4425,120.87,569.660369838566,234.63311594145407,41.188246254157704,153354925.0
1151,10,6,smart,565,398,70.4424778761062,822.1331658291457,124.36180904522612,381.20810001375264,215.0011507679922,56.399942907885666,173249261.0
1152,10,8,basic,580,379,65.3448275862069,557.7387862796834,114.03693931398416,381.17347369520684,209.93347931039983,55.07557419335701,268048516.0
1153,15,6,smart,574,433,75.43554006968641,426.99769053117785,123.37182448036951,570.4484647562022,252.7607036518214,44.30912155401208,470148314.0
1154,10,6,basic,567,374,65.96119929453262,616.6283422459893,120.1711229946524,380.88794490077674,205.70658527032737,54.00711364701106,597572982.0
1155,5,8,basic,567,294,51.85185185185185,1044.4761904761904,116.97278911564626,191.3401551611311,143.0113874324363,74.74196271660998,305489378.0
1156,10,6,basic,559,356,63.68515205724508,672.0926966292135,124.49719101123596,380.7553382447741,197.6377632136115,51.906760946462995,358368805.0
1157,15,6,smart,554,426,76.89530685920577,417.8286384976526,123.89671361502347,570.213425833662,248.6550353861334,43.607362457766655,485221178.0
1158,15,8,basic,547,407,74.40585009140767,373.38329238329237,120.17444717444718,569.5503995411065,237.84122705986957,41.7594697943327,350929302.0
1159,20,4,smart,565,472,83.53982300884955,450.6970338983051,135.2521186440678,759.4516647765332,303.79911014485407,40.00242862516421,447450854.0
1160,20,6,smart,505,421,83.36633663366337,395.24465558194777,131.14014251781472,758.58660408182,274.8118570015953,36.22682703898031,533011683.0
1161,15,8,basic,579,449,77.54749568221071,457.1714922048998,121.65033407572383,570.5046607672623,262.0171440123828,45.92725739698607,481403749.0
1162,15,6,smart,545,435,79.81651376146789,432.14022988505747,126.62298850574713,569.7371622320193,256.2550734492321,44.97777052936473,852052273.0
1163,15,6,basic,533,398,74.671669793621,536.2211055276382,125.00251256281408,569.808467393302,231.90511004681784,40.69878271688594,62156218.0
1164,15,6,smart,523,414,79.1586998087954,455.2632850241546,127.40096618357488,570.1268161714814,245.55135139368895,43.06960213564706,530467456.0
1165,15,4,smart,575,408,70.95652173913042,538.5490196078431,129.0906862745098,570.3424825394002,259.71045789606546,45.53587815161993,470148314.0
1166,20,4,basic,560,444,79.28571428571428,367.740990990991,133.0045045045045,755.3823601810983,287.5469409663476,38.06640929467959,805309175.0
1167,20,8,basic,581,448,77.10843373493977,363.7767857142857,117.20758928571429,757.9361809140719,258.81903314474823,34.14786622702352,153044519.0
1168,10,6,smart,577,386,66.89774696707106,740.0777202072538,121.01813471502591,381.1366840387476,208.56048201745358,54.72065291837682,62156218.0
1169,10,6,smart,540,353,65.37037037037037,651.9745042492918,124.73654390934844,381.4058982006248,202.69045883829287,53.14297964308745,676261138.0
1170,20,4,basic,588,450,76.53061224489795,375.53333333333336,128.8711111111111,758.0595135943665,275.50226327136545,36.34309158196057,260244418.0
1171,10,8,smart,547,396,72.39488117001828,758.25,125.35858585858585,381.5331740494364,218.48564455936918,57.265176246786694,549004394.0
1172,5,4,basic,571,279,48.86164623467601,954.1397849462365,122.68458781362007,191.48763808191882,139.72382587205726,72.96754363447896,770142391.0
1173,10,4,smart,568,366,64.43661971830986,687.3770491803278,125.68306010928961,381.3535892171173,216.8528292557378,56.863980145280934,447450854.0
1174,20,4,basic,562,459,81.67259786476868,397.8235294117647,129.26797385620915,759.0839192413061,282.70142735569425,37.24244713789358,194642212.0
1175,10,4,smart,561,392,69.87522281639929,652.0714285714286,123.52806122448979,381.73758078093675,229.36670047461376,60.08491487932327,112043825.0
1176,20,6,smart,542,443,81.73431734317343,328.20541760722347,123.86230248306998,758.4796084053601,274.3290227910173,36.16827924586807,597572982.0
1177,5,4,basic,553,285,51.5370705244123,1085.9719298245614,126.11578947368422,191.44308988570603,143.7611463481756,75.0934110152541,272813683.0
1178,10,4,basic,578,377,65.22491349480968,688.5411140583554,123.16710875331565,381.3179820566369,216.60151348347492,56.80338291817123,119596844.0
1179,20,8,basic,586,463,79.01023890784982,332.16630669546436,120.67818574514038,758.7435156100031,283.3431935000892,37.343738387311454,316514901.0
1180,20,8,smart,524,447,85.30534351145039,327.09395973154363,122.74720357941834,758.0628368648062,270.1365338015805,35.63511105739075,572435721.0
1181,10,8,basic,560,346,61.78571428571429,554.7427745664739,121.98843930635839,381.1804469960212,202.44496311821467,53.11000727178637,390126418.0
1182,10,4,smart,552,394,71.37681159420289,810.0253807106599,123.59644670050761,381.1939465693569,216.07738094815036,56.68436838852997,597572982.0
1183,20,4,smart,564,472,83.68794326241135,358.74152542372883,128.78177966101694,759.3376770486424,305.54686699077126,40.238602169505974,852052273.0
1184,10,6,smart,581,369,63.51118760757315,594.1626016260162,122.65582655826559,381.0313560129241,208.22076086757286,54.64662096221558,260244418.0
1185,10,4,smart,610,417,68.36065573770492,684.853717026379,129.16786570743406,381.5742883350511,233.94337098720968,61.3100458125705,358368805.0
1186,15,8,basic,564,441,78.19148936170212,470.60770975056687,117.20861678004535,569.7079451946388,247.33321601047012,43.414036629938444,305489378.0
1187,10,8,basic,566,377,66.6077738515901,658.3395225464191,117.08753315649868,381.10468060474795,213.0522346153852,55.90386197233468,112043825.0
1188,10,4,basic,545,324,59.44954128440367,603.6296296296297,118.4320987654321,380.6195629756507,190.82269034887074,50.13475630549189,315111282.0
1189,15,6,smart,574,426,74.21602787456446,417.36619718309856,125.40610328638498,570.1299424835482,253.70143167084723,44.49887872327774,153354925.0
1190,15,8,smart,579,464,80.13816925734024,400.0086206896552,124.3728448275862,570.8334327801225,276.7229737426095,48.47700885263312,481403749.0
1191,5,8,basic,601,294,48.91846921797005,924.6020408163265,121.38095238095238,191.36267187029972,146.02178620781757,76.30630612577727,116942809.0
1192,20,6,basic,581,452,77.79690189328744,443.83185840707966,124.08849557522124,758.1504900638095,272.84903868871396,35.98877033842579,481660159.0
1193,10,8,basic,562,392,69.7508896797153,569.2219387755102,115.3545918367347,381.81450825475645,219.65287848316154,57.528688338004045,534967818.0
1194,20,8,basic,571,457,80.03502626970229,377.96498905908095,123.58862144420131,758.1119057436409,281.4237537546984,37.121663915651936,34346284.0
1195,10,6,basic,546,358,65.56776556776556,604.6396648044692,119.73463687150839,380.9168729803406,193.71264186455247,50.85430853953012,433448262.0
1196,15,4,basic,529,396,74.85822306238185,445.94191919191917,129.55050505050505,569.5362163307872,237.69972423129204,41.7356644609297,485221178.0
1197,10,4,smart,562,356,63.345195729537366,720.0028089887641,122.56741573033707,381.36950174561804,207.59294616314725,54.433546786763344,260244418.0
1198,5,4,smart,596,289,48.48993288590604,1059.6228373702422,133.14878892733563,191.42984474117134,145.60471890136932,76.06166065601667,62156218.0
1199,15,4,basic,582,442,75.94501718213058,450.84615384615387,123.02036199095022,570.4874054670448,264.727549590131,46.40375003080124,532925674.0
1200,15,6,basic,535,404,75.51401869158877,494.5222772277228,121.1509900990099,550.6677563326266,231.69712435356513,42.07566571477454,433498721.0
1201,5,4,basic,563,260,46.181172291296626,1035.0692307692307,126.68846153846154,191.5369137713981,142.9641941604678,74.6405438750556,948896778.0
1202,10,8,basic,603,408,67.66169154228857,567.3480392156863,116.99019607843137,380.9412864584972,217.6553437211511,57.13619170676692,173249261.0
1203,5,4,smart,556,279,50.17985611510791,1079.032258064516,138.08960573476702,191.65779740071326,147.24521260327606,76.82714431671127,738646825.0
1204,20,6,smart,585,460,78.63247863247864,357.1521739130435,125.82608695652173,758.3457506814402,286.20531654882524,37.74074243729125,770142391.0
1205,10,8,smart,592,406,68.58108108108108,624.2118226600985,121.58128078817734,381.4405238148037,224.61714254686342,58.88654417219684,676261138.0
1206,20,6,basic,533,408,76.54784240150094,398.6936274509804,129.99019607843138,720.7836923443327,250.6285990319376,34.771680005241755,676261138.0
1207,5,8,smart,576,285,49.47916666666667,920.7929824561404,116.68771929824561,191.64042356239148,144.70135349892763,75.5066967652667,34346284.0
1208,15,6,basic,579,422,72.88428324697755,449.01421800947867,124.44312796208531,569.8829463450232,255.006868615232,44.74723629663479,805309175.0
1209,20,4,smart,548,449,81.93430656934306,349.9576837416481,129.89086859688197,759.0125865120422,284.17817006907165,37.44050824966958,708741215.0
1210,15,6,smart,565,441,78.05309734513274,461.77097505668934,127.4421768707483,570.3723573507535,262.33410745957923,45.993481990968135,653495709.0
1211,20,6,smart,533,445,83.48968105065666,363.62696629213485,131.5752808988764,759.0293024975748,295.64332217823,38.95018561278464,70952804.0
1212,5,4,smart,549,263,47.90528233151184,1032.3307984790874,129.52471482889734,191.42077409649318,142.21125671805808,74.29248857094836,187959148.0
1213,20,8,smart,586,490,83.61774744027304,376.7040816326531,124.82244897959184,759.460362919511,302.3549096365893,39.81180906851796,316514901.0
1214,20,6,smart,551,438,79.491833030853,325.851598173516,128.9794520547945,758.8427437747362,278.58344293442644,36.71161715913098,485221178.0
1215,5,6,basic,534,282,52.80898876404494,1083.8156028368794,126.75886524822695,191.22352044779103,139.1024716957845,72.74339023256454,549004394.0
1216,20,6,basic,573,453,79.05759162303664,414.8079470198675,126.06843267108168,758.2901617846934,273.03783731712565,36.00703939960271,805309175.0
1217,20,8,smart,534,449,84.08239700374533,289.4053452115813,128.97550111358575,758.6430633680076,282.61770366213506,37.25305315617722,738646825.0
1218,20,8,basic,588,457,77.72108843537416,377.21663019693653,123.5601750547046,758.6005241719058,277.0628777012274,36.522895631224536,48265950.0
1219,5,4,smart,577,273,47.313691507798964,945.7912087912088,122.60805860805861,191.29739662458675,137.77669439367688,72.02225269382937,48265950.0
1220,5,4,basic,553,262,47.377938517179025,1034.854961832061,117.06106870229007,191.34484296187787,132.11487832988746,69.04543455932546,708741215.0
1221,15,6,smart,553,414,74.86437613019892,491.1062801932367,128.82850241545893,570.8890647325593,258.95091994171463,45.35923631030202,70952804.0
1222,5,8,smart,585,297,50.76923076923077,920.8282828282828,116.28619528619528,191.09029845278536,140.09545275921957,73.31374428400633,153354925.0
1223,5,4,basic,589,271,46.01018675721562,932.7675276752767,126.09594095940959,191.43178059706156,141.7084286853848,74.02555011681274,70952804.0
1224,10,4,basic,562,355,63.16725978647687,718.0028169014084,124.18591549295775,381.20786666868605,205.7565174324696,53.974887567390084,260244418.0
1225,10,6,smart,570,368,64.56140350877193,632.0271739130435,116.85326086956522,380.9735482112817,201.3920160044331,52.862466948163124,34346284.0
1226,15,6,smart,577,453,78.50953206239168,450.6512141280353,125.73509933774834,571.0493309107244,265.83465327010606,46.55195950341909,390126418.0
1227,20,4,basic,548,456,83.21167883211679,373.390350877193,131.00877192982455,759.0334683442745,290.91982390872784,38.32766749315136,173249261.0
1228,10,4,smart,594,403,67.84511784511784,642.8734491315137,126.20595533498759,381.90507699993066,234.47991972093308,61.39743455701052,316514901.0
1229,5,4,basic,560,249,44.46428571428571,1075.3253012048192,121.88353413654619,191.47389233534915,138.1894833647594,72.17144942284511,720265055.0
1230,5,8,basic,541,289,53.41959334565619,880.0553633217993,115.40138408304499,191.4602415833229,142.56837242479497,74.46369608948271,532925674.0
1231,15,4,basic,562,419,74.55516014234875,520.0119331742244,123.87112171837708,570.1490111241178,246.90072705300284,43.304596208315466,770142391.0
1232,20,8,basic,556,422,75.89928057553958,328.39336492890993,117.26540284360189,746.6087421961998,251.1793367640224,33.64269965888177,653495709.0
1233,5,8,smart,588,278,47.27891156462585,979.5179856115108,110.3273381294964,190.93948507644814,136.33076349046058,71.39998488834127,112043825.0
1234,15,6,smart,581,427,73.49397590361446,477.8758782201405,119.23653395784544,569.7789129836133,243.94738205828216,42.81439282841589,194642212.0
1235,15,6,smart,556,437,78.59712230215827,473.3432494279176,121.81922196796339,570.3202135510992,251.67085881213472,44.12799210554119,534967818.0
1236,20,6,basic,520,421,80.96153846153847,379.6603325415677,126.32779097387173,757.7272995798384,253.6855607019582,33.47979686658082,433498721.0
1237,10,4,smart,559,368,65.83184257602862,641.1114130434783,127.16576086956522,381.56133184801513,216.1851896146102,56.65804461043287,228056230.0
1238,15,8,basic,602,442,73.421926910299,510.87330316742083,122.789592760181,569.7539406047104,257.0689094695145,45.11928591431478,979009661.0
1239,20,4,smart,560,449,80.17857142857143,365.0489977728285,136.1358574610245,759.3704684786268,293.7886852060928,38.68845279099259,948896778.0
1240,10,6,basic,583,372,63.80789022298457,601.4543010752689,116.31989247311827,380.7198672728552,206.4357871079749,54.22248872555579,194642212.0
1241,15,8,smart,564,435,77.12765957446808,448.5816091954023,122.34482758620689,570.1267581663725,260.4003833434337,45.674120643087676,173249261.0
1242,10,6,smart,544,391,71.875,667.9897698209719,130.1764705882353,381.3901862338616,220.89208105336877,57.917610108069674,783435377.0
1243,10,8,smart,533,359,67.3545966228893,623.958217270195,120.24512534818942,380.9219734377871,204.734724655333,53.74715530522438,783435377.0
1244,5,6,basic,583,267,45.79759862778731,906.9288389513108,115.70786516853933,191.11867488933447,132.8044196959146,69.48793453743532,367405145.0
1245,10,6,basic,536,358,66.7910447761194,689.5055865921788,118.3659217877095,363.3721222182245,195.76179970433674,53.873642950179665,433498721.0
1246,10,8,basic,558,380,68.10035842293907,583.0342105263157,118.82368421052631,381.4987107439658,217.2435785318475,56.94477397006084,460669441.0
1247,10,6,smart,579,384,66.32124352331607,678.9869791666666,131.984375,381.75632514371716,223.6607835435119,58.58731573322638,305489378.0
1248,20,6,basic,525,407,77.52380952380953,362.10565110565113,124.44226044226045,757.523335424417,243.8711378056293,32.19321787215912,119596844.0
1249,15,4,basic,569,423,74.34094903339191,493.0851063829787,133.55555555555554,570.7615971438923,267.0085812634787,46.781104860522746,720265055.0
1250,10,6,basic,522,335,64.17624521072797,560.8,124.08955223880596,380.8120396956089,194.27170351430155,51.01511592689848,601135142.0
1251,15,8,basic,524,396,75.57251908396947,390.7171717171717,120.4949494949495,569.5924028821264,236.7815755034768,41.570353520406286,48265950.0
1252,10,6,smart,567,375,66.13756613756614,640.9653333333333,118.032,380.60464954003805,194.34793936879723,51.06294408217749,187959148.0
1253,20,6,basic,544,408,75.0,310.953431372549,118.74509803921569,757.8319360357536,244.04124897573013,32.202555391412865,655359215.0
1254,15,4,basic,580,429,73.9655172413793,430.86713286713285,122.7062937062937,569.9491472730448,254.8038220496472,44.70641341754279,456738583.0
1255,20,4,smart,573,466,81.32635253054102,414.3218884120172,130.4420600858369,759.3493788735469,297.62150342241966,39.19427758852253,367405145.0
1256,5,4,basic,533,241,45.21575984990619,931.9253112033196,115.18672199170125,191.20834381715554,127.83141583074678,66.85451757951869,485221178.0
1257,5,6,smart,573,280,48.86561954624782,946.4107142857143,126.39642857142857,191.86121809657777,147.79536523483193,77.03243349598445,460669441.0
1258,15,8,basic,595,444,74.6218487394958,432.89864864864865,125.33333333333333,570.8296430003886,264.271296118469,46.296000804970305,720265055.0
1259,10,4,smart,552,379,68.65942028985508,685.2612137203166,124.35883905013192,381.2689122646423,210.7380317706983,55.27280745733161,549004394.0
1260,20,4,smart,555,461,83.06306306306305,372.53145336225595,134.25596529284164,759.4607719229247,293.6221673781869,38.661926755577795,350929302.0
1261,5,8,smart,502,260,51.79282868525896,1064.6307692307691,118.08076923076923,191.23404315853776,135.0059605255257,70.59724215191247,755568905.0
1262,20,8,basic,577,485,84.05545927209705,306.11134020618556,124.30103092783506,759.0165857429361,296.3554068025407,39.04465493497272,268048516.0
1263,5,8,smart,577,298,51.64644714038128,963.5805369127517,122.05369127516778,191.55000814978348,142.41448808726645,74.34846360116296,530467456.0
1264,10,6,smart,506,359,70.94861660079052,591.7855153203343,124.53760445682451,380.70991605553456,200.6605200533003,52.706932914253215,292906152.0
1265,5,6,basic,548,268,48.9051094890511,906.8097014925373,121.88805970149254,191.26021833957304,132.73460396475076,69.40000650270464,433448262.0
1266,15,6,basic,504,389,77.18253968253968,419.90231362467864,122.60925449871465,569.0013859253805,227.0456711308695,39.90248121480754,292906152.0
1267,20,6,smart,554,438,79.06137184115524,371.365296803653,126.5662100456621,758.8941049503065,274.7683012087413,36.20640869607671,442685285.0
1268,10,4,basic,606,382,63.03630363036304,629.1753926701571,121.67539267015707,381.04802157350133,215.42817119001265,56.535701274716665,116942809.0
1269,10,8,basic,589,418,70.96774193548387,769.8325358851674,122.52392344497608,380.9652077976713,217.6594737079363,57.13368813026468,433498721.0
1270,5,8,basic,581,279,48.02065404475043,1007.9928315412186,110.50537634408602,190.87606461294513,131.1973095995709,68.73429094717052,153044519.0
1271,20,8,smart,572,475,83.04195804195804,367.88631578947366,126.23789473684211,758.9137410569062,291.6387531304859,38.428445467904325,358368805.0
1272,10,6,basic,525,337,64.19047619047619,589.700296735905,123.02077151335311,380.6572094943576,194.38566291589075,51.065803580628646,530467456.0
1273,15,8,basic,567,441,77.77777777777779,458.55102040816325,122.3424036281179,570.0745940168769,250.50334965555092,43.94220550865925,597572982.0
1274,20,6,basic,572,451,78.84615384615384,319.05543237250555,127.57206208425721,758.3962451800273,279.9052660906595,36.90752266636234,590926899.0
1275,5,4,smart,563,260,46.181172291296626,1007.9576923076924,130.5730769230769,191.59024404919344,142.05768025127048,74.14661480090562,948896778.0
1276,10,6,smart,531,361,67.984934086629,605.4265927977839,124.7645429362881,381.30560004692387,214.6310730960558,56.28846601509212,48265950.0
1277,10,6,basic,521,358,68.71401151631477,689.9357541899441,120.05307262569832,381.2691016662683,204.78460628256983,53.711304007483264,534967818.0
1278,5,6,smart,557,290,52.06463195691203,1040.8896551724138,123.07241379310345,191.44489626157448,142.6799366592566,74.52793960321121,305489378.0
1279,5,8,basic,549,289,52.64116575591985,993.9480968858131,125.78892733564014,191.4746606225598,147.7704927982936,77.17496002752182,119596844.0
1280,20,8,smart,545,462,84.77064220183486,395.8333333333333,129.97186147186147,759.1962508001989,292.8210308304013,38.569873141729246,158944640.0
1281,20,6,basic,559,429,76.74418604651163,396.6713286713287,126.64801864801865,757.9016833589574,259.0860958386868,34.184657657763566,456738583.0
1282,5,8,basic,591,288,48.73096446700508,1038.1215277777778,118.70486111111111,191.6115444272806,140.22393305828754,73.18135944126509,590926899.0
1283,15,6,basic,551,419,76.04355716878402,573.8377088305489,124.09069212410502,569.5221704863236,239.78716685374454,42.10321902815243,572435721.0
1284,10,8,basic,599,388,64.77462437395658,571.0128865979382,117.20618556701031,380.8706708196917,208.0227282140563,54.61768105335065,260244418.0
1285,10,8,basic,581,381,65.57659208261619,625.9790026246719,118.40682414698163,381.60893949029537,219.77912195270216,57.59276033896248,274970204.0
1286,20,4,basic,571,444,77.75831873905429,403.4054054054054,129.11261261261262,758.5226156242167,275.9528155892297,36.38030164231,572435721.0
1287,10,6,smart,564,387,68.61702127659575,699.3049095607236,123.74418604651163,381.65920545042843,215.73469473486784,56.525479185091584,116942809.0
1288,15,4,smart,562,419,74.55516014234875,493.30071599045345,127.63484486873509,570.6027012113609,260.3284769419765,45.623421759012395,805309175.0
1289,5,8,smart,581,279,48.02065404475043,988.6093189964158,120.62724014336918,191.3457417060781,140.6001345625297,73.47962557667074,878640559.0
1290,20,8,smart,599,485,80.96828046744574,408.42886597938144,130.97525773195875,759.5943047548926,305.9160379669405,40.273608695059146,390126418.0
1291,10,6,smart,531,380,71.56308851224105,639.9947368421052,121.84473684210526,381.4641326526179,214.69917739702004,56.282926497977435,268048516.0
1292,15,6,smart,543,438,80.66298342541437,467.18036529680364,128.6917808219178,570.6380073340891,273.0285333228255,47.84618791839019,383864777.0
1293,20,8,basic,581,452,77.79690189328744,355.37831858407077,120.16150442477876,757.7394677386402,271.88075627486916,35.88050614365601,173249261.0
1294,5,4,smart,584,288,49.31506849315068,946.1875,127.55902777777777,191.59548125862972,147.22089026543526,76.83943759962985,532925674.0
1295,15,8,basic,593,463,78.07757166947724,485.6522678185745,125.50539956803456,569.7887890671093,266.6599016528381,46.79978033429349,470148314.0
1296,20,8,basic,556,456,82.01438848920863,387.1469298245614,120.27631578947368,741.3770608772676,262.00973795818686,35.34095560606531,590926899.0
1297,5,8,smart,588,298,50.68027210884354,980.6812080536913,122.55704697986577,191.54071350989992,145.96539293578445,76.20593567865149,770142391.0
1298,10,8,smart,538,369,68.58736059479554,587.5094850948509,116.19783197831978,381.28657308918827,207.8882251379304,54.52282870954976,597572982.0
1299,15,4,basic,539,388,71.98515769944342,461.7474226804124,124.86340206185567,569.436488229549,229.51918327373494,40.306370950575975,755568905.0
1300,5,4,smart,556,280,50.35971223021583,1058.7642857142857,125.41428571428571,191.64626863840311,147.04316671096583,76.72633949811247,194642212.0
1301,10,8,basic,595,399,67.05882352941175,689.2907268170426,112.30075187969925,380.85145456118477,208.6191562203453,54.77704068656251,358368805.0
1302,10,6,smart,567,381,67.1957671957672,585.4120734908137,120.72703412073491,381.28234471432467,212.90303996527027,55.83868304334616,597572982.0
1303,10,4,basic,547,366,66.91042047531994,682.0737704918033,128.04918032786884,381.1587922453486,212.95262982667043,55.86979341922006,187959148.0
1304,10,8,smart,573,400,69.80802792321117,664.15,123.72,381.5598093225454,225.69334348107108,59.150187720710626,447450854.0
1305,20,4,smart,548,473,86.3138686131387,331.74207188160676,133.6723044397463,759.7395902346318,314.2977785129947,41.369145764265035,173249261.0
1306,10,8,smart,574,404,70.38327526132404,656.6806930693069,115.2450495049505,381.0489104545582,212.89480565123273,55.870729402497886,770142391.0
1307,15,6,smart,561,438,78.07486631016043,545.7534246575342,125.57990867579909,569.9891149729328,249.44054826530208,43.762335404799316,272813683.0
1308,10,8,basic,589,392,66.553480475382,682.7066326530612,113.71428571428571,381.0014289145978,214.74107169204484,56.36227462553152,316514901.0
1309,15,4,smart,593,472,79.59527824620574,494.3686440677966,129.42372881355934,571.1912985570715,287.0677803109962,50.257729947248734,316514901.0
1310,10,8,smart,549,401,73.04189435336977,619.2443890274315,121.15461346633417,381.04171111066876,217.942596283486,57.19651941731579,158944640.0
1311,5,8,smart,565,288,50.97345132743363,1032.5208333333333,123.71527777777777,191.00117965628115,139.4669590740443,73.01889932042515,601135142.0
1312,10,8,smart,602,404,67.109634551495,603.0049504950495,126.91584158415841,381.78712417193907,224.0735011750754,58.69069096058964,62156218.0
1313,15,8,basic,563,451,80.10657193605684,417.20177383592016,124.57649667405765,570.3931427064148,261.85546735349925,45.90789189909284,119596844.0
1314,20,6,smart,563,446,79.21847246891652,384.39910313901345,126.6457399103139,758.2826341464034,275.52708704783703,36.33567150828887,720265055.0
1315,15,8,basic,564,423,75.0,459.6264775413712,121.82742316784869,569.7125292179848,248.2398013069098,43.57281761867795,260244418.0
1316,20,4,smart,542,447,82.47232472324724,420.3422818791946,132.5525727069351,759.1384071090648,285.96767094144377,37.670030690511354,315111282.0
1317,20,6,basic,584,440,75.34246575342466,419.325,123.95,757.7672253460042,265.2568061154113,35.005051319591225,194642212.0
1318,5,6,smart,547,260,47.53199268738574,947.1807692307692,120.80384615384615,191.31130130360344,133.19893504350418,69.62418536483777,358368805.0
1319,10,6,basic,613,381,62.15334420880914,586.2073490813648,118.6246719160105,381.39085997181553,212.6990659097692,55.76931390686381,884281372.0
1320,5,8,smart,567,283,49.91181657848324,912.5123674911661,120.60777385159011,191.264711612737,141.42501270327176,73.94203118326496,305489378.0
1321,20,8,smart,586,495,84.47098976109216,400.1030303030303,127.11111111111111,759.515903930153,305.78361861096374,40.260331222647366,442685285.0
1322,5,6,smart,514,262,50.97276264591439,1044.7213740458014,131.95419847328245,191.2375450091862,140.7038860532054,73.575450911821,158944640.0
1323,15,8,smart,587,460,78.36456558773425,457.9021739130435,119.8913043478261,570.4948078862986,265.28607195021067,46.50104931420918,316514901.0
1324,20,4,basic,544,446,81.98529411764706,375.8497757847534,128.55829596412556,758.6282910322662,279.20120664213016,36.80342665078056,110158532.0
1325,5,6,smart,530,260,49.056603773584904,990.0346153846153,125.94615384615385,191.33677642799037,140.1462821308218,73.2458677036225,173249261.0
1326,15,4,smart,556,445,80.03597122302159,503.57078651685396,131.4426966292135,570.9576199452391,266.7295945179601,46.716180886340084,350929302.0
1327,15,8,basic,565,427,75.57522123893806,425.519906323185,118.51288056206089,569.5155301896117,245.47484072331167,43.10239628436199,292906152.0
1328,15,6,basic,543,406,74.76979742173113,495.10591133004925,121.38669950738917,569.9544573296629,240.33197422554116,42.16687335888886,383864777.0
1329,20,6,basic,539,426,79.0352504638219,353.2957746478873,122.93661971830986,757.4556984150014,258.55704263090763,34.1349392673322,153044519.0
1330,10,4,basic,550,363,66.0,622.9504132231405,125.46280991735537,381.1736841188467,208.16433803281765,54.61141382675142,350929302.0
1331,5,8,smart,555,297,53.51351351351351,1067.8720538720538,127.15488215488216,191.1515298958166,146.06346198056013,76.41239495188408,316514901.0
1332,15,8,basic,558,401,71.86379928315412,375.1620947630923,119.24189526184539,569.4668393032332,236.24826935873224,41.485869422667704,8501172.0
1333,10,4,smart,596,388,65.1006711409396,652.979381443299,132.08247422680412,381.7594746243597,232.8694921914632,60.99900792785825,70952804.0
1334,5,6,smart,564,283,50.177304964539005,1101.8551236749117,122.26855123674912,191.0888943272063,138.57496604871878,72.51858698362312,272813683.0
1335,15,4,smart,566,440,77.73851590106007,417.4227272727273,124.04772727272727,571.2351441380266,272.9656226491215,47.78515913285007,930593199.0
1336,20,4,smart,573,484,84.46771378708551,426.77685950413223,134.97727272727272,759.7506322791492,315.5110578046887,41.52823892468482,720265055.0
1337,10,4,smart,585,366,62.56410256410256,679.2377049180328,129.47267759562843,381.4696860471532,215.70942371657944,56.546937176527244,390126418.0
1338,20,8,basic,560,439,78.39285714285714,392.71981776765375,124.35763097949886,757.4137456632778,257.9745399996696,34.05992318950559,481660159.0
1339,10,4,basic,534,369,69.10112359550563,660.0623306233063,124.64769647696477,381.0532246953478,212.73568300864792,55.82833820097709,481660159.0
1340,10,8,smart,589,417,70.79796264855688,706.1678657074341,120.45563549160671,381.86684322478146,230.26215364081628,60.299069617121795,316514901.0
1341,10,8,basic,598,401,67.05685618729098,624.1820448877805,116.82044887780549,381.13865441788954,217.10805563030388,56.96301152185457,116942809.0
1342,10,8,smart,564,418,74.11347517730496,662.8014354066986,119.98564593301435,381.5541570524572,226.84771624779702,59.453608892697595,884281372.0
1343,5,4,smart,579,276,47.66839378238342,1010.2971014492754,116.51449275362319,191.34173369239846,137.39324280522078,71.80516249847227,884281372.0
1344,10,8,smart,579,384,66.32124352331607,535.6588541666666,114.15364583333333,381.2891411454887,206.40926432882097,54.13457716333476,153044519.0
1345,10,6,smart,522,353,67.62452107279694,600.6062322946176,125.53257790368272,381.46586345635933,207.620774995536,54.42709161819623,601135142.0
1346,15,6,basic,565,404,71.50442477876106,508.0495049504951,119.00247524752476,569.0395490826103,230.2149940706774,40.456765165413124,597572982.0
1347,20,6,basic,564,431,76.41843971631207,442.03480278422273,122.45475638051045,757.9340752671848,257.54012691788404,33.9792252811825,187959148.0
1348,15,4,smart,548,412,75.18248175182481,423.69174757281553,129.98058252427185,571.0250078015443,266.56653587359017,46.682112382411354,8501172.0
1349,15,4,smart,588,435,73.9795918367347,479.37471264367815,128.78850574712644,571.2619986198425,272.05255151916873,47.62307875833544,447450854.0
1350,20,4,basic,567,438,77.24867724867724,342.7671232876712,128.95890410958904,758.4247678297504,272.9435060142065,35.98821103841855,884281372.0
1351,10,6,smart,528,372,70.45454545454545,623.1129032258065,133.86827956989248,381.06657280576195,205.00037831041507,53.796473619035666,119596844.0
1352,5,4,smart,592,290,48.986486486486484,1095.8620689655172,122.22413793103448,191.7289593573235,148.32722933574107,77.3629762728253,534967818.0
1353,20,8,smart,572,505,88.2867132867133,338.5128712871287,125.35841584158416,759.6133593332207,312.04243996684824,41.079114280027305,433448262.0
1354,20,6,smart,543,443,81.58379373848987,326.9006772009029,127.99097065462755,758.0831830967006,282.13814459219776,37.21730687121818,852052273.0
1355,20,6,basic,514,389,75.68093385214007,329.5655526992288,126.69408740359897,757.0989812106901,246.2191617505918,32.52139652293,601135142.0
1356,10,6,basic,536,347,64.73880597014924,656.2363112391931,122.05475504322767,381.3278984177592,203.18123259729225,53.28255116930875,70952804.0
1357,15,6,basic,566,421,74.38162544169612,526.0973871733967,123.4916864608076,570.4090117088327,249.78868055811012,43.79115256433144,433448262.0
1358,5,6,basic,583,275,47.16981132075472,890.5345454545454,118.75272727272727,191.191078178572,135.77849407248482,71.01717055315103,260244418.0
1359,15,8,smart,564,439,77.83687943262412,498.48291571753987,117.41913439635535,570.0672597676553,252.46714543428598,44.287255777008674,112043825.0
1360,5,4,basic,576,264,45.83333333333333,1050.253787878788,131.84848484848484,191.3664236430881,139.646601856288,72.97340839516276,367405145.0
1361,15,4,smart,593,454,76.55986509274874,455.26872246696036,130.09911894273128,571.1669807985079,277.4845823916405,48.58204198073724,62156218.0
1362,10,4,smart,543,380,69.9815837937385,601.5605263157895,125.59473684210526,381.9603895298985,228.3310129939395,59.778715084818124,383864777.0
1363,10,8,basic,573,391,68.23734729493893,655.0485933503836,121.41176470588235,381.18554246441374,216.5243060543713,56.80286420479479,447450854.0
1364,15,4,smart,552,429,77.71739130434783,508.1025641025641,125.23776223776224,570.7721615909136,253.74111046967974,44.4557614306954,305489378.0
1365,20,6,basic,563,449,79.75133214920072,383.67037861915367,130.184855233853,757.8641233268721,275.1501162201942,36.30599572550553,720265055.0
1366,5,8,smart,547,289,52.833638025594155,814.6574394463668,119.16608996539793,191.17893649681557,140.6346488707071,73.56179056527476,70952804.0
1367,20,8,basic,548,466,85.03649635036497,368.93562231759654,124.82618025751073,758.4587236389351,289.5567430216886,38.176994211689276,720265055.0
1368,5,8,smart,533,272,51.031894934333955,924.1286764705883,122.3345588235294,191.03821101594042,137.1271708451665,71.77997015148162,805309175.0
1369,15,8,basic,584,426,72.94520547945206,525.1079812206573,121.73239436619718,569.6792930160391,248.7805849710761,43.67028747946291,62156218.0
1370,5,4,smart,562,275,48.93238434163701,995.2836363636363,124.09454545454545,191.3273047085547,138.5282941371843,72.40382879390992,979009661.0
1371,10,4,smart,545,369,67.70642201834862,716.5257452574526,125.4769647696477,381.397908387635,215.22574690677507,56.43076224949552,315111282.0
1372,5,4,basic,598,273,45.65217391304348,932.1172161172161,117.07326007326007,191.3155278656488,135.8851796791496,71.02673849588146,390126418.0
1373,10,8,basic,572,368,64.33566433566433,485.4320652173913,111.85597826086956,380.5651955925931,198.28710464846506,52.10332078310639,878640559.0
1374,10,6,basic,570,329,57.719298245614034,545.8480243161094,113.93313069908815,380.1095340443665,176.1087658412287,46.33105725274263,34346284.0
1375,10,4,basic,583,377,64.6655231560892,560.4880636604775,123.50663129973475,380.9593385902507,213.73479937846218,56.10436015806648,153354925.0
1376,20,4,basic,531,422,79.47269303201506,395.71090047393363,129.64218009478674,722.079936060498,267.4396219155772,37.03739829341697,676261138.0
1377,20,8,smart,581,478,82.27194492254733,325.163179916318,121.11924686192468,758.770639647097,282.78361947475105,37.268655994158294,153044519.0
1378,15,4,basic,572,417,72.9020979020979,530.1270983213429,124.66906474820144,569.8331207147664,241.39982577006316,42.36324934346829,367405145.0
1379,15,4,basic,552,406,73.55072463768117,476.8497536945813,122.42364532019704,570.0756273381088,240.80070499362728,42.240133316699335,305489378.0
1380,20,4,basic,599,475,79.29883138564274,363.38736842105266,127.46315789473684,759.0854934666315,293.92302941468165,38.7206753316255,316514901.0
1381,10,6,smart,563,394,69.9822380106572,710.3197969543147,121.63451776649747,381.0300740801679,217.4651670210673,57.07296662764554,447450854.0
1382,15,6,smart,516,401,77.71317829457365,422.8304239401496,123.22693266832918,570.0916508220722,238.8282262078105,41.89295280213632,112043825.0
1383,20,6,smart,541,434,80.22181146025879,371.05760368663596,128.78801843317973,758.8597286577968,276.4354404577917,36.42773888485635,8501172.0
1384,20,8,smart,586,491,83.78839590443687,328.73116089613035,123.79633401221996,758.6679581211242,294.47660638610665,38.81495234297114,433498721.0
1385,5,8,basic,580,284,48.96551724137931,991.4260563380282,117.54225352112677,191.7105127832846,144.2226641545288,75.22939773134011,274970204.0
1386,10,6,smart,521,371,71.20921305182341,673.4582210242587,122.59029649595688,380.722719025334,211.2715092553503,55.49222536448946,316514901.0
1387,5,6,smart,560,283,50.535714285714285,965.0106007067138,123.21201413427562,191.69551375958187,140.98065552465087,73.54405575785363,534967818.0
1388,15,6,basic,561,425,75.75757575757575,475.64,124.68,569.2845574947288,240.42230382178138,42.23236001338532,272813683.0
1389,10,8,basic,565,381,67.43362831858407,583.2782152230972,116.37795275590551,381.15148075095635,208.32625912700746,54.657077211547666,601135142.0
1390,5,6,basic,553,255,46.1121157323689,968.3921568627451,127.2078431372549,190.7341140673839,123.2718721834837,64.63021719330887,292906152.0
1391,15,8,basic,585,429,73.33333333333333,450.82750582750583,123.94172494172494,569.4909683158385,248.5992346215601,43.652884497316116,676261138.0
1392,5,6,basic,557,268,48.114901256732495,980.5149253731344,115.8544776119403,191.45591364497227,135.87337978566956,70.96849462567523,305489378.0
1393,5,6,basic,537,271,50.46554934823091,1008.5830258302583,119.05535055350553,191.01840795750815,127.42410537313232,66.70776221811967,34346284.0
1394,20,6,basic,521,418,80.23032629558541,409.02153110047846,125.77990430622009,757.7551832580594,254.361473239608,33.5677642145515,316514901.0
1395,10,8,basic,586,407,69.45392491467577,623.5528255528255,118.00982800982801,381.20585512573865,213.7157944832634,56.06309336795743,34346284.0
1396,5,4,smart,598,278,46.48829431438127,1007.6187050359712,123.50719424460432,191.5878939877397,143.33182620377266,74.81256942724414,390126418.0
1397,5,8,smart,560,285,50.89285714285714,1108.2842105263157,120.79649122807018,191.37234593511954,143.109078160846,74.78043782217306,460669441.0
1398,10,6,smart,546,366,67.03296703296702,681.9726775956284,121.30327868852459,381.0265858767293,205.77971578945682,54.00665555028519,153044519.0
1399,5,8,basic,560,282,50.357142857142854,1030.0390070921985,117.2517730496454,191.56045038458086,141.43809445334762,73.83470552997422,460669441.0
1400,5,6,basic,524,260,49.61832061068702,1029.2807692307692,128.58076923076922,191.55829419808927,135.50504389462057,70.73828072121776,601135142.0
1401,20,4,basic,557,459,82.40574506283662,432.6470588235294,128.22657952069716,758.3675774894226,284.823229233632,37.557411166830185,292906152.0
1402,5,8,basic,588,288,48.97959183673469,776.9444444444445,113.94097222222223,191.27509995083167,138.60238781433463,72.46232669592808,770142391.0
1403,15,4,smart,550,432,78.54545454545455,477.71064814814815,127.83101851851852,570.061653185891,254.7510093655497,44.68832589279218,549004394.0
1404,10,8,smart,565,396,70.08849557522124,691.0530303030303,122.06060606060606,381.00748945297886,213.1616976556426,55.94685237334408,601135142.0
1405,15,8,basic,588,447,76.0204081632653,408.8165548098434,117.01789709172259,569.5612199554195,254.37429467825646,44.66144915873429,433498721.0
1406,10,6,smart,525,368,70.0952380952381,732.9809782608696,134.3179347826087,381.4684897151816,214.65738534174844,56.271328072737944,530467456.0
1407,10,6,basic,568,375,66.02112676056338,545.6026666666667,121.496,381.5866691357141,210.5511869009622,55.177815141670514,590926899.0
1408,10,8,smart,588,421,71.5986394557823,668.0641330166271,118.71733966745843,381.2760592037118,218.12548204295157,57.20933081885674,70952804.0
1409,10,6,smart,568,361,63.556338028169016,725.5817174515236,121.67036011080333,380.4849687129939,195.82782974253118,51.467954280802964,485221178.0
1410,5,6,smart,545,290,53.21100917431193,1022.1586206896552,137.33448275862068,191.47125586788067,149.05810578557222,77.84881605854487,383864777.0
1411,20,8,smart,562,466,82.91814946619218,349.55150214592277,128.8154506437768,759.007218071069,287.9294076231958,37.935002562286016,601135142.0
1412,10,4,smart,561,373,66.48841354723707,765.3324396782842,120.70777479892762,381.1233374148667,205.0281972314584,53.7957603494319,979009661.0
1413,15,8,smart,562,448,79.7153024911032,424.7075892857143,119.97321428571429,570.1364307705765,261.8980561831322,45.93603250877338,884281372.0
1414,15,6,basic,538,412,76.57992565055763,505.1043689320388,127.47815533980582,570.1934082267671,246.82873406072935,43.28859830707918,601135142.0
1415,20,4,smart,533,423,79.36210131332082,354.6099290780142,131.95744680851064,758.9009624320599,277.35596518934784,36.54705672008921,485221178.0
1416,10,4,smart,570,382,67.01754385964912,565.9267015706806,120.43455497382199,381.3974273080096,216.25639919777873,56.701063959493894,456738583.0
1417,20,8,basic,578,470,81.31487889273356,373.5659574468085,122.42127659574469,758.1892311164902,277.7400515236391,36.63202273588695,534967818.0
1418,5,8,basic,579,289,49.91364421416235,884.7231833910034,118.33910034602076,190.87118433147776,142.8836484967101,74.85867968869005,720265055.0
1419,5,6,smart,565,273,48.31858407079646,1083.838827838828,125.82783882783883,191.20506120394967,136.4666365014223,71.37187459481503,708741215.0
1420,5,4,basic,564,298,52.836879432624116,1044.3154362416108,127.30201342281879,191.34507541248468,146.55689871198436,76.59298176138061,601135142.0
1421,20,4,smart,561,446,79.50089126559715,377.3340807174888,132.10538116591928,759.0096082447202,290.2986518974072,38.24703254663003,228056230.0
1422,15,4,basic,588,452,76.87074829931973,610.0818584070796,127.79424778761062,570.3429542629959,265.50867901087645,46.55246058995679,534967818.0
1423,15,4,smart,595,462,77.64705882352942,530.004329004329,132.66666666666666,571.8967661906802,291.058235087105,50.89349202405897,70952804.0
1424,15,6,basic,515,377,73.20388349514563,407.9442970822281,125.16710875331565,569.0245095365449,223.8878116276356,39.34589949560981,315111282.0
1425,15,6,smart,563,421,74.77797513321492,549.4465558194775,126.87410926365796,569.9445582226872,242.26882188261592,42.50743662473172,173249261.0
1426,15,6,smart,553,406,73.41772151898735,489.192118226601,124.16748768472907,570.2121446447863,241.09732404735018,42.28203946752866,305489378.0
1427,15,8,smart,575,450,78.26086956521739,444.74888888888887,124.38888888888889,570.2900046144673,269.07675736501227,47.18244317589189,442685285.0
1428,15,8,smart,566,449,79.3286219081272,418.53229398663694,119.51224944320712,570.292431503281,263.98946724926424,46.29019300736511,70952804.0
1429,15,8,basic,567,420,74.07407407407408,438.25714285714287,121.73809523809524,569.1578308143891,240.77342531508492,42.30345473250719,738646825.0
1430,5,6,basic,615,299,48.61788617886179,1022.0969899665552,120.22073578595318,191.3737493387133,142.56067965135804,74.49333053460704,884281372.0
1431,15,4,smart,533,407,76.36022514071294,514.2506142506143,130.1130221130221,570.5147565057754,253.96375927116517,44.51484494925492,676261138.0
1432,10,4,smart,505,345,68.31683168316832,627.7362318840579,122.47536231884058,381.4019616938906,201.74806010616413,52.89644007339561,655359215.0
1433,10,6,basic,578,382,66.08996539792388,536.8926701570681,119.13612565445027,381.0828065564602,205.60208351607966,53.95207550136961,390126418.0
1434,10,8,basic,532,359,67.4812030075188,564.5153203342618,115.93314763231197,380.4844136292459,202.47616717858838,53.21536439489648,442685285.0
1435,10,8,basic,559,361,64.57960644007156,610.8476454293628,118.59002770083103,380.7341786130756,200.63892426635627,52.69790198432837,533011683.0
1436,15,6,basic,586,427,72.86689419795222,422.6393442622951,120.81498829039812,569.7603749789605,245.68296488590502,43.12040213308575,770142391.0
1437,15,8,basic,585,441,75.38461538461539,526.3922902494331,123.63038548752834,563.1253523553506,256.2593059649549,45.5066185340643,770142391.0
1438,10,4,smart,558,399,71.50537634408603,665.2080200501254,127.94736842105263,381.8802883091086,228.98763155045108,59.96319751521181,173249261.0
1439,20,6,basic,594,451,75.92592592592592,373.980044345898,125.80931263858093,758.4755307896719,273.87897858060967,36.10913832585554,922285065.0
1440,5,6,smart,519,266,51.252408477842,971.4398496240601,122.95112781954887,191.02252411632693,133.25831023821812,69.76052214505752,112043825.0
1441,15,8,basic,591,419,70.89678510998309,462.2386634844869,115.36515513126491,568.9108827012923,234.4926471273019,41.21781710588628,367405145.0
1442,15,4,smart,559,435,77.8175313059034,515.5218390804598,126.10114942528736,570.5647264213002,264.40321559210076,46.34061717247968,460669441.0
1443,20,4,basic,556,466,83.81294964028777,371.45064377682405,130.87339055793993,758.8974793355436,291.3252750638887,38.38796187845557,433448262.0
1444,5,6,smart,545,277,50.825688073394495,1047.7184115523467,130.61371841155236,191.41630056045685,143.35157311625952,74.88995069726751,783435377.0
1445,5,8,basic,595,290,48.739495798319325,904.3448275862069,118.89310344827587,191.39892356014388,145.28392107639004,75.90634177769398,8501172.0
1446,10,4,basic,559,335,59.92844364937389,641.5641791044776,120.71940298507462,380.82837411915835,195.2161428824617,51.26092385683951,228056230.0
1447,20,6,smart,544,438,80.51470588235294,307.0228310502283,124.23972602739725,758.0630970941878,271.31144642707153,35.790087588627415,655359215.0
1448,10,6,basic,543,383,70.5340699815838,643.7075718015666,126.83289817232377,381.49649109915555,223.95681488243974,58.7048164551088,383864777.0
1449,10,4,smart,568,377,66.37323943661971,669.9787798408488,130.89124668435014,381.4461538876897,220.98643100311907,57.93384695345093,153044519.0
1450,15,4,smart,561,416,74.15329768270945,476.5817307692308,125.74278846153847,570.3814053716278,259.48929258167715,45.493995796130285,433498721.0
1451,20,8,smart,560,454,81.07142857142857,357.568281938326,127.068281938326,758.293560314624,278.6526500791611,36.74733172777376,481660159.0
1452,10,8,basic,584,393,67.2945205479452,711.2391857506361,120.83715012722647,380.89668135212594,212.2998834693657,55.736868779148466,362523190.0
1453,5,4,basic,552,266,48.188405797101446,842.4097744360902,118.8984962406015,191.16361729724375,139.73181510201613,73.09540229338965,316514901.0
1454,15,4,basic,550,392,71.27272727272728,460.734693877551,123.43622448979592,569.5963269027704,233.7990228887202,41.046441461450904,708741215.0
1455,15,4,smart,559,435,77.8175313059034,432.52183908045976,129.42528735632183,570.9115724928838,270.58086851449923,47.39453210468455,738646825.0
1456,10,6,basic,577,385,66.72443674176776,654.2675324675324,118.67792207792208,381.1334651377116,211.43573335909278,55.47550994576049,62156218.0
1457,20,4,smart,556,471,84.71223021582733,342.68577494692147,131.54989384288749,759.7005333185257,306.2765795245231,40.3154356344394,878640559.0
1458,15,4,smart,567,436,76.89594356261023,489.158256880734,128.204128440367,570.7490777343045,266.3599917729827,46.66849271668535,884281372.0
1459,20,8,smart,577,479,83.0155979202773,309.86638830897704,122.07306889352819,758.7383682028053,297.73394346519945,39.2406600143908,481403749.0
1460,10,8,smart,563,382,67.85079928952042,728.4947643979058,122.86387434554973,380.6584478109315,210.3060405961131,55.24796357614783,948896778.0
1461,10,4,basic,577,361,62.56499133448874,779.6371191135734,129.5180055401662,381.1040750409176,206.48531269866817,54.1808199443941,367405145.0
1462,5,8,basic,561,300,53.475935828877006,974.3966666666666,115.22,191.33207192810923,142.74724481757622,74.60706580923444,653495709.0
1463,5,8,smart,581,286,49.225473321858864,903.2237762237762,115.38111888111888,191.30996016257106,142.05910975101534,74.2559925423102,173249261.0
1464,5,4,smart,567,289,50.970017636684304,1037.1314878892733,126.17301038062284,191.4509358325193,143.00476331606652,74.69525426669456,653495709.0
1465,10,6,smart,518,366,70.65637065637065,512.188524590164,119.20491803278688,380.6034404753434,201.74992468996965,53.007908819216155,112043825.0
1466,15,8,basic,576,434,75.34722222222221,483.85023041474653,120.83179723502305,569.4142284049641,246.51672706855703,43.293039543303394,878640559.0
1467,20,8,smart,546,451,82.6007326007326,324.37250554323725,125.67849223946784,758.3767564984115,278.96114753727653,36.783979090458956,350929302.0
1468,5,6,smart,569,276,48.50615114235501,934.2355072463768,112.98550724637681,190.81893275449394,124.80475791878598,65.40480869335893,187959148.0
1469,15,8,smart,541,432,79.85212569316081,423.0787037037037,122.50231481481481,570.650636171601,260.80749486232475,45.703531781203,671082961.0
1470,15,8,smart,560,450,80.35714285714286,510.1088888888889,126.94,570.8622082040533,272.33552720913195,47.706000378954194,383864777.0
1471,20,6,smart,541,431,79.66728280961183,422.6009280742459,126.415313225058,758.2368795478226,267.2702491290652,35.248911829302315,362523190.0
1472,20,8,smart,564,484,85.81560283687944,347.83264462809916,123.71900826446281,758.5010119850593,298.5601668815908,39.361867969066296,922285065.0
1473,5,8,basic,556,277,49.82014388489209,989.5415162454874,121.18772563176896,191.446593322795,142.40357146617123,74.3829226702754,708741215.0
1474,15,6,smart,548,437,79.74452554744525,447.9885583524027,124.20137299771167,570.2328798582782,255.41284729050548,44.790971603388435,532925674.0
1475,20,8,basic,543,424,78.08471454880295,372.8938679245283,123.99292452830188,757.9887615806442,260.8519465326225,34.41369578998301,119596844.0
1476,20,8,smart,595,479,80.50420168067227,351.21711899791234,124.3089770354906,759.3078835362502,296.89752988644096,39.101073006608225,260244418.0
1477,20,8,basic,524,446,85.1145038167939,438.12780269058294,124.33408071748879,757.6438956307077,263.6881049300966,34.80369952833672,572435721.0
1478,5,6,basic,541,266,49.16820702402958,934.8947368421053,127.57894736842105,191.3281382501157,141.06112656427732,73.72732931727673,676261138.0
1479,10,6,basic,549,376,68.48816029143899,540.4574468085107,124.64627659574468,381.1943010686246,214.67077442076987,56.31531579012869,442685285.0
1480,20,6,basic,560,419,74.82142857142857,420.7303102625298,124.85441527446301,758.041403526629,264.6152708663714,34.90775960723309,708741215.0
1481,10,4,basic,598,401,67.05685618729098,726.5561097256858,125.0349127182045,382.0561292750009,227.48329295597625,59.541851451946116,274970204.0
1482,15,6,smart,541,423,78.18853974121997,522.4964539007092,132.31914893617022,570.4817078258046,257.79993577611117,45.18986888442527,676261138.0
1483,15,8,smart,584,449,76.88356164383562,527.011135857461,127.37639198218262,569.9092477416209,267.326751871536,46.90689841073321,62156218.0
1484,20,8,smart,588,485,82.48299319727892,357.2618556701031,128.58969072164948,759.5939536327543,306.24713500436417,40.31721599938214,48265950.0
1485,15,6,basic,562,400,71.17437722419929,521.215,122.8975,569.571092904073,239.75108736108436,42.093268135969666,708741215.0
1486,20,6,smart,610,484,79.34426229508198,395.81404958677683,129.8305785123967,760.1060967493524,312.643818984036,41.13160259088559,884281372.0
1487,10,4,smart,540,390,72.22222222222221,713.2923076923076,123.64871794871794,381.5840455371123,219.69868877087322,57.575438842477936,930593199.0
1488,10,6,smart,597,393,65.82914572864321,667.0763358778626,125.10687022900764,381.68352010087233,221.6440692109271,58.070117659874455,922285065.0
1489,20,4,smart,544,452,83.08823529411765,358.6592920353982,132.98893805309734,759.2174586835737,293.7942303530124,38.696980291052526,383864777.0
1490,10,4,basic,559,371,66.3685152057245,753.2291105121294,124.52021563342318,381.5145812621137,218.3540415692971,57.233472138062346,922285065.0
1491,20,8,smart,558,455,81.54121863799283,378.84615384615387,126.55164835164835,758.3373029613809,274.9730873862806,36.25999753836241,783435377.0
1492,5,8,smart,547,285,52.10237659963437,928.8877192982457,124.54736842105264,191.25748828441098,139.91287012249322,73.15419196263555,194642212.0
1493,15,6,smart,533,422,79.17448405253283,458.90047393364927,127.93601895734596,570.5382884310438,259.2282776959129,45.43573725941859,62156218.0
1494,10,4,smart,553,385,69.62025316455697,687.1558441558442,125.26233766233766,381.6423887377414,215.1631463441361,56.378209730783546,34346284.0
1495,10,4,smart,547,376,68.73857404021938,611.313829787234,123.84574468085107,381.6598825853106,218.24726794149282,57.183706724195474,268048516.0
1496,15,8,smart,578,443,76.64359861591696,510.0180586907449,119.9255079006772,569.6409818012346,242.95199228697967,42.65001993338905,187959148.0
1497,10,8,basic,575,404,70.26086956521739,574.7797029702971,121.45049504950495,381.13651321693885,222.72116204590213,58.436060131329285,456738583.0
1498,10,4,basic,568,363,63.90845070422535,634.0110192837466,123.55371900826447,381.13194590521454,212.60627172925544,55.78285263501095,153044519.0
1499,5,6,basic,562,261,46.44128113879004,885.8352490421456,122.40229885057471,190.9767779155012,135.4709100626018,70.93580253120706,456738583.0
1500,20,4,smart,574,475,82.75261324041811,402.90526315789475,128.31157894736842,759.3399652716296,301.9036812381967,39.75869769085581,979009661.0
1501,10,6,basic,515,331,64.27184466019418,569.6918429003022,115.42900302114803,380.82103747027924,189.16524003768117,49.673001600507526,228056230.0
1502,10,8,smart,545,349,64.03669724770641,485.20343839541545,109.44126074498567,380.48707408898247,189.92963533462913,49.917500033184126,292906152.0
1503,20,8,basic,564,459,81.38297872340425,335.4052287581699,119.99128540305011,758.0716325889871,267.52237928475745,35.28985491398849,922285065.0
1504,10,4,basic,545,348,63.853211009174316,576.4166666666666,124.6867816091954,381.3847426599797,200.4941267567006,52.570043929483944,481403749.0
1505,15,6,basic,548,410,74.81751824817519,402.2317073170732,119.93414634146342,569.5989127999342,237.6092531742885,41.71518727209129,532925674.0
1506,10,4,basic,565,370,65.48672566371681,614.3405405405406,124.4027027027027,380.9973213236234,205.09689312759184,53.83158401614594,653495709.0
1507,10,6,smart,583,402,68.95368782161235,703.2835820895523,122.61940298507463,381.26311206726837,223.30473735802008,58.56972004116181,481660159.0
1508,20,4,smart,537,455,84.72998137802608,414.91648351648354,130.55824175824176,758.8960675980729,288.1138655400073,37.964864734626396,930593199.0
1509,20,6,basic,595,484,81.34453781512605,320.4814049586777,124.17768595041322,758.7589342304016,287.3785303734112,37.87481338389711,367405145.0
1510,15,4,smart,539,397,73.65491651205936,442.7052896725441,128.53148614609572,570.0588426413703,248.70791957156192,43.62846446152341,755568905.0
1511,10,4,smart,553,390,70.5244122965642,649.4846153846154,120.82564102564102,381.65943342019244,221.13449133700854,57.940266104610586,305489378.0
1512,20,6,basic,551,420,76.22504537205081,340.5547619047619,123.9452380952381,758.2140354125679,256.6785875489477,33.8530514552241,485221178.0
1513,20,6,basic,586,454,77.47440273037543,401.9295154185022,124.3546255506608,757.8521079752264,265.54877923978904,35.03965700501418,390126418.0
1514,15,6,smart,566,451,79.68197879858657,580.9512195121952,127.69179600886918,571.173375990573,271.000001259506,47.4461893097725,433448262.0
1515,15,4,smart,581,424,72.9776247848537,438.03537735849056,127.29245283018868,570.5394047440425,258.9481192546529,45.38654422490296,153354925.0
1516,15,4,smart,559,428,76.56529516994634,495.94158878504675,130.72663551401868,570.5215981321395,269.7237583468965,47.27669543623926,948896778.0
1517,10,6,basic,544,369,67.83088235294117,667.0460704607046,123.14634146341463,381.2872052530231,211.05743870106863,55.353926329893596,8501172.0
1518,15,6,basic,571,389,68.1260945709282,467.2030848329049,120.41131105398458,569.6513200020286,232.26514077029157,40.773212071107714,460669441.0
1519,20,6,smart,521,434,83.30134357005758,346.79953917050693,127.87096774193549,758.0059689165021,267.5606624472275,35.297962472469735,316514901.0
1520,5,8,basic,533,259,48.592870544090054,965.7413127413128,118.35521235521236,190.8785371829387,129.67448321353982,67.93560194211847,805309175.0
1521,10,6,smart,568,390,68.66197183098592,705.0512820512821,122.17948717948718,381.5884255321143,223.54022442902226,58.581500242650634,930593199.0
1522,5,4,basic,574,267,46.51567944250871,919.1722846441947,123.48689138576779,191.04443996898812,138.61052010936612,72.55407178134392,153354925.0
1523,5,8,smart,596,297,49.832214765100666,1119.6262626262626,119.64309764309765,191.41150796858048,143.6332046340073,75.0389598610676,481660159.0
1524,10,8,smart,547,385,70.38391224862889,577.4493506493507,119.36883116883116,381.3795391019624,213.54669285343942,55.99322222589067,532925674.0
1525,10,6,smart,585,395,67.52136752136752,603.8886075949367,122.46075949367089,381.17560634857654,218.94101971962453,57.43836071173135,470148314.0
1526,20,4,basic,557,431,77.37881508078995,355.76102088167056,132.41531322505801,758.7180835219826,285.49862893488194,37.629079250304976,158944640.0
1527,10,6,smart,515,365,70.87378640776699,634.4082191780822,129.38630136986302,381.2642331673003,208.19466038631333,54.6063968961276,315111282.0
1528,10,4,smart,575,373,64.8695652173913,557.798927613941,123.15013404825737,381.540590029227,212.47051234487535,55.6875252325315,48265950.0
1529,5,6,smart,530,267,50.37735849056604,1001.5655430711611,119.59925093632958,191.25141353798045,134.1424503522144,70.13932491828363,533011683.0
1530,5,8,smart,580,291,50.172413793103445,1204.274914089347,130.32302405498282,191.21529208487343,141.31471112243938,73.90345697859509,367405145.0
1531,10,6,basic,531,360,67.79661016949152,592.0972222222222,121.01944444444445,380.78356020290755,196.51444526799497,51.607912159673766,268048516.0
1532,15,6,smart,562,420,74.73309608540926,439.8809523809524,120.62142857142857,569.8503807353756,246.7729931942979,43.304874671812,34346284.0
1533,10,8,smart,560,371,66.25,643.8409703504043,130.1967654986523,381.71447559016127,216.0720398529636,56.605670905956295,390126418.0
1534,5,4,smart,562,279,49.644128113879006,926.5340501792115,122.34408602150538,191.53276424636053,143.5735608917316,74.96031368662283,460669441.0
1535,20,6,smart,573,463,80.80279232111693,351.50539956803453,124.62203023758099,758.4622973566369,280.97764237590184,37.045696714939446,805309175.0
1536,15,4,basic,555,415,74.77477477477478,440.59277108433736,123.20722891566265,569.5826621259937,250.1549565645867,43.918990727504195,783435377.0
1537,20,4,smart,544,430,79.04411764705883,342.40232558139536,132.44418604651162,758.3365697543258,282.7878898686173,37.29055160299477,62156218.0
1538,5,6,smart,578,308,53.28719723183391,1041.9577922077922,130.91883116883116,191.75179749248036,151.92314581923998,79.22905954777177,805309175.0
1539,20,4,smart,562,477,84.87544483985765,381.74004192872115,131.9308176100629,759.240473714844,304.2081631909623,40.067432351507776,194642212.0
1540,5,6,smart,533,266,49.906191369606,934.8082706766917,129.04135338345864,191.48246367130312,137.86702908041818,71.9998199506558,268048516.0
1541,10,4,basic,553,390,70.5244122965642,659.9641025641025,121.1974358974359,381.24861114826587,215.57263542166714,56.54384806082137,305489378.0
1542,5,6,basic,537,261,48.60335195530726,960.7394636015325,128.11877394636016,191.56229721626448,136.56309761312627,71.2891313153095,70952804.0
1543,10,4,basic,574,369,64.28571428571429,566.4444444444445,123.69647696476964,381.14705681113657,213.56646811605884,56.03256388829572,362523190.0
1544,20,4,basic,542,434,80.07380073800738,435.28801843317973,130.13824884792626,758.1063164694713,279.3996717750776,36.85494576489641,315111282.0
1545,15,6,smart,543,420,77.34806629834254,421.16190476190474,123.42142857142858,569.6677265737233,249.0008346012961,43.709836977937314,930593199.0
1546,20,6,basic,504,402,79.76190476190477,404.69900497512435,125.18656716417911,757.1655189902633,243.33912272998143,32.13816749797221,755568905.0
1547,5,6,smart,548,276,50.36496350364964,1013.786231884058,128.7463768115942,191.24834032003056,138.2363200592554,72.28105604887024,852052273.0
1548,20,4,basic,560,439,78.39285714285714,449.28018223234625,134.2756264236902,757.8521152866045,275.64207525669065,36.37148590031293,948896778.0
1549,20,6,basic,542,409,75.46125461254613,445.6112469437653,124.88264058679707,757.3394006793469,242.40620546945777,32.00760521003068,173249261.0
1550,20,8,smart,561,485,86.45276292335116,299.47835051546394,125.47216494845361,758.9430406917712,290.57903626250703,38.28733128610631,597572982.0
1551,15,6,basic,516,375,72.67441860465115,402.07733333333334,117.49333333333334,568.7864572803954,222.0294650389504,39.03564548645648,112043825.0
1552,10,8,smart,575,407,70.78260869565217,660.5749385749385,123.38574938574939,381.86210809309193,223.1462324874852,58.436338080730884,530467456.0
1553,15,6,basic,556,413,74.28057553956835,488.0314769975787,118.11138014527845,569.7672184161208,238.50659955356363,41.8603583787395,534967818.0
1554,15,8,smart,589,452,76.7402376910017,503.8075221238938,123.29646017699115,570.4076841463225,263.2129975509843,46.144714537797896,485221178.0
1555,5,8,basic,502,258,51.39442231075697,1033.2403100775193,118.06589147286822,191.0792258657487,132.60347664765288,69.3971184187335,755568905.0
1556,20,4,smart,548,463,84.48905109489051,391.37149028077755,133.82505399568035,759.2490647903039,299.1258556443471,39.39759290015883,272813683.0
1557,10,6,basic,512,349,68.1640625,684.3008595988539,115.7134670487106,380.5682687811552,188.95995730783955,49.65205268243224,158944640.0
1558,20,4,basic,588,455,77.38095238095238,391.43736263736264,131.87252747252748,758.9039267508539,284.7734817165816,37.524312587997976,70952804.0
1559,5,6,smart,537,278,51.76908752327747,975.2086330935252,127.66906474820144,191.2012034433859,140.26196719457164,73.35830772430404,433498721.0
1560,5,8,basic,561,273,48.663101604278076,922.2673992673992,118.0915750915751,191.427111368954,138.68156705011225,72.44614728726657,533011683.0
1561,5,4,smart,550,271,49.27272727272727,1094.1328413284132,129.46125461254613,190.94814729301717,136.30938538970892,71.38555012033555,442685285.0
1562,15,4,smart,550,447,81.27272727272728,502.6308724832215,129.7785234899329,571.4743493775384,284.45915728350656,49.77636486980479,481660159.0
1563,20,4,smart,589,482,81.83361629881153,415.15767634854774,134.29253112033194,759.9726973672508,308.35596221041396,40.57461054570008,390126418.0
1564,15,8,smart,585,461,78.80341880341881,461.35357917570497,127.20824295010846,570.6504381941824,271.7587787792476,47.62263560845157,770142391.0
1565,15,4,basic,567,406,71.60493827160494,528.4433497536946,130.20443349753694,570.1845550968869,255.44757405065772,44.80085820761166,153044519.0
1566,5,6,smart,559,288,51.52057245080501,1056.7222222222222,128.70138888888889,191.34207642513192,143.8429892161483,75.17582745185217,590926899.0
1567,5,8,basic,570,287,50.35087719298246,985.1149825783972,118.6411149825784,191.20394191334813,144.6599610980379,75.65741566332167,738646825.0
1568,20,4,smart,532,464,87.21804511278195,310.69181034482756,131.9418103448276,758.6983665538318,301.21218508448067,39.70117748541493,481660159.0
1569,15,6,smart,597,453,75.87939698492463,454.00220750551875,124.37527593818984,570.7438930587282,267.0981929408546,46.79825683450122,367405145.0
1570,15,6,smart,542,417,76.93726937269373,420.1534772182254,127.84172661870504,570.2686473938234,255.34725856620614,44.7766609181769,783435377.0
1571,20,4,smart,548,458,83.57664233576642,429.98908296943233,127.49563318777292,758.9979458697461,287.12461369911375,37.8294322483434,597572982.0
1572,10,4,smart,572,386,67.48251748251748,642.0569948186528,123.55699481865285,381.5139676419333,221.21660866785365,57.983881962474996,433498721.0
1573,15,4,basic,566,428,75.61837455830388,450.27570093457945,122.77803738317758,570.2553058037071,262.32316729981113,46.00100422215236,930593199.0
1574,15,4,basic,572,429,75.0,490.5081585081585,126.92307692307692,570.7294728910384,261.0688114906758,45.7430050297259,362523190.0
1575,10,6,basic,539,345,64.0074211502783,606.4289855072464,126.46376811594203,381.1065331878687,204.7798102562784,53.7329571716712,878640559.0
1576,15,6,smart,528,404,76.51515151515152,505.08168316831683,125.38118811881188,569.4500456624627,237.9362512023704,41.78351604583159,533011683.0
1577,15,8,basic,572,450,78.67132867132867,435.62444444444446,119.78666666666666,569.8375726327896,254.81334891242727,44.71683882393486,601135142.0
1578,10,4,basic,561,378,67.37967914438502,602.5793650793651,119.72222222222223,381.5860758683884,217.41515439978824,56.976700186192375,112043825.0
1579,10,6,smart,565,389,68.84955752212389,593.388174807198,121.93573264781492,381.29915080936047,215.89993063457632,56.62219026092733,653495709.0
1580,15,8,smart,547,419,76.59963436928702,440.16229116945107,124.66587112171838,570.2309802372216,244.9843088593603,42.962293763387684,350929302.0
1581,5,8,basic,565,274,48.49557522123894,939.7810218978102,109.97810218978103,191.06764894422756,134.8404648294386,70.57210656776249,979009661.0
1582,10,8,basic,549,345,62.841530054644814,474.41449275362316,112.0,380.84979668624493,194.23913120189687,51.00150581461822,350929302.0
1583,20,6,basic,543,446,82.13627992633518,368.10762331838566,127.77802690582959,757.8626423050201,272.74827895509134,35.98914417070807,948896778.0
1584,20,4,smart,585,486,83.07692307692308,368.27366255144034,132.86008230452674,759.8132853595988,308.62004574116617,40.61787964066787,533011683.0
1585,15,6,smart,532,424,79.69924812030075,503.79952830188677,128.56132075471697,570.1898186933566,254.9362354288997,44.7107659714286,8501172.0
1586,20,6,smart,581,486,83.64888123924268,377.8065843621399,126.2448559670782,759.2153581103092,299.6584015381858,39.469486271199386,481660159.0
1587,15,4,basic,554,402,72.56317689530685,480.75373134328356,130.8955223880597,570.8860248232459,254.56929188024543,44.59196421195695,481403749.0
1588,10,6,smart,574,408,71.0801393728223,620.2622549019608,120.15686274509804,381.83145359552435,226.24318664568491,59.25210836227893,532925674.0
1589,15,8,smart,591,429,72.58883248730965,438.35431235431236,118.7995337995338,569.7875520830855,246.0792782901983,43.18790001476119,367405145.0
1590,5,8,smart,550,279,50.727272727272734,1039.562724014337,127.88172043010752,191.63117823795173,146.8000489922419,76.60551395762842,158944640.0
1591,20,8,smart,539,467,86.64192949907236,367.9850107066381,127.06423982869379,759.0392357724803,289.3222374053489,38.116901441979266,671082961.0
1592,5,4,smart,566,284,50.17667844522968,1067.369718309859,126.44366197183099,191.69313141435956,151.81511284942314,79.19694969209044,805309175.0
1593,5,6,smart,562,285,50.71174377224199,959.8526315789474,134.71929824561403,191.16480204525573,142.7184014269917,74.6572590247053,456738583.0
1594,15,6,smart,513,390,76.0233918128655,508.68461538461537,126.6948717948718,570.2602148345809,242.1557705948586,42.464082938891735,228056230.0
1595,20,4,basic,610,498,81.63934426229508,325.1666666666667,126.37951807228916,758.6999405978784,307.63092584795083,40.54711347486444,116942809.0
1596,5,4,smart,566,284,50.17667844522968,1086.4330985915492,129.79577464788733,191.2581725176884,144.67285100250587,75.6427027917596,260244418.0
1597,20,4,smart,544,447,82.16911764705883,392.9440715883669,134.94407158836688,759.2968836797081,293.88281772699077,38.70459948456189,187959148.0
1598,20,8,smart,564,460,81.56028368794325,339.454347826087,127.31739130434782,758.8035001083821,283.2363603424893,37.32670715172424,292906152.0
1599,15,8,basic,546,406,74.35897435897436,420.9088669950739,116.60837438423646,569.1882272991728,233.83998616677707,41.0830679468477,532925674.0
1600,15,6,smart,538,408,75.8364312267658,501.55392156862746,126.24754901960785,570.3081196819224,251.11763999271923,44.031924380241136,601135142.0
1601,10,8,smart,581,389,66.95352839931154,626.9820051413882,122.29562982005142,381.52246039210064,223.66624050667957,58.62465876237324,274970204.0
1602,15,8,smart,564,436,77.30496453900709,461.3463302752294,123.6559633027523,570.0303097781756,257.25327547890646,45.12975381590065,260244418.0
1603,20,8,basic,581,470,80.89500860585198,332.84893617021277,121.72127659574468,757.5953671319767,274.8473396707507,36.27890977095575,362523190.0
1604,15,4,smart,560,448,80.0,494.24776785714283,132.43526785714286,570.9754963176808,271.7004440022476,47.58530720748797,601135142.0
